Indexing opening suite...
Started game 1 of 16 (A vs B)
Started game 2 of 16 (B vs A)
Started game 3 of 16 (A vs B)
Started game 5 of 16 (A vs B)
Started game 4 of 16 (B vs A)
Warning; Bestmove does not match beginning of last PV - move e2e4 from B
Info; info depth 13 seldepth 21 multipv 1 score cp 23 nodes 94759 nps 314813 hashfull 25 tbhits 0 time 301 pv d2d4 d7d5 c2c4 g8f6 c4d5 c6d5 c1f4 e7e6 e2e3
Position; fen rnbqkbnr/pp1pppp1/2p4p/8/7P/5N2/PPPPPPP1/RNBQKB1R w KQkq - 0 3
Moves; 
Warning; Bestmove does not match beginning of last PV - move d7d5 from B
Info; info depth 14 seldepth 16 multipv 1 score cp 463 nodes 50629 nps 167645 hashfull 16 tbhits 0 time 302 pv h6g5 e2e4 d7d6 d2d4 g5g4 b1c3 g8f6 c1g5 e7e5 d4e5 d6e5 d1d8 e8d8
Position; fen rnbqkbnr/pp1pppp1/2p4p/8/7P/5N2/PPPPPPP1/RNBQKB1R w KQkq - 0 3
Moves; f3g5
Warning; Bestmove does not match beginning of last PV - move d7d5 from B
Info; info depth 11 seldepth 30 multipv 1 score cp 146 nodes 83815 nps 274803 hashfull 29 tbhits 0 time 305 pv c7c6 b5c3 d7d5 e2e4 f8c5 f3f4 d8b6 g1f3 c5f2 e1e2 g8f6 f4e5 d5e4 e5f6 e4f3 g2f3
Position; fen rnbqkbnr/1ppp1ppp/8/p3p3/8/2N2P2/PPPPP1PP/R1BQKBNR w KQkq - 0 3
Moves; c3b5
Warning; Bestmove does not match beginning of last PV - move a3b5 from B
Info; info depth 13 seldepth 20 multipv 1 score cp 304 nodes 72172 nps 240573 hashfull 29 tbhits 0 time 300 pv e4f5 g8f6 f1e2 e7e5 e2h5 e8e7 f2f4 b8c6 f4e5 c6e5 g1f3 f6h5 f3e5 h5f6 a3b5
Position; fen rnbqkbnr/p1ppp1pp/1p6/5p2/8/N2P4/PPP1PPPP/R1BQKBNR w KQkq - 0 3
Moves; e2e4 b6b5
Warning; Bestmove does not match beginning of last PV - move d2d3 from B
Info; info depth 12 seldepth 22 multipv 1 score cp 78 nodes 88259 nps 294196 hashfull 32 tbhits 0 time 300 pv d2d4 d7d5 e4d5 c6d5 c2c4 d5c4 f1c4 g8f6 b1c3 e7e6 e1g1 f8e7 c1e3 e8g8 d4d5 b6b2 a1c1 e6d5 c3d5 f6d5
Position; fen rnbqkbnr/pp1pppp1/2p4p/8/7P/5N2/PPPPPPP1/RNBQKB1R w KQkq - 0 3
Moves; e2e4 d8b6
Warning; Bestmove does not match beginning of last PV - move e7e6 from B
Info; info depth 15 seldepth 17 multipv 1 score cp 516 nodes 51127 nps 169294 hashfull 16 tbhits 0 time 302 pv h6g5 e2e4 e7e5 d2d4 d5e4 f1c4 g5h4 a4a5 d8d4 d1d4 e5d4
Position; fen rnbqkbnr/pp1pppp1/2p4p/8/7P/5N2/PPPPPPP1/RNBQKB1R w KQkq - 0 3
Moves; f3g5 d7d5 a2a4
Warning; Bestmove does not match beginning of last PV - move b8c6 from B
Info; info depth 13 seldepth 24 multipv 1 score cp 68 nodes 92581 nps 307578 hashfull 24 tbhits 0 time 301 pv c8b7 g1f3 f8a3 b2a3 b8c6 f1g2 d7d6 e2e4 f5e4 f3g5 d8d7
Position; fen rnbqkbnr/p1ppp1pp/1p6/5p2/8/N2P4/PPP1PPPP/R1BQKBNR w KQkq - 0 3
Moves; c2c3 e7e6 g2g3
Warning; Bestmove does not match beginning of last PV - move c2c3 from B
Info; info depth 15 seldepth 17 multipv 1 score cp 335 nodes 65820 nps 218671 hashfull 25 tbhits 0 time 301 pv e4f5 c7c6 b5d4 g8f6 f1e2 c6c5 d4b3 d7d5 e2h5 g7g6 f5g6 f8g7 g6h7 e8f8 h5e2
Position; fen rnbqkbnr/p1ppp1pp/1p6/5p2/8/N2P4/PPP1PPPP/R1BQKBNR w KQkq - 0 3
Moves; e2e4 b6b5 a3b5 b8a6
Warning; Bestmove does not match beginning of last PV - move d8e7 from B
Info; info depth 17 seldepth 23 multipv 1 score cp 534 nodes 98088 nps 326960 hashfull 29 tbhits 0 time 300 pv c8e6 g2g3 f8d6 f1g2 g8f6 e1g1 d6c7 d2d3 e8g8 f1e1 f8e8 a4a5
Position; fen rnbqkbnr/pp1pppp1/2p4p/8/7P/5N2/PPPPPPP1/RNBQKB1R w KQkq - 0 3
Moves; f3g5 d7d5 a2a4 e7e6 g5e6
Warning; Bestmove does not match beginning of last PV - move f8e7 from B
Info; info depth 16 seldepth 22 multipv 1 score cp 599 nodes 84455 nps 279652 hashfull 28 tbhits 0 time 302 pv b8c6 e2e3 g8f6 g1e2 f8e7 d2d4 e8g8 e2c3 e7b4 a2a3 b4c3 b2c3 f8e8 f1e2
Position; fen rnbqkbnr/1ppp1ppp/8/p3p3/8/2N2P2/PPPPP1PP/R1BQKBNR w KQkq - 0 3
Moves; c3b5 d7d5 b5c7 d8c7 a1b1
Warning; Bestmove does not match beginning of last PV - move g8e7 from B
Info; info depth 15 seldepth 20 multipv 1 score cp 544 nodes 72303 nps 241010 hashfull 24 tbhits 0 time 300 pv d8g5 a3b5 g5d8 f1g2 g8f6 b5d4 c8b7 d4c6 b7c6 g2c6 d7c6
Position; fen rnbqkbnr/p1ppp1pp/1p6/5p2/8/N2P4/PPP1PPPP/R1BQKBNR w KQkq - 0 3
Moves; c2c3 e7e6 g2g3 b8c6 c1g5
Warning; Bestmove does not match beginning of last PV - move f7e6 from B
Info; info depth 16 seldepth 18 multipv 1 score cp 550 nodes 54476 nps 179197 hashfull 16 tbhits 0 time 304 pv c8e6 g2g3 e7d7 f1g2 f8e7 a2a1 c6c5 d2d3 g8f6
Position; fen rnbqkbnr/pp1pppp1/2p4p/8/7P/5N2/PPPPPPP1/RNBQKB1R w KQkq - 0 3
Moves; f3g5 d7d5 a2a4 e7e6 g5e6 d8e7 a1a2
Warning; Bestmove does not match beginning of last PV - move e8e7 from B
Info; info depth 12 seldepth 23 multipv 1 score cp 52 nodes 71332 nps 237773 hashfull 29 tbhits 0 time 300 pv d8e7 a3b5 d7d5 f1g2 c8b7 d1a4 e7d7 g1f3 a7a6 b5d4 e6e5 d4c6 b7c6 a4c2 f8d6 e2e3
Position; fen rnbqkbnr/p1ppp1pp/1p6/5p2/8/N2P4/PPP1PPPP/R1BQKBNR w KQkq - 0 3
Moves; c2c3 e7e6 g2g3 b8c6 c1g5 g8e7 g5e7
Warning; Bestmove does not match beginning of last PV - move g1f3 from B
Info; info depth 15 seldepth 24 multipv 1 score cp 379 nodes 60702 nps 198372 hashfull 21 tbhits 0 time 306 pv d4f5 d7d5 f5g3 d5e4 g3e4 g8f6 d1c2 g7g6 g1f3 f8g7 f1e2 e8g8 e1g1 f6e4 d3e4
Position; fen rnbqkbnr/p1ppp1pp/1p6/5p2/8/N2P4/PPP1PPPP/R1BQKBNR w KQkq - 0 3
Moves; e2e4 b6b5 a3b5 b8a6 c2c3 c7c6 b5d4 a8b8
Warning; Bestmove does not match beginning of last PV - move c1d2 from B
Info; info depth 13 seldepth 18 multipv 1 score cp 129 nodes 71757 nps 237605 hashfull 20 tbhits 0 time 302 pv c2c3 b4a3 b2a3 d7d6 h1h3 e6e5 h3g3 g8f6 g3g7 f6e4
Position; fen rnbqkbnr/pp1pppp1/2p4p/8/7P/5N2/PPPPPPP1/RNBQKB1R w KQkq - 0 3
Moves; e2e4 d8b6 d2d3 a7a5 b1a3 e7e6 d3d4 f8b4
Warning; Bestmove does not match beginning of last PV - move c8e6 from B
Info; info depth 15 seldepth 22 multipv 1 score cp 632 nodes 76569 nps 255230 hashfull 24 tbhits 0 time 300 pv g8f6 e2e3 d5d4 e3d4 e5d4 g1e2 d4d3 e2d4
Position; fen rnbqkbnr/1ppp1ppp/8/p3p3/8/2N2P2/PPPPP1PP/R1BQKBNR w KQkq - 0 3
Moves; c3b5 d7d5 b5c7 d8c7 a1b1 f8e7 b1a1 b8c6 c2c3
Warning; Bestmove does not match beginning of last PV - move e7f7 from B
Info; info depth 16 seldepth 19 multipv 1 score cp 513 nodes 67657 nps 224774 hashfull 20 tbhits 0 time 301 pv e6e5 d1h5 e8d8 a4a5 g8f6 h5g6 c8e6 f1e2 e7f7 g6f7 e6f7 e1g1
Position; fen rnbqkbnr/pp1pppp1/2p4p/8/7P/5N2/PPPPPPP1/RNBQKB1R w KQkq - 0 3
Moves; f3g5 d7d5 a2a4 e7e6 g5e6 d8e7 a1a2 f7e6 e2e3
Warning; Bestmove does not match beginning of last PV - move g8h6 from B
Info; info depth 16 seldepth 22 multipv 1 score cp 680 nodes 83889 nps 279630 hashfull 27 tbhits 0 time 300 pv d5d4 b3a4 g8f6 e2e4 e8g8 f1b5 f8d8 a4c2 h7h6 g1e2 f6d7 e1g1
Position; fen rnbqkbnr/1ppp1ppp/8/p3p3/8/2N2P2/PPPPP1PP/R1BQKBNR w KQkq - 0 3
Moves; c3b5 d7d5 b5c7 d8c7 a1b1 f8e7 b1a1 b8c6 c2c3 c8e6 d1b3
Warning; Bestmove does not match beginning of last PV - move f7f6 from B
Info; info depth 11 seldepth 11 multipv 1 score cp 133 nodes 43403 nps 144196 hashfull 12 tbhits 0 time 301 pv g7g6 h5e2 f8a3 b2a3 c8b7 f1g2 f7e8 g1f3 d8e7 e2b2
Position; fen rnbqkbnr/p1ppp1pp/1p6/5p2/8/N2P4/PPP1PPPP/R1BQKBNR w KQkq - 0 3
Moves; c2c3 e7e6 g2g3 b8c6 c1g5 g8e7 g5e7 e8e7 e2e3 e7f7 d1h5
Warning; Bestmove does not match beginning of last PV - move a2a3 from B
Info; info depth 15 seldepth 18 multipv 1 score cp 497 nodes 83044 nps 275893 hashfull 27 tbhits 0 time 301 pv f5e3 c6c5 f1e2 g7g6 e1g1 f8g7 h2h3 g8h6 c1d2 e8g8
Position; fen rnbqkbnr/p1ppp1pp/1p6/5p2/8/N2P4/PPP1PPPP/R1BQKBNR w KQkq - 0 3
Moves; e2e4 b6b5 a3b5 b8a6 c2c3 c7c6 b5d4 a8b8 g1f3 b8b7 d4f5 d8a5
Warning; Bestmove does not match beginning of last PV - move d1d2 from B
Info; info depth 15 seldepth 30 multipv 1 score cp 318 nodes 65853 nps 219510 hashfull 21 tbhits 0 time 300 pv f3d2 b6d4 c2c3 d4c5 e4e5 d7d5 d2b3 c5a7 c4d6 e8e7 d6c8 h8c8 e5f6 g7f6 b3d4 b8d7 d1d2 c8g8 h1h3 d7e5 e1c1 a5a4 a2a3
Position; fen rnbqkbnr/pp1pppp1/2p4p/8/7P/5N2/PPPPPPP1/RNBQKB1R w KQkq - 0 3
Moves; e2e4 d8b6 d2d3 a7a5 b1a3 e7e6 d3d4 f8b4 c1d2 g8f6 a3c4 b4d2
Warning; Bestmove does not match beginning of last PV - move e1e2 from B
Info; info depth 17 seldepth 21 multipv 1 score cp 790 nodes 88423 nps 294743 hashfull 37 tbhits 0 time 300 pv b2c3 a6c5 f1e2 e7e5 f5g3 d7d5 e4d5 e5e4 e1g1 e4f3 e2f3
Position; fen rnbqkbnr/p1ppp1pp/1p6/5p2/8/N2P4/PPP1PPPP/R1BQKBNR w KQkq - 0 3
Moves; e2e4 b6b5 a3b5 b8a6 c2c3 c7c6 b5d4 a8b8 g1f3 b8b7 d4f5 d8a5 a2a3 a5c3
Warning; Bestmove does not match beginning of last PV - move b7b6 from B
Info; info depth 16 seldepth 28 multipv 1 score cp 675 nodes 93500 nps 311666 hashfull 34 tbhits 0 time 300 pv f8d6 b2b3 c8g4 d3e2 g4e2 d1e2 e5e4 g3g4 b8d7 c1a3 d6a3 b1a3
Position; fen rnbqkbnr/pp1pppp1/2p4p/8/7P/5N2/PPPPPPP1/RNBQKB1R w KQkq - 0 3
Moves; f3g5 d7d5 a2a4 e7e6 g5e6 d8e7 a1a2 f7e6 e2e3 e7f7 g2g3 e6e5 c2c3 g8f6 f1d3
Warning; Bestmove does not match beginning of last PV - move g5h6 from B
Info; info depth 18 seldepth 24 multipv 1 score cp 697 nodes 201291 nps 670970 hashfull 78 tbhits 0 time 300 pv g5f6 a3c2 c8b7 g1f3 f6f7 e1c1 c6e7 f3e5 f7g8 d3d4 b7h1 d4d5 h1d5 c3c4 a8b8 d1d5 e6d5
Position; fen rnbqkbnr/p1ppp1pp/1p6/5p2/8/N2P4/PPP1PPPP/R1BQKBNR w KQkq - 0 3
Moves; c2c3 e7e6 g2g3 b8c6 c1g5 g8e7 g5e7 e8e7 e2e3 e7f7 d1h5 f7f6 h5g5 f6g5 f2f4
Warning; Bestmove does not match beginning of last PV - move f3d2 from B
Info; info depth 13 seldepth 23 multipv 1 score cp 152 nodes 88658 nps 294544 hashfull 29 tbhits 0 time 301 pv c1b2 c3b2 e2e1 g7g6 f5e3 b2c3 f3d2 a6c5 a1b1 f8g7 d1c2 c3a3 f1e2 g8h6 d2f3 e8g8
Position; fen rnbqkbnr/p1ppp1pp/1p6/5p2/8/N2P4/PPP1PPPP/R1BQKBNR w KQkq - 0 3
Moves; e2e4 b6b5 a3b5 b8a6 c2c3 c7c6 b5d4 a8b8 g1f3 b8b7 d4f5 d8a5 a2a3 a5c3 e1e2 b7b2
Warning; Bestmove does not match beginning of last PV - move d2d3 from B
Info; info depth 17 seldepth 23 multipv 1 score cp 872 nodes 242267 nps 807556 hashfull 100 tbhits 0 time 300 pv d2e3 d7d5 b6a8 f8h8 f1d3 c6c5 d3e4 c5d4 e3d4 b8c6 e4d3 c6d4 f3d4 e8d8 d4b5
Position; fen rnbqkbnr/pp1pppp1/2p4p/8/7P/5N2/PPPPPPP1/RNBQKB1R w KQkq - 0 3
Moves; e2e4 d8b6 d2d3 a7a5 b1a3 e7e6 d3d4 f8b4 c1d2 g8f6 a3c4 b4d2 d1d2 h8f8 c4b6 f6e4
Warning; Bestmove does not match beginning of last PV - move f7f6 from B
Info; info depth 17 seldepth 28 multipv 1 score cp 903 nodes 250826 nps 836086 hashfull 105 tbhits 0 time 300 pv d5e6 e2e4 e8g8 d2d4 e5d4 g1e2 d4c3 c1h6 c3b2 h6g7 c7a5 g7c3 b2a1b c3a5 a8a5
Position; fen rnbqkbnr/1ppp1ppp/8/p3p3/8/2N2P2/PPPPP1PP/R1BQKBNR w KQkq - 0 3
Moves; c3b5 d7d5 b5c7 d8c7 a1b1 f8e7 b1a1 b8c6 c2c3 c8e6 d1b3 g8h6 g2g3 a5a4 b3d5 e6d5 a2a3
Warning; Bestmove does not match beginning of last PV - move f8d6 from B
Info; info depth 16 seldepth 18 multipv 1 score cp 633 nodes 94937 nps 315405 hashfull 36 tbhits 0 time 301 pv e5e4 f3e4 d5e4 d3e2 f8d6 e1g1 f7g6 g3g4 c8g4 f1f6 g7f6 h4h5
Position; fen rnbqkbnr/pp1pppp1/2p4p/8/7P/5N2/PPPPPPP1/RNBQKB1R w KQkq - 0 3
Moves; f3g5 d7d5 a2a4 e7e6 g5e6 d8e7 a1a2 f7e6 e2e3 e7f7 g2g3 e6e5 c2c3 g8f6 f1d3 b7b6 f2f3
Warning; Bestmove does not match beginning of last PV - move h6h5 from B
Info; info depth 17 seldepth 20 multipv 1 score cp 700 nodes 276154 nps 920513 hashfull 116 tbhits 0 time 300 pv h6g6 f1g2 d7d5 g1f3 g6f7 e1d2 f7g8 a3b5 c6e7 b5d4 h7h6 f3e5 a8b8 d4f3
Position; fen rnbqkbnr/p1ppp1pp/1p6/5p2/8/N2P4/PPP1PPPP/R1BQKBNR w KQkq - 0 3
Moves; c2c3 e7e6 g2g3 b8c6 c1g5 g8e7 g5e7 e8e7 e2e3 e7f7 d1h5 f7f6 h5g5 f6g5 f2f4 g5h6 a1b1
Warning; Bestmove does not match beginning of last PV - move d5e6 from B
Info; info depth 16 seldepth 25 multipv 1 score cp 847 nodes 277882 nps 926273 hashfull 112 tbhits 0 time 300 pv d5f7 d2d4 e8g8 d4d5 g8h8 d5c6 c7c6 c1e3 f6f5 f1d3
Position; fen rnbqkbnr/1ppp1ppp/8/p3p3/8/2N2P2/PPPPP1PP/R1BQKBNR w KQkq - 0 3
Moves; c3b5 d7d5 b5c7 d8c7 a1b1 f8e7 b1a1 b8c6 c2c3 c8e6 d1b3 g8h6 g2g3 a5a4 b3d5 e6d5 a2a3 f7f6 e2e4
Warning; Bestmove does not match beginning of last PV - move a7a6 from B
Info; info depth 16 seldepth 19 multipv 1 score cp 700 nodes 82578 nps 273437 hashfull 29 tbhits 0 time 302 pv e5e4 f3f4 e4d3 c1a3 e8g8 e1g1 d5d4 f1f3 d4c3 b1c3
Position; fen rnbqkbnr/pp1pppp1/2p4p/8/7P/5N2/PPPPPPP1/RNBQKB1R w KQkq - 0 3
Moves; f3g5 d7d5 a2a4 e7e6 g5e6 d8e7 a1a2 f7e6 e2e3 e7f7 g2g3 e6e5 c2c3 g8f6 f1d3 b7b6 f2f3 f8d6 b2b4
Warning; Bestmove does not match beginning of last PV - move f5d6 from B
Info; info depth 16 seldepth 22 multipv 1 score cp 556 nodes 135024 nps 450080 hashfull 55 tbhits 0 time 300 pv d1a1 g8f6 d2e3 e7e6 f5g3 a6c5 e3c5 f8c5 f2f3
Position; fen rnbqkbnr/p1ppp1pp/1p6/5p2/8/N2P4/PPP1PPPP/R1BQKBNR w KQkq - 0 3
Moves; e2e4 b6b5 a3b5 b8a6 c2c3 c7c6 b5d4 a8b8 g1f3 b8b7 d4f5 d8a5 a2a3 a5c3 e1e2 b7b2 f3d2 b2d2 c1d2 c3a1
Warning; Bestmove does not match beginning of last PV - move e6f7 from B
Info; info depth 16 seldepth 21 multipv 1 score cp 892 nodes 226623 nps 755410 hashfull 91 tbhits 0 time 300 pv e7d6 g1e2 a8d8 g3g4 d8d7 e2g3 g7g6 d2d3 h6g8 c1e3 h7h5 e1f2 h8h7 g4h5 g6h5 a1d1
Position; fen rnbqkbnr/1ppp1ppp/8/p3p3/8/2N2P2/PPPPP1PP/R1BQKBNR w KQkq - 0 3
Moves; c3b5 d7d5 b5c7 d8c7 a1b1 f8e7 b1a1 b8c6 c2c3 c8e6 d1b3 g8h6 g2g3 a5a4 b3d5 e6d5 a2a3 f7f6 e2e4 d5e6 h2h3
Warning; Bestmove does not match beginning of last PV - move e5e4 from B
Info; info depth 15 seldepth 17 multipv 1 score cp 557 nodes 95430 nps 315993 hashfull 36 tbhits 0 time 302 pv c8h3 g3g4 b8d7 c1a3 e8g8 c3c4 h3f1 d1f1 e5e4
Position; fen rnbqkbnr/pp1pppp1/2p4p/8/7P/5N2/PPPPPPP1/RNBQKB1R w KQkq - 0 3
Moves; f3g5 d7d5 a2a4 e7e6 g5e6 d8e7 a1a2 f7e6 e2e3 e7f7 g2g3 e6e5 c2c3 g8f6 f1d3 b7b6 f2f3 f8d6 b2b4 a7a6 e1g1
Warning; Bestmove does not match beginning of last PV - move g6h6 from B
Info; info depth 17 seldepth 21 multipv 1 score cp 688 nodes 285481 nps 951603 hashfull 113 tbhits 0 time 300 pv f8a3 g1f3 g6f7 b2a3 f7f8 h1g1 c8b7 g3g4 c6e7 f3e5 b7e4
Position; fen rnbqkbnr/p1ppp1pp/1p6/5p2/8/N2P4/PPP1PPPP/R1BQKBNR w KQkq - 0 3
Moves; c2c3 e7e6 g2g3 b8c6 c1g5 g8e7 g5e7 e8e7 e2e3 e7f7 d1h5 f7f6 h5g5 f6g5 f2f4 g5h6 a1b1 h6h5 f1e2 h5g6 d3d4
Warning; Bestmove does not match beginning of last PV - move d3b3 from B
Info; info depth 18 seldepth 24 multipv 1 score cp 979 nodes 342740 nps 1142466 hashfull 114 tbhits 0 time 300 pv a8b6 e6e5 b6c8 e5e4 d3a3 e8f7 c8d6 f7g8 d6f5 b8d7 a1e1 d7e5 d4e5 f6e5 f5e7 g8h7
Position; fen rnbqkbnr/pp1pppp1/2p4p/8/7P/5N2/PPPPPPP1/RNBQKB1R w KQkq - 0 3
Moves; e2e4 d8b6 d2d3 a7a5 b1a3 e7e6 d3d4 f8b4 c1d2 g8f6 a3c4 b4d2 d1d2 h8f8 c4b6 f6e4 d2d3 d7d5 b6a8 e4f2 e1f2 f7f6
Warning; Bestmove does not match beginning of last PV - move e8g8 from B
Info; info depth 17 seldepth 23 multipv 1 score cp 874 nodes 328700 nps 1095666 hashfull 136 tbhits 0 time 300 pv h8g8 g4g5 f6g5 d2d3 c7d7 c1e3 b7b5 g1e2 e7f6 a1d1
Position; fen rnbqkbnr/1ppp1ppp/8/p3p3/8/2N2P2/PPPPP1PP/R1BQKBNR w KQkq - 0 3
Moves; c3b5 d7d5 b5c7 d8c7 a1b1 f8e7 b1a1 b8c6 c2c3 c8e6 d1b3 g8h6 g2g3 a5a4 b3d5 e6d5 a2a3 f7f6 e2e4 d5e6 h2h3 e6f7 g3g4
Warning; Bestmove does not match beginning of last PV - move a6a5 from B
Info; info depth 15 seldepth 18 multipv 1 score cp 738 nodes 75637 nps 247179 hashfull 31 tbhits 0 time 306 pv e4d3 c1a3 e8g8 d1e1 f6h5 f3f4 g8h8 a2b2 b8d7
Position; fen rnbqkbnr/pp1pppp1/2p4p/8/7P/5N2/PPPPPPP1/RNBQKB1R w KQkq - 0 3
Moves; f3g5 d7d5 a2a4 e7e6 g5e6 d8e7 a1a2 f7e6 e2e3 e7f7 g2g3 e6e5 c2c3 g8f6 f1d3 b7b6 f2f3 f8d6 b2b4 a7a6 e1g1 e5e4 g1h2
Warning; Bestmove does not match beginning of last PV - move c8b7 from B
Info; info depth 17 seldepth 23 multipv 1 score cp 612 nodes 251243 nps 837476 hashfull 98 tbhits 0 time 300 pv g7g6 h2h4 h6g7 h4h5 f8a3 b2a3 c8b7 e1d2 c6e7 f3e5
Position; fen rnbqkbnr/p1ppp1pp/1p6/5p2/8/N2P4/PPP1PPPP/R1BQKBNR w KQkq - 0 3
Moves; c2c3 e7e6 g2g3 b8c6 c1g5 g8e7 g5e7 e8e7 e2e3 e7f7 d1h5 f7f6 h5g5 f6g5 f2f4 g5h6 a1b1 h6h5 f1e2 h5g6 d3d4 g6h6 g1f3
Warning; Bestmove does not match beginning of last PV - move h2h4 from B
Info; info depth 16 seldepth 23 multipv 1 score cp 443 nodes 168934 nps 561242 hashfull 65 tbhits 0 time 301 pv d2c3 g8e7 c3g7 h8g8 g7f8 g8f8 a1b1 a6c5 e2e1 c8a6 f1e2 a6b5
Position; fen rnbqkbnr/p1ppp1pp/1p6/5p2/8/N2P4/PPP1PPPP/R1BQKBNR w KQkq - 0 3
Moves; e2e4 b6b5 a3b5 b8a6 c2c3 c7c6 b5d4 a8b8 g1f3 b8b7 d4f5 d8a5 a2a3 a5c3 e1e2 b7b2 f3d2 b2d2 c1d2 c3a1 f5d6 e7d6 d1a1 h7h5
Warning; Bestmove does not match beginning of last PV - move a1e1 from B
Info; info depth 17 seldepth 27 multipv 1 score cp 967 nodes 371112 nps 1237040 hashfull 149 tbhits 0 time 300 pv a8b6 e8d8 b3a3 f8f7 a3a5 e6e5 b6d5 d8e8 d5c7 e8f8 a5a3 b5b4 a3b4 f7e7 b4b8
Position; fen rnbqkbnr/pp1pppp1/2p4p/8/7P/5N2/PPPPPPP1/RNBQKB1R w KQkq - 0 3
Moves; e2e4 d8b6 d2d3 a7a5 b1a3 e7e6 d3d4 f8b4 c1d2 g8f6 a3c4 b4d2 d1d2 h8f8 c4b6 f6e4 d2d3 d7d5 b6a8 e4f2 e1f2 f7f6 d3b3 b7b5
Warning; Bestmove does not match beginning of last PV - move h6f5 from B
Info; info depth 17 seldepth 25 multipv 1 score cp 910 nodes 218072 nps 726906 hashfull 90 tbhits 0 time 300 pv f6g5 h3h4 g5g4 d2d4 e5d4 c1h6 g7h6 f3f4 c7f4 f1d3 g8h8 g1e2 f4f3
Position; fen rnbqkbnr/1ppp1ppp/8/p3p3/8/2N2P2/PPPPP1PP/R1BQKBNR w KQkq - 0 3
Moves; c3b5 d7d5 b5c7 d8c7 a1b1 f8e7 b1a1 b8c6 c2c3 c8e6 d1b3 g8h6 g2g3 a5a4 b3d5 e6d5 a2a3 f7f6 e2e4 d5e6 h2h3 e6f7 g3g4 e8g8 g4g5
Warning; Bestmove does not match beginning of last PV - move f7e6 from B
Info; info depth 15 seldepth 21 multipv 1 score cp 751 nodes 79800 nps 262500 hashfull 28 tbhits 0 time 304 pv e4d3 c1a3 f7d7 h2g1 d7h3 f3f4 h3g3 g1h1 g3h3 h1g1
Position; fen rnbqkbnr/pp1pppp1/2p4p/8/7P/5N2/PPPPPPP1/RNBQKB1R w KQkq - 0 3
Moves; f3g5 d7d5 a2a4 e7e6 g5e6 d8e7 a1a2 f7e6 e2e3 e7f7 g2g3 e6e5 c2c3 g8f6 f1d3 b7b6 f2f3 f8d6 b2b4 a7a6 e1g1 e5e4 g1h2 a6a5 d1b3
Warning; Bestmove does not match beginning of last PV - move d8e7 from B
Info; info depth 18 seldepth 22 multipv 1 score cp 619 nodes 240558 nps 801860 hashfull 90 tbhits 0 time 300 pv g7g6 g5f7 h6g7 f7d8 c6d8 e1f2 f8a3 b2a3 d8f7 g3g4 f5g4 h1g1
Position; fen rnbqkbnr/p1ppp1pp/1p6/5p2/8/N2P4/PPP1PPPP/R1BQKBNR w KQkq - 0 3
Moves; c2c3 e7e6 g2g3 b8c6 c1g5 g8e7 g5e7 e8e7 e2e3 e7f7 d1h5 f7f6 h5g5 f6g5 f2f4 g5h6 a1b1 h6h5 f1e2 h5g6 d3d4 g6h6 g1f3 c8b7 f3g5
Warning; Bestmove does not match beginning of last PV - move a1b2 from B
Info; info depth 16 seldepth 19 multipv 1 score cp 449 nodes 131718 nps 436152 hashfull 55 tbhits 0 time 302 pv d2c3 a6c5 h1h3 c8a6 e2d1 g8f6 c3f6 g7f6 h3f3 f8e7 f1e2
Position; fen rnbqkbnr/p1ppp1pp/1p6/5p2/8/N2P4/PPP1PPPP/R1BQKBNR w KQkq - 0 3
Moves; e2e4 b6b5 a3b5 b8a6 c2c3 c7c6 b5d4 a8b8 g1f3 b8b7 d4f5 d8a5 a2a3 a5c3 e1e2 b7b2 f3d2 b2d2 c1d2 c3a1 f5d6 e7d6 d1a1 h7h5 h2h4 e8f7
Warning; Bestmove does not match beginning of last PV - move f2g1 from B
Info; info depth 17 seldepth 27 multipv 1 score cp 1021 nodes 221745 nps 739150 hashfull 84 tbhits 0 time 300 pv b3e3 a6c8 e3e2 e8f7 a8c7 e6e5
Position; fen rnbqkbnr/pp1pppp1/2p4p/8/7P/5N2/PPPPPPP1/RNBQKB1R w KQkq - 0 3
Moves; e2e4 d8b6 d2d3 a7a5 b1a3 e7e6 d3d4 f8b4 c1d2 g8f6 a3c4 b4d2 d1d2 h8f8 c4b6 f6e4 d2d3 d7d5 b6a8 e4f2 e1f2 f7f6 d3b3 b7b5 a1e1 c8a6
Warning; Bestmove does not match beginning of last PV - move g7f6 from B
Info; info depth 19 seldepth 21 multipv 1 score cp 939 nodes 325741 nps 1085803 hashfull 129 tbhits 0 time 300 pv e7f6 h3h4 f5g3 h1h3 g3f1 f3f4 f8d8 f4f5 f1e3 d2e3 b7b6
Position; fen rnbqkbnr/1ppp1ppp/8/p3p3/8/2N2P2/PPPPP1PP/R1BQKBNR w KQkq - 0 3
Moves; c3b5 d7d5 b5c7 d8c7 a1b1 f8e7 b1a1 b8c6 c2c3 c8e6 d1b3 g8h6 g2g3 a5a4 b3d5 e6d5 a2a3 f7f6 e2e4 d5e6 h2h3 e6f7 g3g4 e8g8 g4g5 h6f5 g5f6
Warning; Bestmove does not match beginning of last PV - move g2g3 from B
Info; info depth 16 seldepth 17 multipv 1 score cp 507 nodes 100749 nps 334714 hashfull 34 tbhits 0 time 301 pv e2d1 g8f6 d2g5 f8e7 g5f6 e7f6 d3d4 c6c5 f1c4 d6d5 c4d5 e6e7
Position; fen rnbqkbnr/p1ppp1pp/1p6/5p2/8/N2P4/PPP1PPPP/R1BQKBNR w KQkq - 0 3
Moves; e2e4 b6b5 a3b5 b8a6 c2c3 c7c6 b5d4 a8b8 g1f3 b8b7 d4f5 d8a5 a2a3 a5c3 e1e2 b7b2 f3d2 b2d2 c1d2 c3a1 f5d6 e7d6 d1a1 h7h5 h2h4 e8f7 a1b2 f7e6
Warning; Bestmove does not match beginning of last PV - move f8b8 from B
Info; info depth 16 seldepth 22 multipv 1 score cp 736 nodes 244657 nps 815523 hashfull 108 tbhits 0 time 300 pv g8h8 g1e2 c7d8 h3h4 f8g8 d2d3 d8f8 h4h5 a8d8 h5h6 f8e8 e1f2 d8d3 e2g3
Position; fen rnbqkbnr/1ppp1ppp/8/p3p3/8/2N2P2/PPPPP1PP/R1BQKBNR w KQkq - 0 3
Moves; c3b5 d7d5 b5c7 d8c7 a1b1 f8e7 b1a1 b8c6 c2c3 c8e6 d1b3 g8h6 g2g3 a5a4 b3d5 e6d5 a2a3 f7f6 e2e4 d5e6 h2h3 e6f7 g3g4 e8g8 g4g5 h6f5 g5f6 g7f6 e4f5
Finished game 1 (A vs B): 0-1 {Black mates}
Started game 6 of 16 (B vs A)
Warning; Bestmove does not match beginning of last PV - move f8e7 from B
Info; info depth 18 seldepth 24 multipv 1 score cp 787 nodes 293545 nps 978483 hashfull 120 tbhits 0 time 300 pv g7g6 b1d1 f8e7 d4d5 e6d5 a3b5 h8c8 f1h1 h6g7 e2c4 d5c4 d1d7 f7e8 b5c7 e8d7
Position; fen rnbqkbnr/p1ppp1pp/1p6/5p2/8/N2P4/PPP1PPPP/R1BQKBNR w KQkq - 0 3
Moves; c2c3 e7e6 g2g3 b8c6 c1g5 g8e7 g5e7 e8e7 e2e3 e7f7 d1h5 f7f6 h5g5 f6g5 f2f4 g5h6 a1b1 h6h5 f1e2 h5g6 d3d4 g6h6 g1f3 c8b7 f3g5 d8e7 g5f7 e7f7 h1f1
Warning; Bestmove does not match beginning of last PV - move e2e1 from B
Info; info depth 16 seldepth 23 multipv 1 score cp 515 nodes 154396 nps 514653 hashfull 49 tbhits 0 time 300 pv f1h3 e6f7 d2e3 g8f6 e4e5 a6c5 e5f6 c8a6 e3c5 f8c5 e2d1 a6d3 h1e1 g7f6 h3d7 h8a8 b2b3
Position; fen rnbqkbnr/p1ppp1pp/1p6/5p2/8/N2P4/PPP1PPPP/R1BQKBNR w KQkq - 0 3
Moves; e2e4 b6b5 a3b5 b8a6 c2c3 c7c6 b5d4 a8b8 g1f3 b8b7 d4f5 d8a5 a2a3 a5c3 e1e2 b7b2 f3d2 b2d2 c1d2 c3a1 f5d6 e7d6 d1a1 h7h5 h2h4 e8f7 a1b2 f7e6 g2g3 d6d5
Warning; Bestmove does not match beginning of last PV - move e2e3 from B
Info; info depth 12 seldepth 22 multipv 1 score cp 7 nodes 93710 nps 310298 hashfull 32 tbhits 0 time 302 pv d2d4 d8h4 g2g3 h4d4 d1d4 e5d4 c3b5 b8a6 c1f4 d7d5 f4c7 c8d7 e2e3 f8b4 c2c3 d4c3 b2c3 b4c5 c7f4
Position; fen rnbqkbnr/1ppp1ppp/8/p3p3/8/2N2P2/PPPPP1PP/R1BQKBNR w KQkq - 0 3
Moves; 
Warning; Bestmove does not match beginning of last PV - move h1h2 from B
Info; info depth 18 seldepth 18 multipv 1 score mate 9 nodes 256285 nps 854283 hashfull 106 tbhits 0 time 300 pv e1e6 d8c8 a3d6 c8b7 d6c6 b7a7 c6a6 a7b8 a6b5 b8c8 b5a5 d7b6 a5b6 f8f7 e6e8 c8d7 f1b5
Position; fen rnbqkbnr/pp1pppp1/2p4p/8/7P/5N2/PPPPPPP1/RNBQKB1R w KQkq - 0 3
Moves; e2e4 d8b6 d2d3 a7a5 b1a3 e7e6 d3d4 f8b4 c1d2 g8f6 a3c4 b4d2 d1d2 h8f8 c4b6 f6e4 d2d3 d7d5 b6a8 e4f2 e1f2 f7f6 d3b3 b7b5 a1e1 c8a6 f2g1 e8d8 b3a3 b8d7
Warning; Bestmove does not match beginning of last PV - move g8h8 from B
Info; info depth 17 seldepth 21 multipv 1 score cp 776 nodes 264679 nps 882263 hashfull 89 tbhits 0 time 300 pv f7c4 h3h4 e7d6 d2d3 c4f7 c1h6 d6f8 h6e3 f8g7 g1e2 g8h8
Position; fen rnbqkbnr/1ppp1ppp/8/p3p3/8/2N2P2/PPPPP1PP/R1BQKBNR w KQkq - 0 3
Moves; c3b5 d7d5 b5c7 d8c7 a1b1 f8e7 b1a1 b8c6 c2c3 c8e6 d1b3 g8h6 g2g3 a5a4 b3d5 e6d5 a2a3 f7f6 e2e4 d5e6 h2h3 e6f7 g3g4 e8g8 g4g5 h6f5 g5f6 g7f6 e4f5 f8b8 f1c4
Warning; Bestmove does not match beginning of last PV - move a8f8 from B
Info; info depth 18 seldepth 25 multipv 1 score cp 760 nodes 300564 nps 1001880 hashfull 111 tbhits 0 time 300 pv e6d5 b1d1 g7g6 a3b5 h6g7 h2h4 h8d8 h4h5 g7f8 b5c7 a8c8 h5g6 f7g6 f1h1 c8c7 e2h5 g6g3 e1d2 g3g7
Position; fen rnbqkbnr/p1ppp1pp/1p6/5p2/8/N2P4/PPP1PPPP/R1BQKBNR w KQkq - 0 3
Moves; c2c3 e7e6 g2g3 b8c6 c1g5 g8e7 g5e7 e8e7 e2e3 e7f7 d1h5 f7f6 h5g5 f6g5 f2f4 g5h6 a1b1 h6h5 f1e2 h5g6 d3d4 g6h6 g1f3 c8b7 f3g5 d8e7 g5f7 e7f7 h1f1 f8e7 d4d5
Warning; Bestmove does not match beginning of last PV - move b2a1 from B
Info; info depth 17 seldepth 22 multipv 1 score cp 726 nodes 146889 nps 489630 hashfull 49 tbhits 0 time 300 pv b2g7 e7a3 g7h8 g8f6 h8c8 a6c5 f1h3 e6f7
Position; fen rnbqkbnr/p1ppp1pp/1p6/5p2/8/N2P4/PPP1PPPP/R1BQKBNR w KQkq - 0 3
Moves; e2e4 b6b5 a3b5 b8a6 c2c3 c7c6 b5d4 a8b8 g1f3 b8b7 d4f5 d8a5 a2a3 a5c3 e1e2 b7b2 f3d2 b2d2 c1d2 c3a1 f5d6 e7d6 d1a1 h7h5 h2h4 e8f7 a1b2 f7e6 g2g3 d6d5 e2e1 f8e7
Warning; Bestmove does not match beginning of last PV - move c3e4 from B
Info; info depth 12 seldepth 20 multipv 1 score cp 201 nodes 52939 nps 175877 hashfull 12 tbhits 0 time 301 pv f3e4 d7d6 g1f3 c7c6 d2d4 f8e7 f1d3 g8f6 e1g1 e8g8 a2a4
Position; fen rnbqkbnr/1ppp1ppp/8/p3p3/8/2N2P2/PPPPP1PP/R1BQKBNR w KQkq - 0 3
Moves; e2e3 e5e4
Warning; Bestmove does not match beginning of last PV - move e7c5 from B
Info; info depth 15 seldepth 25 multipv 1 score cp 590 nodes 116043 nps 386810 hashfull 45 tbhits 0 time 300 pv e5e4 f7e6 c6e5 d2d4 e5f3 e1e2 f3g5 c1g5 f6g5
Position; fen rnbqkbnr/1ppp1ppp/8/p3p3/8/2N2P2/PPPPP1PP/R1BQKBNR w KQkq - 0 3
Moves; c3b5 d7d5 b5c7 d8c7 a1b1 f8e7 b1a1 b8c6 c2c3 c8e6 d1b3 g8h6 g2g3 a5a4 b3d5 e6d5 a2a3 f7f6 e2e4 d5e6 h2h3 e6f7 g3g4 e8g8 g4g5 h6f5 g5f6 g7f6 e4f5 f8b8 f1c4 g8h8 c4f7
Warning; Bestmove does not match beginning of last PV - move b2b3 from B
Info; info depth 13 seldepth 21 multipv 1 score cp 250 nodes 43857 nps 146190 hashfull 15 tbhits 0 time 300 pv c2c4 g8f6 e4f6 d8f6 d2d4 f8b4 e1f2 e8g8 f1d3 a5a4 a2a3 b4a5
Position; fen rnbqkbnr/1ppp1ppp/8/p3p3/8/2N2P2/PPPPP1PP/R1BQKBNR w KQkq - 0 3
Moves; e2e3 e5e4 c3e4 a8a7
Warning; Bestmove does not match beginning of last PV - move c6e7 from B
Info; info depth 18 seldepth 25 multipv 1 score cp 784 nodes 287381 nps 957936 hashfull 105 tbhits 0 time 300 pv c7f7 a2a1 b8g8 d2d3 f7f8 g1e2 a8e8 h3h4 c6e7 d3d4 e5d4 c3d4 c5d6 c1h6 f8h6
Position; fen rnbqkbnr/1ppp1ppp/8/p3p3/8/2N2P2/PPPPP1PP/R1BQKBNR w KQkq - 0 3
Moves; c3b5 d7d5 b5c7 d8c7 a1b1 f8e7 b1a1 b8c6 c2c3 c8e6 d1b3 g8h6 g2g3 a5a4 b3d5 e6d5 a2a3 f7f6 e2e4 d5e6 h2h3 e6f7 g3g4 e8g8 g4g5 h6f5 g5f6 g7f6 e4f5 f8b8 f1c4 g8h8 c4f7 e7c5 a1a2
Warning; Bestmove does not match beginning of last PV - move c6b4 from B
Info; info depth 18 seldepth 33 multipv 1 score cp 847 nodes 205113 nps 683710 hashfull 77 tbhits 0 time 300 pv g7g6 b1d1 b7a6 f1f3 h6g7 e2f1 f8d8 c4e5 c6e5 f1a6 e5f3 e1f2 f3h2
Position; fen rnbqkbnr/p1ppp1pp/1p6/5p2/8/N2P4/PPP1PPPP/R1BQKBNR w KQkq - 0 3
Moves; c2c3 e7e6 g2g3 b8c6 c1g5 g8e7 g5e7 e8e7 e2e3 e7f7 d1h5 f7f6 h5g5 f6g5 f2f4 g5h6 a1b1 h6h5 f1e2 h5g6 d3d4 g6h6 g1f3 c8b7 f3g5 d8e7 g5f7 e7f7 h1f1 f8e7 d4d5 a8f8 d5e6 f7e6 a3c4
Warning; Bestmove does not match beginning of last PV - move d2g5 from B
Info; info depth 18 seldepth 28 multipv 1 score cp 677 nodes 192529 nps 641763 hashfull 66 tbhits 0 time 300 pv a2f7 e5d6 d2f4 d6c5 f7g7 e7f6 g7f7 d7d5 e4d5 c8g4 f7a7 c5d5 a7a6 d5e6 f1e2 e6f7 f2f3 g8e7 f3g4 h5g4 e2g4
Position; fen rnbqkbnr/p1ppp1pp/1p6/5p2/8/N2P4/PPP1PPPP/R1BQKBNR w KQkq - 0 3
Moves; e2e4 b6b5 a3b5 b8a6 c2c3 c7c6 b5d4 a8b8 g1f3 b8b7 d4f5 d8a5 a2a3 a5c3 e1e2 b7b2 f3d2 b2d2 c1d2 c3a1 f5d6 e7d6 d1a1 h7h5 h2h4 e8f7 a1b2 f7e6 g2g3 d6d5 e2e1 f8e7 b2a1 d5d4 a1a2 e6e5
Warning; Bestmove does not match beginning of last PV - move c1b2 from B
Info; info depth 13 seldepth 22 multipv 1 score cp 204 nodes 76974 nps 256580 hashfull 29 tbhits 0 time 300 pv c2c4 g8f6 e4f6 d8f6 d2d4 c7c6 e1f2 d7d5
Position; fen rnbqkbnr/1ppp1ppp/8/p3p3/8/2N2P2/PPPPP1PP/R1BQKBNR w KQkq - 0 3
Moves; e2e3 e5e4 c3e4 a8a7 b2b3 b8a6
Warning; Bestmove does not match beginning of last PV - move c5f2 from B
Info; info depth 18 seldepth 20 multipv 1 score cp 833 nodes 307793 nps 1025976 hashfull 116 tbhits 0 time 300 pv b8e8 g1e2 e7f5 h3h4 h7h5 a2a1 b7b5 d2d4 e5d4 c1g5 e8e2 e1f1 f6g5 h4g5 e2f2 f1e1
Position; fen rnbqkbnr/1ppp1ppp/8/p3p3/8/2N2P2/PPPPP1PP/R1BQKBNR w KQkq - 0 3
Moves; c3b5 d7d5 b5c7 d8c7 a1b1 f8e7 b1a1 b8c6 c2c3 c8e6 d1b3 g8h6 g2g3 a5a4 b3d5 e6d5 a2a3 f7f6 e2e4 d5e6 h2h3 e6f7 g3g4 e8g8 g4g5 h6f5 g5f6 g7f6 e4f5 f8b8 f1c4 g8h8 c4f7 e7c5 a1a2 c6e7 f7e8
Warning; Bestmove does not match beginning of last PV - move e6c6 from B
Info; info depth 17 seldepth 27 multipv 1 score cp 877 nodes 210264 nps 700880 hashfull 74 tbhits 0 time 300 pv e6d5 b1c1 b4d3 e2d3 d5d3 c1d1 d3c4 g3g4 e7h4 e1d2 c4a2 d2c1 g7g6 d1d7
Position; fen rnbqkbnr/p1ppp1pp/1p6/5p2/8/N2P4/PPP1PPPP/R1BQKBNR w KQkq - 0 3
Moves; c2c3 e7e6 g2g3 b8c6 c1g5 g8e7 g5e7 e8e7 e2e3 e7f7 d1h5 f7f6 h5g5 f6g5 f2f4 g5h6 a1b1 h6h5 f1e2 h5g6 d3d4 g6h6 g1f3 c8b7 f3g5 d8e7 g5f7 e7f7 h1f1 f8e7 d4d5 a8f8 d5e6 f7e6 a3c4 c6b4 h2h3
Warning; Bestmove does not match beginning of last PV - move c6d5 from B
Info; info depth 245 seldepth 2 multipv 1 score mate 1 nodes 53275 nps 4098076 hashfull 0 tbhits 0 time 13 pv e6e8
Position; fen rnbqkbnr/pp1pppp1/2p4p/8/7P/5N2/PPPPPPP1/RNBQKB1R w KQkq - 0 3
Moves; e2e4 d8b6 d2d3 a7a5 b1a3 e7e6 d3d4 f8b4 c1d2 g8f6 a3c4 b4d2 d1d2 h8f8 c4b6 f6e4 d2d3 d7d5 b6a8 e4f2 e1f2 f7f6 d3b3 b7b5 a1e1 c8a6 f2g1 e8d8 b3a3 b8d7 h1h2 f8g8 e1e6 g8e8 a3a5 d7b6 a5b6 d8d7 b6c6 d7d8
Warning; Bestmove does not match beginning of last PV - move f1h3 from B
Info; info depth 17 seldepth 26 multipv 1 score cp 580 nodes 130469 nps 433451 hashfull 46 tbhits 0 time 301 pv f2f4 g5f4 g3f4 e5f6 a2g2 g8e7 g2g5 f6f7 h1g1 f7e8 g5g7 h8f8 g7d4 a6c7 d4a7 c7e6 f4f5
Position; fen rnbqkbnr/p1ppp1pp/1p6/5p2/8/N2P4/PPP1PPPP/R1BQKBNR w KQkq - 0 3
Moves; e2e4 b6b5 a3b5 b8a6 c2c3 c7c6 b5d4 a8b8 g1f3 b8b7 d4f5 d8a5 a2a3 a5c3 e1e2 b7b2 f3d2 b2d2 c1d2 c3a1 f5d6 e7d6 d1a1 h7h5 h2h4 e8f7 a1b2 f7e6 g2g3 d6d5 e2e1 f8e7 b2a1 d5d4 a1a2 e6e5 d2g5 e7g5
Finished game 2 (B vs A): 1-0 {White mates}
Started game 7 of 16 (A vs B)
Warning; Bestmove does not match beginning of last PV - move e4g3 from B
Info; info depth 14 seldepth 18 multipv 1 score cp 311 nodes 42291 nps 140501 hashfull 18 tbhits 0 time 301 pv g2g3 h4e7 c2c4 f7f5 e4c3 c7c6 g1h3 a7a8 h3f4 g8f6 f1g2 d7d6 e1g1 a6b4 e3e4
Position; fen rnbqkbnr/1ppp1ppp/8/p3p3/8/2N2P2/PPPPP1PP/R1BQKBNR w KQkq - 0 3
Moves; e2e3 e5e4 c3e4 a8a7 b2b3 b8a6 c1b2 d8h4
Warning; Bestmove does not match beginning of last PV - move e7f5 from B
Info; info depth 17 seldepth 27 multipv 1 score cp 682 nodes 191204 nps 637346 hashfull 64 tbhits 0 time 300 pv b8e8 h3h4 e7f5 g1e2 c7b6 f2e1 b6c6 e1f2 e8g8 h4h5 e5e4 a2a1
Position; fen rnbqkbnr/1ppp1ppp/8/p3p3/8/2N2P2/PPPPP1PP/R1BQKBNR w KQkq - 0 3
Moves; c3b5 d7d5 b5c7 d8c7 a1b1 f8e7 b1a1 b8c6 c2c3 c8e6 d1b3 g8h6 g2g3 a5a4 b3d5 e6d5 a2a3 f7f6 e2e4 d5e6 h2h3 e6f7 g3g4 e8g8 g4g5 h6f5 g5f6 g7f6 e4f5 f8b8 f1c4 g8h8 c4f7 e7c5 a1a2 c6e7 f7e8 c5f2 e1f2
Warning; Bestmove does not match beginning of last PV - move g7g6 from B
Info; info depth 17 seldepth 27 multipv 1 score cp 828 nodes 283879 nps 946263 hashfull 120 tbhits 0 time 300 pv e7b4 e1d1 c6a4 b2b3 a4a2 e2d3 b6b5 b1b2 a2a1 d1c2 b5c4 d3c4
Position; fen rnbqkbnr/p1ppp1pp/1p6/5p2/8/N2P4/PPP1PPPP/R1BQKBNR w KQkq - 0 3
Moves; c2c3 e7e6 g2g3 b8c6 c1g5 g8e7 g5e7 e8e7 e2e3 e7f7 d1h5 f7f6 h5g5 f6g5 f2f4 g5h6 a1b1 h6h5 f1e2 h5g6 d3d4 g6h6 g1f3 c8b7 f3g5 d8e7 g5f7 e7f7 h1f1 f8e7 d4d5 a8f8 d5e6 f7e6 a3c4 c6b4 h2h3 e6c6 c3b4
Warning; Bestmove does not match beginning of last PV - move d7d5 from B
Info; info depth 12 seldepth 16 multipv 1 score cp 121 nodes 73727 nps 245756 hashfull 19 tbhits 0 time 300 pv a6b4 e2e3 d7d6 h3f2 e7e5 c1a3 b4c6 f4e5 d6e5 a3f8 e8f8
Position; fen r1bqkbnr/ppppppp1/n6p/8/5P2/7N/PPPPP1PP/RNBQKB1R w KQkq - 1 3
Moves; b2b4
Warning; Bestmove does not match beginning of last PV - move a8a4 from B
Info; info depth 17 seldepth 21 multipv 1 score cp 714 nodes 140774 nps 469246 hashfull 51 tbhits 0 time 300 pv c7b6 d2d4 a8a4 b2b4 e5d4 c3d4 b6d4 f2e1 b8e8 g1e2 d4h4 e1d1 e8d8 d1c2 h4c4 c2b1
Position; fen rnbqkbnr/1ppp1ppp/8/p3p3/8/2N2P2/PPPPP1PP/R1BQKBNR w KQkq - 0 3
Moves; c3b5 d7d5 b5c7 d8c7 a1b1 f8e7 b1a1 b8c6 c2c3 c8e6 d1b3 g8h6 g2g3 a5a4 b3d5 e6d5 a2a3 f7f6 e2e4 d5e6 h2h3 e6f7 g3g4 e8g8 g4g5 h6f5 g5f6 g7f6 e4f5 f8b8 f1c4 g8h8 c4f7 e7c5 a1a2 c6e7 f7e8 c5f2 e1f2 e7f5 e8a4
Warning; Bestmove does not match beginning of last PV - move a7a5 from B
Info; info depth 16 seldepth 23 multipv 1 score cp 791 nodes 196802 nps 656006 hashfull 69 tbhits 0 time 300 pv e7b4 g3g4 h6g7 b1d1 g7f7 e2f3 d7d5 g4f5 f7e7 f1g1 f8f5 a2a3 b4d2 d1d2
Position; fen rnbqkbnr/p1ppp1pp/1p6/5p2/8/N2P4/PPP1PPPP/R1BQKBNR w KQkq - 0 3
Moves; c2c3 e7e6 g2g3 b8c6 c1g5 g8e7 g5e7 e8e7 e2e3 e7f7 d1h5 f7f6 h5g5 f6g5 f2f4 g5h6 a1b1 h6h5 f1e2 h5g6 d3d4 g6h6 g1f3 c8b7 f3g5 d8e7 g5f7 e7f7 h1f1 f8e7 d4d5 a8f8 d5e6 f7e6 a3c4 c6b4 h2h3 e6c6 c3b4 g7g6 c4d2
Warning; Bestmove does not match beginning of last PV - move a2f7 from B
Info; info depth 15 seldepth 31 multipv 1 score cp 731 nodes 268231 nps 894103 hashfull 103 tbhits 0 time 300 pv a2b2 b8a6 f2f4 e5d6 b2d4 d6c7 d4e5 c7b7 e5g7 g8e7 g7h8 a6c5 g3h4
Position; fen rnbqkbnr/p1ppp1pp/1p6/5p2/8/N2P4/PPP1PPPP/R1BQKBNR w KQkq - 0 3
Moves; e2e4 b6b5 a3b5 b8a6 c2c3 c7c6 b5d4 a8b8 g1f3 b8b7 d4f5 d8a5 a2a3 a5c3 e1e2 b7b2 f3d2 b2d2 c1d2 c3a1 f5d6 e7d6 d1a1 h7h5 h2h4 e8f7 a1b2 f7e6 g2g3 d6d5 e2e1 f8e7 b2a1 d5d4 a1a2 e6e5 d2g5 e7g5 f1h3 a6b8 h4g5 h5h4
Warning; Bestmove does not match beginning of last PV - move f3f4 from B
Info; info depth 17 seldepth 22 multipv 1 score cp 824 nodes 239043 nps 796810 hashfull 95 tbhits 0 time 300 pv g3h5 a5a4 b3a4 g8f6 h5f6 g7f6 a2a3 b4d5 g2g3 a7a4 c2c4 f8d6 f3f4 d5b4 a3b4 a4a1 b2a1
Position; fen rnbqkbnr/1ppp1ppp/8/p3p3/8/2N2P2/PPPPP1PP/R1BQKBNR w KQkq - 0 3
Moves; e2e3 e5e4 c3e4 a8a7 b2b3 b8a6 c1b2 d8h4 e4g3 h4h2 h1h2 a6b4
Warning; Bestmove does not match beginning of last PV - move d5c4 from B
Info; info depth 12 seldepth 15 multipv 1 score cp 188 nodes 71333 nps 237776 hashfull 24 tbhits 0 time 300 pv e7e5 g2g3 a6b4 f4e5 d5c4 f1g2 d8d4 b1c3 d4e5 a2a3
Position; fen r1bqkbnr/ppppppp1/n6p/8/5P2/7N/PPPPP1PP/RNBQKB1R w KQkq - 1 3
Moves; b2b4 d7d5 c2c4
Warning; Bestmove does not match beginning of last PV - move c7c6 from B
Info; info depth 17 seldepth 27 multipv 1 score cp 755 nodes 200380 nps 667933 hashfull 71 tbhits 0 time 300 pv c7c4 h3h4 c4a2 h4h5 a4a8 g1e2 b8g8 h5h6 a8e8 d2d3 f5g3 h1h3 a2e2 f2g1 e2f3
Position; fen rnbqkbnr/1ppp1ppp/8/p3p3/8/2N2P2/PPPPP1PP/R1BQKBNR w KQkq - 0 3
Moves; c3b5 d7d5 b5c7 d8c7 a1b1 f8e7 b1a1 b8c6 c2c3 c8e6 d1b3 g8h6 g2g3 a5a4 b3d5 e6d5 a2a3 f7f6 e2e4 d5e6 h2h3 e6f7 g3g4 e8g8 g4g5 h6f5 g5f6 g7f6 e4f5 f8b8 f1c4 g8h8 c4f7 e7c5 a1a2 c6e7 f7e8 c5f2 e1f2 e7f5 e8a4 a8a4 b2b4
Warning; Bestmove does not match beginning of last PV - move e7d8 from B
Info; info depth 17 seldepth 25 multipv 1 score cp 894 nodes 283267 nps 944223 hashfull 113 tbhits 0 time 300 pv e7b4 g3g4 c6e6 g4g5 h6g7 b1c1 e6e3 c1c3 b4c3 b2c3 f8e8 e1d1 e3c3 e2b5 c3a1 d1c2 a1a2 c2d1
Position; fen rnbqkbnr/p1ppp1pp/1p6/5p2/8/N2P4/PPP1PPPP/R1BQKBNR w KQkq - 0 3
Moves; c2c3 e7e6 g2g3 b8c6 c1g5 g8e7 g5e7 e8e7 e2e3 e7f7 d1h5 f7f6 h5g5 f6g5 f2f4 g5h6 a1b1 h6h5 f1e2 h5g6 d3d4 g6h6 g1f3 c8b7 f3g5 d8e7 g5f7 e7f7 h1f1 f8e7 d4d5 a8f8 d5e6 f7e6 a3c4 c6b4 h2h3 e6c6 c3b4 g7g6 c4d2 a7a5 a2a4
Warning; Bestmove does not match beginning of last PV - move a1c1 from B
Info; info depth 17 seldepth 28 multipv 1 score cp 797 nodes 247823 nps 826076 hashfull 88 tbhits 0 time 300 pv b3a4 a7a8 a2a3 b4d5 g3h5 g8h6 h5g7 f8g7 b2g7 h8g8 g7h6
Position; fen rnbqkbnr/1ppp1ppp/8/p3p3/8/2N2P2/PPPPP1PP/R1BQKBNR w KQkq - 0 3
Moves; e2e3 e5e4 c3e4 a8a7 b2b3 b8a6 c1b2 d8h4 e4g3 h4h2 h1h2 a6b4 f3f4 a5a4
Warning; Bestmove does not match beginning of last PV - move c7c6 from B
Info; info depth 12 seldepth 21 multipv 1 score cp 155 nodes 58757 nps 193279 hashfull 18 tbhits 0 time 304 pv c8h3 g2h3 e7e6 e2e3 d8h4 e1e2 c7c6 f1g2 g8e7 c1b2 e8c8 d1c2 b7b5 c2e4 h4h5 g2f3
Position; fen r1bqkbnr/ppppppp1/n6p/8/5P2/7N/PPPPP1PP/RNBQKB1R w KQkq - 1 3
Moves; b2b4 d7d5 c2c4 d5c4 a2a3
Warning; Bestmove does not match beginning of last PV - move c6e8 from B
Info; info depth 17 seldepth 26 multipv 1 score cp 757 nodes 190812 nps 636040 hashfull 66 tbhits 0 time 300 pv c6c5 d2d4 e5d4 g1e2 d4c3 f2f1 c5b5 a2c2 b8g8 f1f2 b5c5 f2f1
Position; fen rnbqkbnr/1ppp1ppp/8/p3p3/8/2N2P2/PPPPP1PP/R1BQKBNR w KQkq - 0 3
Moves; c3b5 d7d5 b5c7 d8c7 a1b1 f8e7 b1a1 b8c6 c2c3 c8e6 d1b3 g8h6 g2g3 a5a4 b3d5 e6d5 a2a3 f7f6 e2e4 d5e6 h2h3 e6f7 g3g4 e8g8 g4g5 h6f5 g5f6 g7f6 e4f5 f8b8 f1c4 g8h8 c4f7 e7c5 a1a2 c6e7 f7e8 c5f2 e1f2 e7f5 e8a4 a8a4 b2b4 c7c6 b4b5
Warning; Bestmove does not match beginning of last PV - move c6e4 from B
Info; info depth 18 seldepth 26 multipv 1 score cp 840 nodes 292847 nps 976156 hashfull 100 tbhits 0 time 300 pv d8e7 g3g4 e7b4 b3d2 c6g2 g4g5 h6g7 b2b3 g2g3 e1d1 g3e3 d2c4 e3d4 d1c1
Position; fen rnbqkbnr/p1ppp1pp/1p6/5p2/8/N2P4/PPP1PPPP/R1BQKBNR w KQkq - 0 3
Moves; c2c3 e7e6 g2g3 b8c6 c1g5 g8e7 g5e7 e8e7 e2e3 e7f7 d1h5 f7f6 h5g5 f6g5 f2f4 g5h6 a1b1 h6h5 f1e2 h5g6 d3d4 g6h6 g1f3 c8b7 f3g5 d8e7 g5f7 e7f7 h1f1 f8e7 d4d5 a8f8 d5e6 f7e6 a3c4 c6b4 h2h3 e6c6 c3b4 g7g6 c4d2 a7a5 a2a4 e7d8 d2b3
Warning; Bestmove does not match beginning of last PV - move g7f7 from B
Info; info depth 20 seldepth 6 multipv 1 score mate 3 nodes 191587 nps 638623 hashfull 68 tbhits 0 time 300 pv g7f8 f4g5 f8g7 g5h5 h3f5
Position; fen rnbqkbnr/p1ppp1pp/1p6/5p2/8/N2P4/PPP1PPPP/R1BQKBNR w KQkq - 0 3
Moves; e2e4 b6b5 a3b5 b8a6 c2c3 c7c6 b5d4 a8b8 g1f3 b8b7 d4f5 d8a5 a2a3 a5c3 e1e2 b7b2 f3d2 b2d2 c1d2 c3a1 f5d6 e7d6 d1a1 h7h5 h2h4 e8f7 a1b2 f7e6 g2g3 d6d5 e2e1 f8e7 b2a1 d5d4 a1a2 e6e5 d2g5 e7g5 f1h3 a6b8 h4g5 h5h4 a2f7 h4g3 f7g7 e5f4
Warning; Bestmove does not match beginning of last PV - move e7e5 from B
Info; info depth 12 seldepth 23 multipv 1 score cp 152 nodes 56928 nps 187263 hashfull 17 tbhits 0 time 304 pv c8h3 g2h3 e7e6 h1g1 d8h4 g1g3 g8e7 e2e3 e7f5 e1f2 f8e7 f2g2 e7f6 b1c3 e8c8 f1c4 a6c7
Position; fen r1bqkbnr/ppppppp1/n6p/8/5P2/7N/PPPPP1PP/RNBQKB1R w KQkq - 1 3
Moves; b2b4 d7d5 c2c4 d5c4 a2a3 c7c6 c1b2
Warning; Bestmove does not match beginning of last PV - move a4a8 from B
Info; info depth 16 seldepth 26 multipv 1 score cp 750 nodes 127400 nps 424666 hashfull 51 tbhits 0 time 300 pv e8g8 a2c2 g8g3 f2f1 e5e4 d2d4 e4d3 c2g2 g3e5 g2g4 e5c3 g1e2 d3e2 f1g2 a4g4 h3g4 f5h4 h1h4
Position; fen rnbqkbnr/1ppp1ppp/8/p3p3/8/2N2P2/PPPPP1PP/R1BQKBNR w KQkq - 0 3
Moves; c3b5 d7d5 b5c7 d8c7 a1b1 f8e7 b1a1 b8c6 c2c3 c8e6 d1b3 g8h6 g2g3 a5a4 b3d5 e6d5 a2a3 f7f6 e2e4 d5e6 h2h3 e6f7 g3g4 e8g8 g4g5 h6f5 g5f6 g7f6 e4f5 f8b8 f1c4 g8h8 c4f7 e7c5 a1a2 c6e7 f7e8 c5f2 e1f2 e7f5 e8a4 a8a4 b2b4 c7c6 b4b5 c6e8 b5b6
Warning; Bestmove does not match beginning of last PV - move e4e3 from B
Info; info depth 18 seldepth 35 multipv 1 score cp 919 nodes 229246 nps 764153 hashfull 86 tbhits 0 time 300 pv e4b1 e1f2 b1e4 a5a6 e4g2 f2e1 g2g3 e1d2 b7a6 e2a6 f8e8 f1e1 g3e1 d2e1 e8e3 e1f2 e3b3 a6e2 b3b2 f2g3 b2e2 h3h4 e2b2 h4h5 b2b3 g3g2 d8h4 a4a5
Position; fen rnbqkbnr/p1ppp1pp/1p6/5p2/8/N2P4/PPP1PPPP/R1BQKBNR w KQkq - 0 3
Moves; c2c3 e7e6 g2g3 b8c6 c1g5 g8e7 g5e7 e8e7 e2e3 e7f7 d1h5 f7f6 h5g5 f6g5 f2f4 g5h6 a1b1 h6h5 f1e2 h5g6 d3d4 g6h6 g1f3 c8b7 f3g5 d8e7 g5f7 e7f7 h1f1 f8e7 d4d5 a8f8 d5e6 f7e6 a3c4 c6b4 h2h3 e6c6 c3b4 g7g6 c4d2 a7a5 a2a4 e7d8 d2b3 c6e4 b4a5
Warning; Bestmove does not match beginning of last PV - move f7g7 from B
Info; info depth 17 seldepth 37 multipv 1 score cp 835 nodes 203989 nps 679963 hashfull 76 tbhits 0 time 300 pv f2g3 e5d6 f7f4 d6e7 f4e5 e7d8 e5h8 d8c7 h8d4 c6c5 d4e5 c7b7 e5d6 g8e7 d6e7 b8c6 e7c5 c6d4 c5d5 b7b8 d5d6 b8a8
Position; fen rnbqkbnr/p1ppp1pp/1p6/5p2/8/N2P4/PPP1PPPP/R1BQKBNR w KQkq - 0 3
Moves; e2e4 b6b5 a3b5 b8a6 c2c3 c7c6 b5d4 a8b8 g1f3 b8b7 d4f5 d8a5 a2a3 a5c3 e1e2 b7b2 f3d2 b2d2 c1d2 c3a1 f5d6 e7d6 d1a1 h7h5 h2h4 e8f7 a1b2 f7e6 g2g3 d6d5 e2e1 f8e7 b2a1 d5d4 a1a2 e6e5 d2g5 e7g5 f1h3 a6b8 h4g5 h5h4 a2f7 h4g3 f7g7 e5f4 g7f7 f4e5
Warning; Bestmove does not match beginning of last PV - move b3b4 from B
Info; info depth 18 seldepth 30 multipv 1 score cp 1059 nodes 220734 nps 735780 hashfull 83 tbhits 0 time 300 pv c2c7 a7a8 c7c8 a8c8 c1c8 e8e7 g3f5 e7e6 f5d4 e6e7 b3a4 g8h6 b2a3 d7d6 c8c3 e7d8 d4e6 d8d7 e6f8 h8f8
Position; fen rnbqkbnr/1ppp1ppp/8/p3p3/8/2N2P2/PPPPP1PP/R1BQKBNR w KQkq - 0 3
Moves; e2e3 e5e4 c3e4 a8a7 b2b3 b8a6 c1b2 d8h4 e4g3 h4h2 h1h2 a6b4 f3f4 a5a4 a1c1 b4c2 d1c2 f7f6
Warning; Bestmove does not match beginning of last PV - move a6c7 from B
Info; info depth 13 seldepth 21 multipv 1 score cp 200 nodes 64089 nps 210819 hashfull 14 tbhits 0 time 304 pv e5f4 d1c2 c8e6 e2e3 f4e3 d2e3 b7b5 b1c3 g8f6 f1e2 d8b6
Position; fen r1bqkbnr/ppppppp1/n6p/8/5P2/7N/PPPPP1PP/RNBQKB1R w KQkq - 1 3
Moves; b2b4 d7d5 c2c4 d5c4 a2a3 c7c6 c1b2 e7e5 h3f2
Warning; Bestmove does not match beginning of last PV - move e8f8 from B
Info; info depth 16 seldepth 24 multipv 1 score cp 663 nodes 129533 nps 431776 hashfull 45 tbhits 0 time 300 pv e8h5 h3h4 f5h4 e2g1 h5f7 a2b2 f7g6 h1h2 b8g8 g1e2 h4f3 f2f3 g6g4 f3f2
Position; fen rnbqkbnr/1ppp1ppp/8/p3p3/8/2N2P2/PPPPP1PP/R1BQKBNR w KQkq - 0 3
Moves; c3b5 d7d5 b5c7 d8c7 a1b1 f8e7 b1a1 b8c6 c2c3 c8e6 d1b3 g8h6 g2g3 a5a4 b3d5 e6d5 a2a3 f7f6 e2e4 d5e6 h2h3 e6f7 g3g4 e8g8 g4g5 h6f5 g5f6 g7f6 e4f5 f8b8 f1c4 g8h8 c4f7 e7c5 a1a2 c6e7 f7e8 c5f2 e1f2 e7f5 e8a4 a8a4 b2b4 c7c6 b4b5 c6e8 b5b6 a4a8 g1e2
Warning; Bestmove does not match beginning of last PV - move e3e8 from B
Info; info depth 18 seldepth 25 multipv 1 score cp 1081 nodes 236087 nps 786956 hashfull 89 tbhits 0 time 300 pv f8e8 f1f2 b6c5 b2b4 e3g3 b1b2 g3g1 f2f1 e8e2 b2e2 d8h4 e1d2 g1f1 b4c5 f1f4 d2c3 f4g3 c3d2
Position; fen rnbqkbnr/p1ppp1pp/1p6/5p2/8/N2P4/PPP1PPPP/R1BQKBNR w KQkq - 0 3
Moves; c2c3 e7e6 g2g3 b8c6 c1g5 g8e7 g5e7 e8e7 e2e3 e7f7 d1h5 f7f6 h5g5 f6g5 f2f4 g5h6 a1b1 h6h5 f1e2 h5g6 d3d4 g6h6 g1f3 c8b7 f3g5 d8e7 g5f7 e7f7 h1f1 f8e7 d4d5 a8f8 d5e6 f7e6 a3c4 c6b4 h2h3 e6c6 c3b4 g7g6 c4d2 a7a5 a2a4 e7d8 d2b3 c6e4 b4a5 e4e3 b3c5
Warning; Bestmove does not match beginning of last PV - move g7f7 from B
Info; info depth 19 seldepth 6 multipv 1 score mate 3 nodes 204408 nps 681360 hashfull 76 tbhits 0 time 300 pv g7f8 f4g5 f8g7 g5h5 h3f5
Position; fen rnbqkbnr/p1ppp1pp/1p6/5p2/8/N2P4/PPP1PPPP/R1BQKBNR w KQkq - 0 3
Moves; e2e4 b6b5 a3b5 b8a6 c2c3 c7c6 b5d4 a8b8 g1f3 b8b7 d4f5 d8a5 a2a3 a5c3 e1e2 b7b2 f3d2 b2d2 c1d2 c3a1 f5d6 e7d6 d1a1 h7h5 h2h4 e8f7 a1b2 f7e6 g2g3 d6d5 e2e1 f8e7 b2a1 d5d4 a1a2 e6e5 d2g5 e7g5 f1h3 a6b8 h4g5 h5h4 a2f7 h4g3 f7g7 e5f4 g7f7 f4e5 f7g7 e5f4
Warning; Bestmove does not match beginning of last PV - move f5h6 from B
Info; info depth 17 seldepth 26 multipv 1 score cp 786 nodes 164988 nps 548132 hashfull 60 tbhits 0 time 301 pv e5f4 h1g1 f8h6 g1g4 h6h3 c1b2 h3h2 f2e1 f5h4 g4h4 h2h4 e1d1 h4h1 d1c2 h1f3 c2b1
Position; fen rnbqkbnr/1ppp1ppp/8/p3p3/8/2N2P2/PPPPP1PP/R1BQKBNR w KQkq - 0 3
Moves; c3b5 d7d5 b5c7 d8c7 a1b1 f8e7 b1a1 b8c6 c2c3 c8e6 d1b3 g8h6 g2g3 a5a4 b3d5 e6d5 a2a3 f7f6 e2e4 d5e6 h2h3 e6f7 g3g4 e8g8 g4g5 h6f5 g5f6 g7f6 e4f5 f8b8 f1c4 g8h8 c4f7 e7c5 a1a2 c6e7 f7e8 c5f2 e1f2 e7f5 e8a4 a8a4 b2b4 c7c6 b4b5 c6e8 b5b6 a4a8 g1e2 e8f8 e2f4
Warning; Bestmove does not match beginning of last PV - move c7b6 from B
Info; info depth 16 seldepth 29 multipv 1 score cp 730 nodes 179277 nps 597590 hashfull 64 tbhits 0 time 300 pv e8e3 b2b4 f8e8 f1f2 c7b6 c5b7 e3e4 b1d1 e4h1 e1d2 h1b7 g3g4 d8h4
Position; fen rnbqkbnr/p1ppp1pp/1p6/5p2/8/N2P4/PPP1PPPP/R1BQKBNR w KQkq - 0 3
Moves; c2c3 e7e6 g2g3 b8c6 c1g5 g8e7 g5e7 e8e7 e2e3 e7f7 d1h5 f7f6 h5g5 f6g5 f2f4 g5h6 a1b1 h6h5 f1e2 h5g6 d3d4 g6h6 g1f3 c8b7 f3g5 d8e7 g5f7 e7f7 h1f1 f8e7 d4d5 a8f8 d5e6 f7e6 a3c4 c6b4 h2h3 e6c6 c3b4 g7g6 c4d2 a7a5 a2a4 e7d8 d2b3 c6e4 b4a5 e4e3 b3c5 e3e8 a5b6
Warning; Bestmove does not match beginning of last PV - move f7f5 from B
Info; info depth 17 seldepth 24 multipv 1 score cp 884 nodes 238859 nps 796196 hashfull 82 tbhits 0 time 300 pv f2g3 e5d6 f7f4 d6c5 f4b8 a7a5 b8a7 c5b5 a3a4 b5a4 a7d4 a4b3 d4b6 b3c2 h1h2 c2d3 b6b3 d3d4 b3b2 d4e4
Position; fen rnbqkbnr/p1ppp1pp/1p6/5p2/8/N2P4/PPP1PPPP/R1BQKBNR w KQkq - 0 3
Moves; e2e4 b6b5 a3b5 b8a6 c2c3 c7c6 b5d4 a8b8 g1f3 b8b7 d4f5 d8a5 a2a3 a5c3 e1e2 b7b2 f3d2 b2d2 c1d2 c3a1 f5d6 e7d6 d1a1 h7h5 h2h4 e8f7 a1b2 f7e6 g2g3 d6d5 e2e1 f8e7 b2a1 d5d4 a1a2 e6e5 d2g5 e7g5 f1h3 a6b8 h4g5 h5h4 a2f7 h4g3 f7g7 e5f4 g7f7 f4e5 f7g7 e5f4 g7f7 f4e5
Warning; Bestmove does not match beginning of last PV - move c1a1 from B
Info; info depth 17 seldepth 28 multipv 1 score cp 962 nodes 225554 nps 751846 hashfull 83 tbhits 0 time 300 pv a3b4 a7a8 b2a3 g8e7 g3e4 d7d5 e4d6 e8f8 d6c8 e7c8 b4b5 c8e7 g1e2
Position; fen rnbqkbnr/1ppp1ppp/8/p3p3/8/2N2P2/PPPPP1PP/R1BQKBNR w KQkq - 0 3
Moves; e2e3 e5e4 c3e4 a8a7 b2b3 b8a6 c1b2 d8h4 e4g3 h4h2 h1h2 a6b4 f3f4 a5a4 a1c1 b4c2 d1c2 f7f6 b3b4 f8b4 a2a3 c7c6
Warning; Bestmove does not match beginning of last PV - move b7e4 from B
Info; info depth 18 seldepth 23 multipv 1 score cp 873 nodes 216891 nps 722970 hashfull 80 tbhits 0 time 300 pv e8d7 f1f2 f8e8 g3g4 e8e2 f2e2 d8h4 e1f1 d7a4 b2b4 b7a6 f1g1 a6e2 g1h2
Position; fen rnbqkbnr/p1ppp1pp/1p6/5p2/8/N2P4/PPP1PPPP/R1BQKBNR w KQkq - 0 3
Moves; c2c3 e7e6 g2g3 b8c6 c1g5 g8e7 g5e7 e8e7 e2e3 e7f7 d1h5 f7f6 h5g5 f6g5 f2f4 g5h6 a1b1 h6h5 f1e2 h5g6 d3d4 g6h6 g1f3 c8b7 f3g5 d8e7 g5f7 e7f7 h1f1 f8e7 d4d5 a8f8 d5e6 f7e6 a3c4 c6b4 h2h3 e6c6 c3b4 g7g6 c4d2 a7a5 a2a4 e7d8 d2b3 c6e4 b4a5 e4e3 b3c5 e3e8 a5b6 c7b6 c5d7
Warning; Bestmove does not match beginning of last PV - move a1a2 from B
Info; info depth 17 seldepth 24 multipv 1 score cp 1035 nodes 225837 nps 752790 hashfull 75 tbhits 0 time 300 pv c2g6 e8d8 g6g7 d8c7 g7h8 b4d2 e1d2 g8e7 d2e1 e7d5 h8h5 d7d6 g3e4 c7b8
Position; fen rnbqkbnr/1ppp1ppp/8/p3p3/8/2N2P2/PPPPP1PP/R1BQKBNR w KQkq - 0 3
Moves; e2e3 e5e4 c3e4 a8a7 b2b3 b8a6 c1b2 d8h4 e4g3 h4h2 h1h2 a6b4 f3f4 a5a4 a1c1 b4c2 d1c2 f7f6 b3b4 f8b4 a2a3 c7c6 c1a1 h7h5
Warning; Bestmove does not match beginning of last PV - move e3f2 from B
Info; info depth 17 seldepth 17 multipv 1 score cp 615 nodes 88848 nps 295176 hashfull 30 tbhits 0 time 301 pv d8d4 d1e2 c8e6 d2e3 d4f6 b1d2 f8e7 f2e4 f6g6 d2c4 g6e4
Position; fen r1bqkbnr/ppppppp1/n6p/8/5P2/7N/PPPPP1PP/RNBQKB1R w KQkq - 1 3
Moves; b2b4 d7d5 c2c4 d5c4 a2a3 c7c6 c1b2 e7e5 h3f2 a6c7 e2e3 e5f4 a1a2 f4e3 b2d4
Warning; Bestmove does not match beginning of last PV - move f8g7 from B
Info; info depth 17 seldepth 31 multipv 1 score cp 771 nodes 272802 nps 909340 hashfull 98 tbhits 0 time 300 pv f8c5 d2d4 c5d5 h1e1 d5a2 e1e2 a2b1 c1b2 b1f5 d4e5 f5f4 f2g1 f4g3 g1f1 g3h3 f1e1 h3g3 e1f1 h6g4 e5f6 g3f3 f1e1
Position; fen rnbqkbnr/1ppp1ppp/8/p3p3/8/2N2P2/PPPPP1PP/R1BQKBNR w KQkq - 0 3
Moves; c3b5 d7d5 b5c7 d8c7 a1b1 f8e7 b1a1 b8c6 c2c3 c8e6 d1b3 g8h6 g2g3 a5a4 b3d5 e6d5 a2a3 f7f6 e2e4 d5e6 h2h3 e6f7 g3g4 e8g8 g4g5 h6f5 g5f6 g7f6 e4f5 f8b8 f1c4 g8h8 c4f7 e7c5 a1a2 c6e7 f7e8 c5f2 e1f2 e7f5 e8a4 a8a4 b2b4 c7c6 b4b5 c6e8 b5b6 a4a8 g1e2 e8f8 e2f4 f5h6 f4g6 h7g6 f3f4
Warning; Bestmove does not match beginning of last PV - move e4b1 from B
Info; info depth 17 seldepth 29 multipv 1 score cp 842 nodes 223505 nps 745016 hashfull 86 tbhits 0 time 300 pv d8h4 f1f2 e4b1 d7f8 h8f8 g4g5 h6g7 e1f1 e8e3 f2f3 e3c1 f1g2 b1e4 g2h2 e4f3
Position; fen rnbqkbnr/p1ppp1pp/1p6/5p2/8/N2P4/PPP1PPPP/R1BQKBNR w KQkq - 0 3
Moves; c2c3 e7e6 g2g3 b8c6 c1g5 g8e7 g5e7 e8e7 e2e3 e7f7 d1h5 f7f6 h5g5 f6g5 f2f4 g5h6 a1b1 h6h5 f1e2 h5g6 d3d4 g6h6 g1f3 c8b7 f3g5 d8e7 g5f7 e7f7 h1f1 f8e7 d4d5 a8f8 d5e6 f7e6 a3c4 c6b4 h2h3 e6c6 c3b4 g7g6 c4d2 a7a5 a2a4 e7d8 d2b3 c6e4 b4a5 e4e3 b3c5 e3e8 a5b6 c7b6 c5d7 b7e4 g3g4
Warning; Bestmove does not match beginning of last PV - move b7b5 from B
Info; info depth 16 seldepth 21 multipv 1 score cp 541 nodes 131945 nps 439816 hashfull 50 tbhits 0 time 300 pv c8e6 f1e2 c7d5 e1g1 g8f6 e2c4 f8e7 a2c2 b7b5 c4e2 e7d6 g1h1
Position; fen r1bqkbnr/ppppppp1/n6p/8/5P2/7N/PPPPP1PP/RNBQKB1R w KQkq - 1 3
Moves; b2b4 d7d5 c2c4 d5c4 a2a3 c7c6 c1b2 e7e5 h3f2 a6c7 e2e3 e5f4 a1a2 f4e3 b2d4 e3f2 d4f2
Warning; Bestmove does not match beginning of last PV - move g6g5 from B
Info; info depth 18 seldepth 30 multipv 1 score cp 698 nodes 314050 nps 1046833 hashfull 107 tbhits 0 time 300 pv g7f7 a2b2 f6e5 f2e1 b8f8 d2d3 f7f3 h1g1 f3d3 c1h6 d3c3 b2d2 c3c1 e1e2 c1g1 h6f8 a8f8 h3h4 f8f2 e2d3
Position; fen rnbqkbnr/1ppp1ppp/8/p3p3/8/2N2P2/PPPPP1PP/R1BQKBNR w KQkq - 0 3
Moves; c3b5 d7d5 b5c7 d8c7 a1b1 f8e7 b1a1 b8c6 c2c3 c8e6 d1b3 g8h6 g2g3 a5a4 b3d5 e6d5 a2a3 f7f6 e2e4 d5e6 h2h3 e6f7 g3g4 e8g8 g4g5 h6f5 g5f6 g7f6 e4f5 f8b8 f1c4 g8h8 c4f7 e7c5 a1a2 c6e7 f7e8 c5f2 e1f2 e7f5 e8a4 a8a4 b2b4 c7c6 b4b5 c6e8 b5b6 a4a8 g1e2 e8f8 e2f4 f5h6 f4g6 h7g6 f3f4 f8g7 f4e5
Warning; Bestmove does not match beginning of last PV - move h8f8 from B
Info; info depth 17 seldepth 34 multipv 1 score cp 907 nodes 286637 nps 955456 hashfull 115 tbhits 0 time 300 pv d8h4 e1d2 h8f8 f1b1 e8a4 e2d3 a4f4 d2c3 f8c8 c3b3 f4e3 b1d1 e3e6 b3a3 c8a8 a3b4 h4e7 b4c3 a8c8 c3d2
Position; fen rnbqkbnr/p1ppp1pp/1p6/5p2/8/N2P4/PPP1PPPP/R1BQKBNR w KQkq - 0 3
Moves; c2c3 e7e6 g2g3 b8c6 c1g5 g8e7 g5e7 e8e7 e2e3 e7f7 d1h5 f7f6 h5g5 f6g5 f2f4 g5h6 a1b1 h6h5 f1e2 h5g6 d3d4 g6h6 g1f3 c8b7 f3g5 d8e7 g5f7 e7f7 h1f1 f8e7 d4d5 a8f8 d5e6 f7e6 a3c4 c6b4 h2h3 e6c6 c3b4 g7g6 c4d2 a7a5 a2a4 e7d8 d2b3 c6e4 b4a5 e4e3 b3c5 e3e8 a5b6 c7b6 c5d7 b7e4 g3g4 e4b1 d7f8
Warning; Bestmove does not match beginning of last PV - move c7e6 from B
Info; info depth 17 seldepth 21 multipv 1 score cp 637 nodes 160686 nps 535620 hashfull 58 tbhits 0 time 300 pv d8d5 h1g1 g8f6 b1c3 d5e6 f1e2 c8d7 d1a1 f8e7 g1f1 e8g8 f2e3 f8e8 e2f3 f6d5
Position; fen r1bqkbnr/ppppppp1/n6p/8/5P2/7N/PPPPP1PP/RNBQKB1R w KQkq - 1 3
Moves; b2b4 d7d5 c2c4 d5c4 a2a3 c7c6 c1b2 e7e5 h3f2 a6c7 e2e3 e5f4 a1a2 f4e3 b2d4 e3f2 d4f2 b7b5 g2g3
Warning; Bestmove does not match beginning of last PV - move h6g8 from B
Info; info depth 17 seldepth 28 multipv 1 score cp 688 nodes 235128 nps 783760 hashfull 91 tbhits 0 time 300 pv g7h7 h1e1 b8e8 f2g1 h7g8 e6e7 g8a2 e1f1 e8e7 f1f6 e7e1 g1g2 e1e2 g2g1
Position; fen rnbqkbnr/1ppp1ppp/8/p3p3/8/2N2P2/PPPPP1PP/R1BQKBNR w KQkq - 0 3
Moves; c3b5 d7d5 b5c7 d8c7 a1b1 f8e7 b1a1 b8c6 c2c3 c8e6 d1b3 g8h6 g2g3 a5a4 b3d5 e6d5 a2a3 f7f6 e2e4 d5e6 h2h3 e6f7 g3g4 e8g8 g4g5 h6f5 g5f6 g7f6 e4f5 f8b8 f1c4 g8h8 c4f7 e7c5 a1a2 c6e7 f7e8 c5f2 e1f2 e7f5 e8a4 a8a4 b2b4 c7c6 b4b5 c6e8 b5b6 a4a8 g1e2 e8f8 e2f4 f5h6 f4g6 h7g6 f3f4 f8g7 f4e5 g6g5 e5e6
Warning; Bestmove does not match beginning of last PV - move e8e4 from B
Info; info depth 22 seldepth 20 multipv 1 score mate 9 nodes 329936 nps 1099786 hashfull 130 tbhits 0 time 300 pv d8h4 e1d2 e8e4 f1b1 f8d8 d2c3 e4a4 b2b4 a4a2 b4b5 h4f6 c3b4 d8d4 b4c3 d4e4 c3d3 a2e2
Position; fen rnbqkbnr/p1ppp1pp/1p6/5p2/8/N2P4/PPP1PPPP/R1BQKBNR w KQkq - 0 3
Moves; c2c3 e7e6 g2g3 b8c6 c1g5 g8e7 g5e7 e8e7 e2e3 e7f7 d1h5 f7f6 h5g5 f6g5 f2f4 g5h6 a1b1 h6h5 f1e2 h5g6 d3d4 g6h6 g1f3 c8b7 f3g5 d8e7 g5f7 e7f7 h1f1 f8e7 d4d5 a8f8 d5e6 f7e6 a3c4 c6b4 h2h3 e6c6 c3b4 g7g6 c4d2 a7a5 a2a4 e7d8 d2b3 c6e4 b4a5 e4e3 b3c5 e3e8 a5b6 c7b6 c5d7 b7e4 g3g4 e4b1 d7f8 h8f8 g4f5
Warning; Bestmove does not match beginning of last PV - move g5g6 from B
Info; info depth 29 seldepth 8 multipv 1 score mate 4 nodes 243593 nps 811976 hashfull 83 tbhits 0 time 300 pv h1h3 g8h6 h3h6 f7f8 h6h8 f8f7 e5f6
Position; fen rnbqkbnr/p1ppp1pp/1p6/5p2/8/N2P4/PPP1PPPP/R1BQKBNR w KQkq - 0 3
Moves; e2e4 b6b5 a3b5 b8a6 c2c3 c7c6 b5d4 a8b8 g1f3 b8b7 d4f5 d8a5 a2a3 a5c3 e1e2 b7b2 f3d2 b2d2 c1d2 c3a1 f5d6 e7d6 d1a1 h7h5 h2h4 e8f7 a1b2 f7e6 g2g3 d6d5 e2e1 f8e7 b2a1 d5d4 a1a2 e6e5 d2g5 e7g5 f1h3 a6b8 h4g5 h5h4 a2f7 h4g3 f7g7 e5f4 g7f7 f4e5 f7g7 e5f4 g7f7 f4e5 f7f5 e5d6 f5f4 d6e7 f4e5 e7f7 f2g3 h8h3
Warning; Bestmove does not match beginning of last PV - move h2h4 from B
Info; info depth 17 seldepth 21 multipv 1 score cp 990 nodes 209600 nps 696345 hashfull 86 tbhits 0 time 301 pv d4a7 d7d5 d2a5 d8d7 f1d3 h6g4 h2h4 g7g5 h4h5 h8h5 g3h5 d7e8 a5c7 c8e6
Position; fen rnbqkbnr/1ppp1ppp/8/p3p3/8/2N2P2/PPPPP1PP/R1BQKBNR w KQkq - 0 3
Moves; e2e3 e5e4 c3e4 a8a7 b2b3 b8a6 c1b2 d8h4 e4g3 h4h2 h1h2 a6b4 f3f4 a5a4 a1c1 b4c2 d1c2 f7f6 b3b4 f8b4 a2a3 c7c6 c1a1 h7h5 a1a2 b4d2 c2d2 e8d8 b2d4 g8h6
Warning; Bestmove does not match beginning of last PV - move a8b8 from B
Info; info depth 16 seldepth 26 multipv 1 score cp 562 nodes 167283 nps 557610 hashfull 63 tbhits 0 time 300 pv d8d5 b1c3 d5h1 e1f2 g8f6 f1g2 h1g2 f2g2 f8e7 a3a4 e8g8 a4b5 c6b5 d1f3 c8d7 a2a6 f8b8 a6a7
Position; fen r1bqkbnr/ppppppp1/n6p/8/5P2/7N/PPPPP1PP/RNBQKB1R w KQkq - 1 3
Moves; b2b4 d7d5 c2c4 d5c4 a2a3 c7c6 c1b2 e7e5 h3f2 a6c7 e2e3 e5f4 a1a2 f4e3 b2d4 e3f2 d4f2 b7b5 g2g3 c7e6 f2g1
Warning; Bestmove does not match beginning of last PV - move h8h7 from B
Info; info depth 17 seldepth 28 multipv 1 score cp 739 nodes 220861 nps 736203 hashfull 83 tbhits 0 time 300 pv g7e7 e3f2 e7e6 a2b2 e6f5 f2g2 f5e4 g2g1 e4e1 g1g2 e1e2 g2g1 e2e7 d2d4 e7e1 g1h2
Position; fen rnbqkbnr/1ppp1ppp/8/p3p3/8/2N2P2/PPPPP1PP/R1BQKBNR w KQkq - 0 3
Moves; c3b5 d7d5 b5c7 d8c7 a1b1 f8e7 b1a1 b8c6 c2c3 c8e6 d1b3 g8h6 g2g3 a5a4 b3d5 e6d5 a2a3 f7f6 e2e4 d5e6 h2h3 e6f7 g3g4 e8g8 g4g5 h6f5 g5f6 g7f6 e4f5 f8b8 f1c4 g8h8 c4f7 e7c5 a1a2 c6e7 f7e8 c5f2 e1f2 e7f5 e8a4 a8a4 b2b4 c7c6 b4b5 c6e8 b5b6 a4a8 g1e2 e8f8 e2f4 f5h6 f4g6 h7g6 f3f4 f8g7 f4e5 g6g5 e5e6 h6g8 f2e3
Warning; Bestmove does not match beginning of last PV - move d4f6 from B
Info; info depth 17 seldepth 28 multipv 1 score cp 999 nodes 274932 nps 916440 hashfull 109 tbhits 0 time 300 pv d2b4 e8e7 b4b6 d8e8 b6b1 h6g4 g3f5 a7a8 h4g4
Position; fen rnbqkbnr/1ppp1ppp/8/p3p3/8/2N2P2/PPPPP1PP/R1BQKBNR w KQkq - 0 3
Moves; e2e3 e5e4 c3e4 a8a7 b2b3 b8a6 c1b2 d8h4 e4g3 h4h2 h1h2 a6b4 f3f4 a5a4 a1c1 b4c2 d1c2 f7f6 b3b4 f8b4 a2a3 c7c6 c1a1 h7h5 a1a2 b4d2 c2d2 e8d8 b2d4 g8h6 h2h4 h8e8
Warning; Bestmove does not match beginning of last PV - move b8a8 from B
Info; info depth 16 seldepth 21 multipv 1 score cp 504 nodes 116961 nps 389870 hashfull 45 tbhits 0 time 300 pv f8d6 f1g2 g8f6 e1g1 e8g8 b1c3 e6g5 d2d3 c8g4 d1d2 g4e6
Position; fen r1bqkbnr/ppppppp1/n6p/8/5P2/7N/PPPPP1PP/RNBQKB1R w KQkq - 1 3
Moves; b2b4 d7d5 c2c4 d5c4 a2a3 c7c6 c1b2 e7e5 h3f2 a6c7 e2e3 e5f4 a1a2 f4e3 b2d4 e3f2 d4f2 b7b5 g2g3 c7e6 f2g1 a8b8 g1a7
Warning; Bestmove does not match beginning of last PV - move h7h8 from B
Info; info depth 17 seldepth 27 multipv 1 score cp 673 nodes 235019 nps 783396 hashfull 89 tbhits 0 time 300 pv g7e7 e3f2 e7e6 a2b2 e6h3 f2g1 h3g3 g1h1 g3h4 h1g2 b8e8 d2d3 e8e1 c3c4 e1f1 g2f1 h4h1 f1f2
Position; fen rnbqkbnr/1ppp1ppp/8/p3p3/8/2N2P2/PPPPP1PP/R1BQKBNR w KQkq - 0 3
Moves; c3b5 d7d5 b5c7 d8c7 a1b1 f8e7 b1a1 b8c6 c2c3 c8e6 d1b3 g8h6 g2g3 a5a4 b3d5 e6d5 a2a3 f7f6 e2e4 d5e6 h2h3 e6f7 g3g4 e8g8 g4g5 h6f5 g5f6 g7f6 e4f5 f8b8 f1c4 g8h8 c4f7 e7c5 a1a2 c6e7 f7e8 c5f2 e1f2 e7f5 e8a4 a8a4 b2b4 c7c6 b4b5 c6e8 b5b6 a4a8 g1e2 e8f8 e2f4 f5h6 f4g6 h7g6 f3f4 f8g7 f4e5 g6g5 e5e6 h6g8 f2e3 h8h7 h1f1
Warning; Bestmove does not match beginning of last PV - move f5g4 from B
Info; info depth 26 seldepth 12 multipv 1 score mate 6 nodes 242944 nps 809813 hashfull 78 tbhits 0 time 300 pv h1h3 g8h6 f5g5 g7f8 h3h6 d7d5 h6h8 f8f7 h8h7 f7e6 g5e7
Position; fen rnbqkbnr/p1ppp1pp/1p6/5p2/8/N2P4/PPP1PPPP/R1BQKBNR w KQkq - 0 3
Moves; e2e4 b6b5 a3b5 b8a6 c2c3 c7c6 b5d4 a8b8 g1f3 b8b7 d4f5 d8a5 a2a3 a5c3 e1e2 b7b2 f3d2 b2d2 c1d2 c3a1 f5d6 e7d6 d1a1 h7h5 h2h4 e8f7 a1b2 f7e6 g2g3 d6d5 e2e1 f8e7 b2a1 d5d4 a1a2 e6e5 d2g5 e7g5 f1h3 a6b8 h4g5 h5h4 a2f7 h4g3 f7g7 e5f4 g7f7 f4e5 f7g7 e5f4 g7f7 f4e5 f7f5 e5d6 f5f4 d6e7 f4e5 e7f7 f2g3 h8h3 g5g6 f7g6 e5f5 g6g7
Warning; Bestmove does not match beginning of last PV - move e3e4 from B
Info; info depth 17 seldepth 21 multipv 1 score cp 928 nodes 342064 nps 1140213 hashfull 123 tbhits 0 time 300 pv f6d4 b7b6 g1e2 h6g4 d2c3 a7b7 h4g4 h5g4 d4g7 c7b8 a2c2 c6c5 g7e5 e8e5 c3e5 b8a7
Position; fen rnbqkbnr/1ppp1ppp/8/p3p3/8/2N2P2/PPPPP1PP/R1BQKBNR w KQkq - 0 3
Moves; e2e3 e5e4 c3e4 a8a7 b2b3 b8a6 c1b2 d8h4 e4g3 h4h2 h1h2 a6b4 f3f4 a5a4 a1c1 b4c2 d1c2 f7f6 b3b4 f8b4 a2a3 c7c6 c1a1 h7h5 a1a2 b4d2 c2d2 e8d8 b2d4 g8h6 h2h4 h8e8 d4f6 d8c7
Warning; Bestmove does not match beginning of last PV - move e6f4 from B
Info; info depth 17 seldepth 19 multipv 1 score cp 754 nodes 172435 nps 574783 hashfull 61 tbhits 0 time 300 pv a8a7 f1g2 e6d4 e2e1 f8b4 a3b4 a7a2 b1c3 g8e7
Position; fen r1bqkbnr/ppppppp1/n6p/8/5P2/7N/PPPPP1PP/RNBQKB1R w KQkq - 1 3
Moves; b2b4 d7d5 c2c4 d5c4 a2a3 c7c6 c1b2 e7e5 h3f2 a6c7 e2e3 e5f4 a1a2 f4e3 b2d4 e3f2 d4f2 b7b5 g2g3 c7e6 f2g1 a8b8 g1a7 b8a8 e1e2
Warning; Bestmove does not match beginning of last PV - move c2e4 from B
Info; info depth 54 seldepth 4 multipv 1 score mate 2 nodes 576511 nps 1921703 hashfull 11 tbhits 0 time 300 pv f8e8 e3d4 c2c5
Position; fen rnbqkbnr/p1ppp1pp/1p6/5p2/8/N2P4/PPP1PPPP/R1BQKBNR w KQkq - 0 3
Moves; c2c3 e7e6 g2g3 b8c6 c1g5 g8e7 g5e7 e8e7 e2e3 e7f7 d1h5 f7f6 h5g5 f6g5 f2f4 g5h6 a1b1 h6h5 f1e2 h5g6 d3d4 g6h6 g1f3 c8b7 f3g5 d8e7 g5f7 e7f7 h1f1 f8e7 d4d5 a8f8 d5e6 f7e6 a3c4 c6b4 h2h3 e6c6 c3b4 g7g6 c4d2 a7a5 a2a4 e7d8 d2b3 c6e4 b4a5 e4e3 b3c5 e3e8 a5b6 c7b6 c5d7 b7e4 g3g4 e4b1 d7f8 h8f8 g4f5 e8e4 f5g6 d8h4 e1d2 e4c2 d2e3
Warning; Bestmove does not match beginning of last PV - move b8e8 from B
Info; info depth 18 seldepth 34 multipv 1 score cp 816 nodes 309876 nps 1032920 hashfull 112 tbhits 0 time 300 pv g7e7 e3f2 e7e6 f5c5 e6a2 h3h4 a2b1 h4g5 b1c1 g5g6 c1d2 f2f3 d2d3 f3f2 d3g6 c5b5 g6h6
Position; fen rnbqkbnr/1ppp1ppp/8/p3p3/8/2N2P2/PPPPP1PP/R1BQKBNR w KQkq - 0 3
Moves; c3b5 d7d5 b5c7 d8c7 a1b1 f8e7 b1a1 b8c6 c2c3 c8e6 d1b3 g8h6 g2g3 a5a4 b3d5 e6d5 a2a3 f7f6 e2e4 d5e6 h2h3 e6f7 g3g4 e8g8 g4g5 h6f5 g5f6 g7f6 e4f5 f8b8 f1c4 g8h8 c4f7 e7c5 a1a2 c6e7 f7e8 c5f2 e1f2 e7f5 e8a4 a8a4 b2b4 c7c6 b4b5 c6e8 b5b6 a4a8 g1e2 e8f8 e2f4 f5h6 f4g6 h7g6 f3f4 f8g7 f4e5 g6g5 e5e6 h6g8 f2e3 h8h7 h1f1 h7h8 f1f5
Warning; Bestmove does not match beginning of last PV - move g4f5 from B
Info; info depth 22 seldepth 22 multipv 1 score mate 10 nodes 210191 nps 700636 hashfull 68 tbhits 0 time 300 pv h1h3 f7e7 g4g8 b8a6 h3h7 e7d6 g8c8 a6c5 c8f8 d6c7 f8c5 c7b8 c5d6 b8b7 d6d7 b7b6 d7a7 b6b5 h7b7
Position; fen rnbqkbnr/p1ppp1pp/1p6/5p2/8/N2P4/PPP1PPPP/R1BQKBNR w KQkq - 0 3
Moves; e2e4 b6b5 a3b5 b8a6 c2c3 c7c6 b5d4 a8b8 g1f3 b8b7 d4f5 d8a5 a2a3 a5c3 e1e2 b7b2 f3d2 b2d2 c1d2 c3a1 f5d6 e7d6 d1a1 h7h5 h2h4 e8f7 a1b2 f7e6 g2g3 d6d5 e2e1 f8e7 b2a1 d5d4 a1a2 e6e5 d2g5 e7g5 f1h3 a6b8 h4g5 h5h4 a2f7 h4g3 f7g7 e5f4 g7f7 f4e5 f7g7 e5f4 g7f7 f4e5 f7f5 e5d6 f5f4 d6e7 f4e5 e7f7 f2g3 h8h3 g5g6 f7g6 e5f5 g6g7 f5g4 g7f7
Warning; Bestmove does not match beginning of last PV - move a2b2 from B
Info; info depth 17 seldepth 22 multipv 1 score cp 928 nodes 324334 nps 1081113 hashfull 120 tbhits 0 time 300 pv f6d4 h6g4 f1d3 b7b6 g1e2 e8d8 d2c3 a7b7 a2a1 d5e4 g3e4 c8f5
Position; fen rnbqkbnr/1ppp1ppp/8/p3p3/8/2N2P2/PPPPP1PP/R1BQKBNR w KQkq - 0 3
Moves; e2e3 e5e4 c3e4 a8a7 b2b3 b8a6 c1b2 d8h4 e4g3 h4h2 h1h2 a6b4 f3f4 a5a4 a1c1 b4c2 d1c2 f7f6 b3b4 f8b4 a2a3 c7c6 c1a1 h7h5 a1a2 b4d2 c2d2 e8d8 b2d4 g8h6 h2h4 h8e8 d4f6 d8c7 e3e4 d7d5
Warning; Bestmove does not match beginning of last PV - move f8d8 from B
Info; info depth 61 seldepth 6 multipv 1 score mate 3 nodes 844379 nps 2814596 hashfull 24 tbhits 0 time 300 pv e4c2 d2e3 f8e8 e3d4 c2c5
Position; fen rnbqkbnr/p1ppp1pp/1p6/5p2/8/N2P4/PPP1PPPP/R1BQKBNR w KQkq - 0 3
Moves; c2c3 e7e6 g2g3 b8c6 c1g5 g8e7 g5e7 e8e7 e2e3 e7f7 d1h5 f7f6 h5g5 f6g5 f2f4 g5h6 a1b1 h6h5 f1e2 h5g6 d3d4 g6h6 g1f3 c8b7 f3g5 d8e7 g5f7 e7f7 h1f1 f8e7 d4d5 a8f8 d5e6 f7e6 a3c4 c6b4 h2h3 e6c6 c3b4 g7g6 c4d2 a7a5 a2a4 e7d8 d2b3 c6e4 b4a5 e4e3 b3c5 e3e8 a5b6 c7b6 c5d7 b7e4 g3g4 e4b1 d7f8 h8f8 g4f5 e8e4 f5g6 d8h4 e1d2 e4c2 d2e3 c2e4 e3d2
Warning; Bestmove does not match beginning of last PV - move a8a7 from B
Info; info depth 18 seldepth 27 multipv 1 score cp 885 nodes 243549 nps 811830 hashfull 93 tbhits 0 time 300 pv c8g4 e2f2 g4d1 a7d4 d1f3 f1g2 f3g2 h1e1 e8d7 b1c3 g8f6 d4c5 f6g4 f2g2
Position; fen r1bqkbnr/ppppppp1/n6p/8/5P2/7N/PPPPP1PP/RNBQKB1R w KQkq - 1 3
Moves; b2b4 d7d5 c2c4 d5c4 a2a3 c7c6 c1b2 e7e5 h3f2 a6c7 e2e3 e5f4 a1a2 f4e3 b2d4 e3f2 d4f2 b7b5 g2g3 c7e6 f2g1 a8b8 g1a7 b8a8 e1e2 e6f4 e2e3 f4d5 e3e2
Warning; Bestmove does not match beginning of last PV - move e6e2 from B
Info; info depth 19 seldepth 22 multipv 1 score mate 11 nodes 329186 nps 1097286 hashfull 119 tbhits 0 time 300 pv g7h7 f5g5 h7h4 f2f3 h4g5 b2a1 g5f5 f3g3 f5d3 g3g4 e6e4 g4f5 e4e2 f5g4 a8a4 c3c4 a4c4 a1d4 c4d4 g4h5 d3h7
Position; fen rnbqkbnr/1ppp1ppp/8/p3p3/8/2N2P2/PPPPP1PP/R1BQKBNR w KQkq - 0 3
Moves; c3b5 d7d5 b5c7 d8c7 a1b1 f8e7 b1a1 b8c6 c2c3 c8e6 d1b3 g8h6 g2g3 a5a4 b3d5 e6d5 a2a3 f7f6 e2e4 d5e6 h2h3 e6f7 g3g4 e8g8 g4g5 h6f5 g5f6 g7f6 e4f5 f8b8 f1c4 g8h8 c4f7 e7c5 a1a2 c6e7 f7e8 c5f2 e1f2 e7f5 e8a4 a8a4 b2b4 c7c6 b4b5 c6e8 b5b6 a4a8 g1e2 e8f8 e2f4 f5h6 f4g6 h7g6 f3f4 f8g7 f4e5 g6g5 e5e6 h6g8 f2e3 h8h7 h1f1 h7h8 f1f5 b8e8 c1b2 e8e6 e3f2
Finished game 3 (A vs B): 0-1 {Black mates}
Started game 8 of 16 (B vs A)
Warning; Bestmove does not match beginning of last PV - move h3h2 from B
Info; info depth 20 seldepth 8 multipv 1 score mate 4 nodes 265415 nps 884716 hashfull 88 tbhits 0 time 300 pv e4e5 f6h5 h3h5 c8a6 f5f6 g7g8 h5h8
Position; fen rnbqkbnr/p1ppp1pp/1p6/5p2/8/N2P4/PPP1PPPP/R1BQKBNR w KQkq - 0 3
Moves; e2e4 b6b5 a3b5 b8a6 c2c3 c7c6 b5d4 a8b8 g1f3 b8b7 d4f5 d8a5 a2a3 a5c3 e1e2 b7b2 f3d2 b2d2 c1d2 c3a1 f5d6 e7d6 d1a1 h7h5 h2h4 e8f7 a1b2 f7e6 g2g3 d6d5 e2e1 f8e7 b2a1 d5d4 a1a2 e6e5 d2g5 e7g5 f1h3 a6b8 h4g5 h5h4 a2f7 h4g3 f7g7 e5f4 g7f7 f4e5 f7g7 e5f4 g7f7 f4e5 f7f5 e5d6 f5f4 d6e7 f4e5 e7f7 f2g3 h8h3 g5g6 f7g6 e5f5 g6g7 f5g4 g7f7 g4f5 g8f6 h1h3 f7g7
Warning; Bestmove does not match beginning of last PV - move d2f4 from B
Info; info depth 17 seldepth 25 multipv 1 score cp 972 nodes 209931 nps 699770 hashfull 79 tbhits 0 time 300 pv f1e2 d5e4 h4e4 e8e4 g3e4 c7b8 f6e5 b8a8 d2d8 f5e7 d8e7 a7a5
Position; fen rnbqkbnr/1ppp1ppp/8/p3p3/8/2N2P2/PPPPP1PP/R1BQKBNR w KQkq - 0 3
Moves; e2e3 e5e4 c3e4 a8a7 b2b3 b8a6 c1b2 d8h4 e4g3 h4h2 h1h2 a6b4 f3f4 a5a4 a1c1 b4c2 d1c2 f7f6 b3b4 f8b4 a2a3 c7c6 c1a1 h7h5 a1a2 b4d2 c2d2 e8d8 b2d4 g8h6 h2h4 h8e8 d4f6 d8c7 e3e4 d7d5 a2b2 g7g6 f4f5 h6f5
Warning; Bestmove does not match beginning of last PV - move h6h5 from B
Info; info depth 17 seldepth 28 multipv 1 score cp 922 nodes 209050 nps 696833 hashfull 79 tbhits 0 time 300 pv d8f6 e2e1 f8d6 h1g1 a7e7 f1e2 c8h3 d1c1 d6g3 e1d1 g3b8 d1e1 f6h4 e1d1 b8c7 g1g7 g8f6 b1c3
Position; fen r1bqkbnr/ppppppp1/n6p/8/5P2/7N/PPPPP1PP/RNBQKB1R w KQkq - 1 3
Moves; b2b4 d7d5 c2c4 d5c4 a2a3 c7c6 c1b2 e7e5 h3f2 a6c7 e2e3 e5f4 a1a2 f4e3 b2d4 e3f2 d4f2 b7b5 g2g3 c7e6 f2g1 a8b8 g1a7 b8a8 e1e2 e6f4 e2e3 f4d5 e3e2 a8a7 h2h3
Warning; Bestmove does not match beginning of last PV - move a8d8 from B
Info; info depth 17 seldepth 29 multipv 1 score cp 741 nodes 167499 nps 558330 hashfull 54 tbhits 0 time 300 pv a8e8 e2d1 g7g6 f5f3 g6b1 b2c1 b1a2 c3c4 h8g7 c4c5 a2c4 d2d3 c4a4 d1d2
Position; fen rnbqkbnr/1ppp1ppp/8/p3p3/8/2N2P2/PPPPP1PP/R1BQKBNR w KQkq - 0 3
Moves; c3b5 d7d5 b5c7 d8c7 a1b1 f8e7 b1a1 b8c6 c2c3 c8e6 d1b3 g8h6 g2g3 a5a4 b3d5 e6d5 a2a3 f7f6 e2e4 d5e6 h2h3 e6f7 g3g4 e8g8 g4g5 h6f5 g5f6 g7f6 e4f5 f8b8 f1c4 g8h8 c4f7 e7c5 a1a2 c6e7 f7e8 c5f2 e1f2 e7f5 e8a4 a8a4 b2b4 c7c6 b4b5 c6e8 b5b6 a4a8 g1e2 e8f8 e2f4 f5h6 f4g6 h7g6 f3f4 f8g7 f4e5 g6g5 e5e6 h6g8 f2e3 h8h7 h1f1 h7h8 f1f5 b8e8 c1b2 e8e6 e3f2 e6e2 f2e2
Warning; Bestmove does not match beginning of last PV - move d2d4 from B
Info; info depth 11 seldepth 16 multipv 1 score cp 37 nodes 71536 nps 236092 hashfull 15 tbhits 0 time 303 pv h3f2 e7e6 b2b3 d8f6 d2d4 d7d5 e2e4 d5e4 f2e4
Position; fen r1bqkbnr/ppppppp1/n6p/8/5P2/7N/PPPPP1PP/RNBQKB1R w KQkq - 1 3
Moves; 
Warning; Bestmove does not match beginning of last PV - move f5g4 from B
Info; info depth 38 seldepth 4 multipv 1 score mate 2 nodes 303477 nps 1011590 hashfull 56 tbhits 0 time 300 pv h2h7 g7g8 f5f7
Position; fen rnbqkbnr/p1ppp1pp/1p6/5p2/8/N2P4/PPP1PPPP/R1BQKBNR w KQkq - 0 3
Moves; e2e4 b6b5 a3b5 b8a6 c2c3 c7c6 b5d4 a8b8 g1f3 b8b7 d4f5 d8a5 a2a3 a5c3 e1e2 b7b2 f3d2 b2d2 c1d2 c3a1 f5d6 e7d6 d1a1 h7h5 h2h4 e8f7 a1b2 f7e6 g2g3 d6d5 e2e1 f8e7 b2a1 d5d4 a1a2 e6e5 d2g5 e7g5 f1h3 a6b8 h4g5 h5h4 a2f7 h4g3 f7g7 e5f4 g7f7 f4e5 f7g7 e5f4 g7f7 f4e5 f7f5 e5d6 f5f4 d6e7 f4e5 e7f7 f2g3 h8h3 g5g6 f7g6 e5f5 g6g7 f5g4 g7f7 g4f5 g8f6 h1h3 f7g7 h3h2 f6g4
Warning; Bestmove does not match beginning of last PV - move b2d2 from B
Info; info depth 18 seldepth 31 multipv 1 score cp 1033 nodes 294885 nps 982950 hashfull 106 tbhits 0 time 300 pv g3f5 g6f5 f4f5 d7d6 f5f4 d6d7 f6e5 a7a5 h4h5 e8e5 f4e5 b7b6 h5h7 d7d8
Position; fen rnbqkbnr/1ppp1ppp/8/p3p3/8/2N2P2/PPPPP1PP/R1BQKBNR w KQkq - 0 3
Moves; e2e3 e5e4 c3e4 a8a7 b2b3 b8a6 c1b2 d8h4 e4g3 h4h2 h1h2 a6b4 f3f4 a5a4 a1c1 b4c2 d1c2 f7f6 b3b4 f8b4 a2a3 c7c6 c1a1 h7h5 a1a2 b4d2 c2d2 e8d8 b2d4 g8h6 h2h4 h8e8 d4f6 d8c7 e3e4 d7d5 a2b2 g7g6 f4f5 h6f5 d2f4 c7d7
Warning; Bestmove does not match beginning of last PV - move g7f8 from B
Info; info depth 18 seldepth 32 multipv 1 score cp 729 nodes 257285 nps 857616 hashfull 96 tbhits 0 time 300 pv g7f7 f5f1 f7a2 e2f2 d8e8 f1e1 e8e1 f2e1 g8e7 d2d3 a2b1 e1d2 h8g8 a3a4 b1a2 d2d1 e7d5
Position; fen rnbqkbnr/1ppp1ppp/8/p3p3/8/2N2P2/PPPPP1PP/R1BQKBNR w KQkq - 0 3
Moves; c3b5 d7d5 b5c7 d8c7 a1b1 f8e7 b1a1 b8c6 c2c3 c8e6 d1b3 g8h6 g2g3 a5a4 b3d5 e6d5 a2a3 f7f6 e2e4 d5e6 h2h3 e6f7 g3g4 e8g8 g4g5 h6f5 g5f6 g7f6 e4f5 f8b8 f1c4 g8h8 c4f7 e7c5 a1a2 c6e7 f7e8 c5f2 e1f2 e7f5 e8a4 a8a4 b2b4 c7c6 b4b5 c6e8 b5b6 a4a8 g1e2 e8f8 e2f4 f5h6 f4g6 h7g6 f3f4 f8g7 f4e5 g6g5 e5e6 h6g8 f2e3 h8h7 h1f1 h7h8 f1f5 b8e8 c1b2 e8e6 e3f2 e6e2 f2e2 a8d8 b2c1
Warning; Bestmove does not match beginning of last PV - move e2e3 from B
Info; info depth 12 seldepth 20 multipv 1 score cp 33 nodes 74203 nps 247343 hashfull 20 tbhits 0 time 300 pv h3f2 d7d5 b1c3 a6c7 e2e4 d5e4 c3e4 g8f6 c2c3 f6e4 f2e4
Position; fen r1bqkbnr/ppppppp1/n6p/8/5P2/7N/PPPPP1PP/RNBQKB1R w KQkq - 1 3
Moves; d2d4 c7c6
Warning; Bestmove does not match beginning of last PV - move g4h4 from B
Info; info depth 74 seldepth 6 multipv 1 score mate 3 nodes 695563 nps 2318543 hashfull 12 tbhits 0 time 300 pv h2h7 f6e5 h7h6 d7d6 g4g7
Position; fen rnbqkbnr/p1ppp1pp/1p6/5p2/8/N2P4/PPP1PPPP/R1BQKBNR w KQkq - 0 3
Moves; e2e4 b6b5 a3b5 b8a6 c2c3 c7c6 b5d4 a8b8 g1f3 b8b7 d4f5 d8a5 a2a3 a5c3 e1e2 b7b2 f3d2 b2d2 c1d2 c3a1 f5d6 e7d6 d1a1 h7h5 h2h4 e8f7 a1b2 f7e6 g2g3 d6d5 e2e1 f8e7 b2a1 d5d4 a1a2 e6e5 d2g5 e7g5 f1h3 a6b8 h4g5 h5h4 a2f7 h4g3 f7g7 e5f4 g7f7 f4e5 f7g7 e5f4 g7f7 f4e5 f7f5 e5d6 f5f4 d6e7 f4e5 e7f7 f2g3 h8h3 g5g6 f7g6 e5f5 g6g7 f5g4 g7f7 g4f5 g8f6 h1h3 f7g7 h3h2 f6g4 f5g4 g7f6
Warning; Bestmove does not match beginning of last PV - move f6d4 from B
Info; info depth 18 seldepth 29 multipv 1 score cp 1189 nodes 211134 nps 701441 hashfull 85 tbhits 0 time 301 pv d2d4 a7a6 f6g5 e8e7 f4f6 d7c7 f6e7 c7b6 g5f4 c8g4
Position; fen rnbqkbnr/1ppp1ppp/8/p3p3/8/2N2P2/PPPPP1PP/R1BQKBNR w KQkq - 0 3
Moves; e2e3 e5e4 c3e4 a8a7 b2b3 b8a6 c1b2 d8h4 e4g3 h4h2 h1h2 a6b4 f3f4 a5a4 a1c1 b4c2 d1c2 f7f6 b3b4 f8b4 a2a3 c7c6 c1a1 h7h5 a1a2 b4d2 c2d2 e8d8 b2d4 g8h6 h2h4 h8e8 d4f6 d8c7 e3e4 d7d5 a2b2 g7g6 f4f5 h6f5 d2f4 c7d7 b2d2 f5d4
Warning; Bestmove does not match beginning of last PV - move c8g4 from B
Info; info depth 17 seldepth 21 multipv 1 score cp 934 nodes 250416 nps 834720 hashfull 105 tbhits 0 time 300 pv a7a2 d1e2 c8e6 e2e5 d8f6 e5f6 g8f6 b1c3 a2a8 f3f2 d5c3 d2c3
Position; fen r1bqkbnr/ppppppp1/n6p/8/5P2/7N/PPPPP1PP/RNBQKB1R w KQkq - 1 3
Moves; b2b4 d7d5 c2c4 d5c4 a2a3 c7c6 c1b2 e7e5 h3f2 a6c7 e2e3 e5f4 a1a2 f4e3 b2d4 e3f2 d4f2 b7b5 g2g3 c7e6 f2g1 a8b8 g1a7 b8a8 e1e2 e6f4 e2e3 f4d5 e3e2 a8a7 h2h3 h6h5 e2f3 f8b4 a3b4
Warning; Bestmove does not match beginning of last PV - move h8h7 from B
Info; info depth 16 seldepth 22 multipv 1 score cp 579 nodes 128743 nps 427717 hashfull 38 tbhits 0 time 301 pv f8f7 d4d5 f7e8 e2f2 e8g6 f5f3 g6b1 a2e2 b1c1 f3e3 c1a3 c3c4 a3c5 f2g2 c5c4
Position; fen rnbqkbnr/1ppp1ppp/8/p3p3/8/2N2P2/PPPPP1PP/R1BQKBNR w KQkq - 0 3
Moves; c3b5 d7d5 b5c7 d8c7 a1b1 f8e7 b1a1 b8c6 c2c3 c8e6 d1b3 g8h6 g2g3 a5a4 b3d5 e6d5 a2a3 f7f6 e2e4 d5e6 h2h3 e6f7 g3g4 e8g8 g4g5 h6f5 g5f6 g7f6 e4f5 f8b8 f1c4 g8h8 c4f7 e7c5 a1a2 c6e7 f7e8 c5f2 e1f2 e7f5 e8a4 a8a4 b2b4 c7c6 b4b5 c6e8 b5b6 a4a8 g1e2 e8f8 e2f4 f5h6 f4g6 h7g6 f3f4 f8g7 f4e5 g6g5 e5e6 h6g8 f2e3 h8h7 h1f1 h7h8 f1f5 b8e8 c1b2 e8e6 e3f2 e6e2 f2e2 a8d8 b2c1 g7f8 d2d4
Warning; Bestmove does not match beginning of last PV - move h3f2 from B
Info; info depth 12 seldepth 20 multipv 1 score cp 91 nodes 71658 nps 238860 hashfull 29 tbhits 0 time 300 pv c2c4 d7d5 h3f2 g8f6 b1c3 g7g5 f1e2 g5f4 e1g1 f8g7 g1h1 d5c4 e2c4
Position; fen r1bqkbnr/ppppppp1/n6p/8/5P2/7N/PPPPP1PP/RNBQKB1R w KQkq - 1 3
Moves; d2d4 c7c6 e2e3 d8b6
Warning; Bestmove does not match beginning of last PV - move h4h6 from B
Info; info depth 42 seldepth 10 multipv 1 score mate 5 nodes 300313 nps 1001043 hashfull 44 tbhits 0 time 300 pv h4d8 d7d5 h2h6 e6f7 d8f6 f7e8 h6h7 b8d7 f6e7
Position; fen rnbqkbnr/p1ppp1pp/1p6/5p2/8/N2P4/PPP1PPPP/R1BQKBNR w KQkq - 0 3
Moves; e2e4 b6b5 a3b5 b8a6 c2c3 c7c6 b5d4 a8b8 g1f3 b8b7 d4f5 d8a5 a2a3 a5c3 e1e2 b7b2 f3d2 b2d2 c1d2 c3a1 f5d6 e7d6 d1a1 h7h5 h2h4 e8f7 a1b2 f7e6 g2g3 d6d5 e2e1 f8e7 b2a1 d5d4 a1a2 e6e5 d2g5 e7g5 f1h3 a6b8 h4g5 h5h4 a2f7 h4g3 f7g7 e5f4 g7f7 f4e5 f7g7 e5f4 g7f7 f4e5 f7f5 e5d6 f5f4 d6e7 f4e5 e7f7 f2g3 h8h3 g5g6 f7g6 e5f5 g6g7 f5g4 g7f7 g4f5 g8f6 h1h3 f7g7 h3h2 f6g4 f5g4 g7f6 g4h4 f6e6
Warning; Bestmove does not match beginning of last PV - move d4f6 from B
Info; info depth 19 seldepth 8 multipv 1 score mate 4 nodes 343505 nps 1145016 hashfull 144 tbhits 0 time 300 pv f4f8 d7c7 d4e5 c7d7 f8f7 d7d8 e5f6
Position; fen rnbqkbnr/1ppp1ppp/8/p3p3/8/2N2P2/PPPPP1PP/R1BQKBNR w KQkq - 0 3
Moves; e2e3 e5e4 c3e4 a8a7 b2b3 b8a6 c1b2 d8h4 e4g3 h4h2 h1h2 a6b4 f3f4 a5a4 a1c1 b4c2 d1c2 f7f6 b3b4 f8b4 a2a3 c7c6 c1a1 h7h5 a1a2 b4d2 c2d2 e8d8 b2d4 g8h6 h2h4 h8e8 d4f6 d8c7 e3e4 d7d5 a2b2 g7g6 f4f5 h6f5 d2f4 c7d7 b2d2 f5d4 f6d4 e8f8
Warning; Bestmove does not match beginning of last PV - move b1c3 from B
Info; info depth 14 seldepth 21 multipv 1 score cp 485 nodes 69575 nps 231916 hashfull 25 tbhits 0 time 300 pv d1h5 g7g6 h5g6 e8d8 g6f7 a6c7 f7f8 c7e8 f8f7 f6f5 f7b3 g8f6 b3b6 a7b6 c1d2 d7d5
Position; fen r1bqkbnr/ppppppp1/n6p/8/5P2/7N/PPPPP1PP/RNBQKB1R w KQkq - 1 3
Moves; d2d4 c7c6 e2e3 d8b6 h3f2 f7f6
Warning; Bestmove does not match beginning of last PV - move h6h4 from B
Info; info depth 45 seldepth 8 multipv 1 score mate 4 nodes 287310 nps 957700 hashfull 30 tbhits 0 time 300 pv e4e5 e7d8 h6d6 d8e8 h2h8 e8f7 d6f6
Position; fen rnbqkbnr/p1ppp1pp/1p6/5p2/8/N2P4/PPP1PPPP/R1BQKBNR w KQkq - 0 3
Moves; e2e4 b6b5 a3b5 b8a6 c2c3 c7c6 b5d4 a8b8 g1f3 b8b7 d4f5 d8a5 a2a3 a5c3 e1e2 b7b2 f3d2 b2d2 c1d2 c3a1 f5d6 e7d6 d1a1 h7h5 h2h4 e8f7 a1b2 f7e6 g2g3 d6d5 e2e1 f8e7 b2a1 d5d4 a1a2 e6e5 d2g5 e7g5 f1h3 a6b8 h4g5 h5h4 a2f7 h4g3 f7g7 e5f4 g7f7 f4e5 f7g7 e5f4 g7f7 f4e5 f7f5 e5d6 f5f4 d6e7 f4e5 e7f7 f2g3 h8h3 g5g6 f7g6 e5f5 g6g7 f5g4 g7f7 g4f5 g8f6 h1h3 f7g7 h3h2 f6g4 f5g4 g7f6 g4h4 f6e6 h4h6 e6e7
Warning; Bestmove does not match beginning of last PV - move f6d4 from B
Info; info depth 19 seldepth 10 multipv 1 score mate 5 nodes 287170 nps 957233 hashfull 134 tbhits 0 time 300 pv d2d5 c6d5 f1b5 d7e6 f4e5 e6f7 e5e7 f7g8 e7g7
Position; fen rnbqkbnr/1ppp1ppp/8/p3p3/8/2N2P2/PPPPP1PP/R1BQKBNR w KQkq - 0 3
Moves; e2e3 e5e4 c3e4 a8a7 b2b3 b8a6 c1b2 d8h4 e4g3 h4h2 h1h2 a6b4 f3f4 a5a4 a1c1 b4c2 d1c2 f7f6 b3b4 f8b4 a2a3 c7c6 c1a1 h7h5 a1a2 b4d2 c2d2 e8d8 b2d4 g8h6 h2h4 h8e8 d4f6 d8c7 e3e4 d7d5 a2b2 g7g6 f4f5 h6f5 d2f4 c7d7 b2d2 f5d4 f6d4 e8f8 d4f6 a7a8
Warning; Bestmove does not match beginning of last PV - move g8h6 from B
Info; info depth 16 seldepth 19 multipv 1 score cp 626 nodes 154459 nps 514863 hashfull 55 tbhits 0 time 300 pv g6f5 f3g2 f8e8 a4a5 e8e4 g2h2 e4b1 a2f2 f5g6 c1g5 f6g5 a5a6 b7a6 c3c4 d8e8
Position; fen rnbqkbnr/1ppp1ppp/8/p3p3/8/2N2P2/PPPPP1PP/R1BQKBNR w KQkq - 0 3
Moves; c3b5 d7d5 b5c7 d8c7 a1b1 f8e7 b1a1 b8c6 c2c3 c8e6 d1b3 g8h6 g2g3 a5a4 b3d5 e6d5 a2a3 f7f6 e2e4 d5e6 h2h3 e6f7 g3g4 e8g8 g4g5 h6f5 g5f6 g7f6 e4f5 f8b8 f1c4 g8h8 c4f7 e7c5 a1a2 c6e7 f7e8 c5f2 e1f2 e7f5 e8a4 a8a4 b2b4 c7c6 b4b5 c6e8 b5b6 a4a8 g1e2 e8f8 e2f4 f5h6 f4g6 h7g6 f3f4 f8g7 f4e5 g6g5 e5e6 h6g8 f2e3 h8h7 h1f1 h7h8 f1f5 b8e8 c1b2 e8e6 e3f2 e6e2 f2e2 a8d8 b2c1 g7f8 d2d4 h8h7 e2f3 h7g6 a3a4
Warning; Bestmove does not match beginning of last PV - move e3e4 from B
Info; info depth 13 seldepth 18 multipv 1 score cp 181 nodes 50907 nps 169690 hashfull 15 tbhits 0 time 300 pv c1d2 f6f5 c3a4 b6c7 f1a6 b7a6 e3e4 e7e6 c2c4 a6a5 e4e5
Position; fen r1bqkbnr/ppppppp1/n6p/8/5P2/7N/PPPPP1PP/RNBQKB1R w KQkq - 1 3
Moves; d2d4 c7c6 e2e3 d8b6 h3f2 f7f6 b1c3 h6h5
Warning; Bestmove does not match beginning of last PV - move h4h6 from B
Info; info depth 55 seldepth 10 multipv 1 score mate 5 nodes 576914 nps 1923046 hashfull 37 tbhits 0 time 300 pv h4f4 d7d5 h2h6 e6e7 f4f6 e7e8 h6h7 b8d7 f6e7
Position; fen rnbqkbnr/p1ppp1pp/1p6/5p2/8/N2P4/PPP1PPPP/R1BQKBNR w KQkq - 0 3
Moves; e2e4 b6b5 a3b5 b8a6 c2c3 c7c6 b5d4 a8b8 g1f3 b8b7 d4f5 d8a5 a2a3 a5c3 e1e2 b7b2 f3d2 b2d2 c1d2 c3a1 f5d6 e7d6 d1a1 h7h5 h2h4 e8f7 a1b2 f7e6 g2g3 d6d5 e2e1 f8e7 b2a1 d5d4 a1a2 e6e5 d2g5 e7g5 f1h3 a6b8 h4g5 h5h4 a2f7 h4g3 f7g7 e5f4 g7f7 f4e5 f7g7 e5f4 g7f7 f4e5 f7f5 e5d6 f5f4 d6e7 f4e5 e7f7 f2g3 h8h3 g5g6 f7g6 e5f5 g6g7 f5g4 g7f7 g4f5 g8f6 h1h3 f7g7 h3h2 f6g4 f5g4 g7f6 g4h4 f6e6 h4h6 e6e7 h6h4 e7e6
Warning; Bestmove does not match beginning of last PV - move g3h5 from B
Info; info depth 18 seldepth 28 multipv 1 score cp 965 nodes 257556 nps 858520 hashfull 98 tbhits 0 time 300 pv h4f4 h5h4 f4h4 d7e8 h4h8 e8e7 h8h7 e7e8 e4d5 a8a5 d2e2 e8f8 h7h8 f8f7 h8c8 a5d5 c8c7 f7f8 e2f2 f8e8 f2f4 d5d4 f4d4 c6c5 d4e4 e8f8
Position; fen rnbqkbnr/1ppp1ppp/8/p3p3/8/2N2P2/PPPPP1PP/R1BQKBNR w KQkq - 0 3
Moves; e2e3 e5e4 c3e4 a8a7 b2b3 b8a6 c1b2 d8h4 e4g3 h4h2 h1h2 a6b4 f3f4 a5a4 a1c1 b4c2 d1c2 f7f6 b3b4 f8b4 a2a3 c7c6 c1a1 h7h5 a1a2 b4d2 c2d2 e8d8 b2d4 g8h6 h2h4 h8e8 d4f6 d8c7 e3e4 d7d5 a2b2 g7g6 f4f5 h6f5 d2f4 c7d7 b2d2 f5d4 f6d4 e8f8 d4f6 a7a8 f6d4 f8f4
Warning; Bestmove does not match beginning of last PV - move g6h5 from B
Info; info depth 17 seldepth 20 multipv 1 score cp 770 nodes 132015 nps 438588 hashfull 48 tbhits 0 time 301 pv h6f5 g2e2 d8e8 e2e8 f8e8 c1g5 f6g5 c3c4 f5d4 f3g2
Position; fen rnbqkbnr/1ppp1ppp/8/p3p3/8/2N2P2/PPPPP1PP/R1BQKBNR w KQkq - 0 3
Moves; c3b5 d7d5 b5c7 d8c7 a1b1 f8e7 b1a1 b8c6 c2c3 c8e6 d1b3 g8h6 g2g3 a5a4 b3d5 e6d5 a2a3 f7f6 e2e4 d5e6 h2h3 e6f7 g3g4 e8g8 g4g5 h6f5 g5f6 g7f6 e4f5 f8b8 f1c4 g8h8 c4f7 e7c5 a1a2 c6e7 f7e8 c5f2 e1f2 e7f5 e8a4 a8a4 b2b4 c7c6 b4b5 c6e8 b5b6 a4a8 g1e2 e8f8 e2f4 f5h6 f4g6 h7g6 f3f4 f8g7 f4e5 g6g5 e5e6 h6g8 f2e3 h8h7 h1f1 h7h8 f1f5 b8e8 c1b2 e8e6 e3f2 e6e2 f2e2 a8d8 b2c1 g7f8 d2d4 h8h7 e2f3 h7g6 a3a4 g8h6 a2g2
Warning; Bestmove does not match beginning of last PV - move a2a3 from B
Info; info depth 13 seldepth 21 multipv 1 score cp 188 nodes 76582 nps 255273 hashfull 25 tbhits 0 time 300 pv f1e2 d7d6 e1g1 f6f5 a2a4 f8g7 e4e5 g8h6 a4a5 b6c7 g1h1 e8g8
Position; fen r1bqkbnr/ppppppp1/n6p/8/5P2/7N/PPPPP1PP/RNBQKB1R w KQkq - 1 3
Moves; d2d4 c7c6 e2e3 d8b6 h3f2 f7f6 b1c3 h6h5 e3e4 g7g6
Warning; Bestmove does not match beginning of last PV - move h6f4 from B
Info; info depth 90 seldepth 6 multipv 1 score mate 3 nodes 1172172 nps 3907240 hashfull 11 tbhits 0 time 300 pv h2f2 f7e7 h6f6 e7e8 f6f8
Position; fen rnbqkbnr/p1ppp1pp/1p6/5p2/8/N2P4/PPP1PPPP/R1BQKBNR w KQkq - 0 3
Moves; e2e4 b6b5 a3b5 b8a6 c2c3 c7c6 b5d4 a8b8 g1f3 b8b7 d4f5 d8a5 a2a3 a5c3 e1e2 b7b2 f3d2 b2d2 c1d2 c3a1 f5d6 e7d6 d1a1 h7h5 h2h4 e8f7 a1b2 f7e6 g2g3 d6d5 e2e1 f8e7 b2a1 d5d4 a1a2 e6e5 d2g5 e7g5 f1h3 a6b8 h4g5 h5h4 a2f7 h4g3 f7g7 e5f4 g7f7 f4e5 f7g7 e5f4 g7f7 f4e5 f7f5 e5d6 f5f4 d6e7 f4e5 e7f7 f2g3 h8h3 g5g6 f7g6 e5f5 g6g7 f5g4 g7f7 g4f5 g8f6 h1h3 f7g7 h3h2 f6g4 f5g4 g7f6 g4h4 f6e6 h4h6 e6e7 h6h4 e7e6 h4h6 e6f7
Warning; Bestmove does not match beginning of last PV - move h5g3 from B
Info; info depth 15 seldepth 19 multipv 1 score cp 525 nodes 64817 nps 214625 hashfull 26 tbhits 0 time 302 pv h5f6 d7e6 g1f3 h4h1 f3g5 e6d6 e4e5 d6c7
Position; fen rnbqkbnr/1ppp1ppp/8/p3p3/8/2N2P2/PPPPP1PP/R1BQKBNR w KQkq - 0 3
Moves; e2e3 e5e4 c3e4 a8a7 b2b3 b8a6 c1b2 d8h4 e4g3 h4h2 h1h2 a6b4 f3f4 a5a4 a1c1 b4c2 d1c2 f7f6 b3b4 f8b4 a2a3 c7c6 c1a1 h7h5 a1a2 b4d2 c2d2 e8d8 b2d4 g8h6 h2h4 h8e8 d4f6 d8c7 e3e4 d7d5 a2b2 g7g6 f4f5 h6f5 d2f4 c7d7 b2d2 f5d4 f6d4 e8f8 d4f6 a7a8 f6d4 f8f4 g3h5 f4h4
Warning; Bestmove does not match beginning of last PV - move b2b4 from B
Info; info depth 12 seldepth 15 multipv 1 score cp 157 nodes 58861 nps 194903 hashfull 21 tbhits 0 time 302 pv a3a4 f6f5 e4e5 b6a5 c1d2 d7d6 f2d3
Position; fen r1bqkbnr/ppppppp1/n6p/8/5P2/7N/PPPPP1PP/RNBQKB1R w KQkq - 1 3
Moves; d2d4 c7c6 e2e3 d8b6 h3f2 f7f6 b1c3 h6h5 e3e4 g7g6 a2a3 g8h6
Warning; Bestmove does not match beginning of last PV - move f4h6 from B
Info; info depth 245 seldepth 6 multipv 1 score mate 3 nodes 566832 nps 2612129 hashfull 5 tbhits 0 time 217 pv e4e5 c8a6 f4f6 g7g8 h2h8
Position; fen rnbqkbnr/p1ppp1pp/1p6/5p2/8/N2P4/PPP1PPPP/R1BQKBNR w KQkq - 0 3
Moves; e2e4 b6b5 a3b5 b8a6 c2c3 c7c6 b5d4 a8b8 g1f3 b8b7 d4f5 d8a5 a2a3 a5c3 e1e2 b7b2 f3d2 b2d2 c1d2 c3a1 f5d6 e7d6 d1a1 h7h5 h2h4 e8f7 a1b2 f7e6 g2g3 d6d5 e2e1 f8e7 b2a1 d5d4 a1a2 e6e5 d2g5 e7g5 f1h3 a6b8 h4g5 h5h4 a2f7 h4g3 f7g7 e5f4 g7f7 f4e5 f7g7 e5f4 g7f7 f4e5 f7f5 e5d6 f5f4 d6e7 f4e5 e7f7 f2g3 h8h3 g5g6 f7g6 e5f5 g6g7 f5g4 g7f7 g4f5 g8f6 h1h3 f7g7 h3h2 f6g4 f5g4 g7f6 g4h4 f6e6 h4h6 e6e7 h6h4 e7e6 h4h6 e6f7 h6f4 f7g7
Warning; Bestmove does not match beginning of last PV - move g1f3 from B
Info; info depth 15 seldepth 19 multipv 1 score cp 559 nodes 89606 nps 298686 hashfull 36 tbhits 0 time 300 pv e4d5 c6d5 d4e5 f4g4 f1e2 d7c6 d2c2 g4c4 e2c4 d5c4 g1e2
Position; fen rnbqkbnr/1ppp1ppp/8/p3p3/8/2N2P2/PPPPP1PP/R1BQKBNR w KQkq - 0 3
Moves; e2e3 e5e4 c3e4 a8a7 b2b3 b8a6 c1b2 d8h4 e4g3 h4h2 h1h2 a6b4 f3f4 a5a4 a1c1 b4c2 d1c2 f7f6 b3b4 f8b4 a2a3 c7c6 c1a1 h7h5 a1a2 b4d2 c2d2 e8d8 b2d4 g8h6 h2h4 h8e8 d4f6 d8c7 e3e4 d7d5 a2b2 g7g6 f4f5 h6f5 d2f4 c7d7 b2d2 f5d4 f6d4 e8f8 d4f6 a7a8 f6d4 f8f4 g3h5 f4h4 h5g3 h4f4
Warning; Bestmove does not match beginning of last PV - move g3g4 from B
Info; info depth 94 seldepth 6 multipv 1 score mate 3 nodes 768936 nps 2563120 hashfull 12 tbhits 0 time 300 pv h2f2 f7e7 h6f6 e7e8 f6f8
Position; fen rnbqkbnr/p1ppp1pp/1p6/5p2/8/N2P4/PPP1PPPP/R1BQKBNR w KQkq - 0 3
Moves; e2e4 b6b5 a3b5 b8a6 c2c3 c7c6 b5d4 a8b8 g1f3 b8b7 d4f5 d8a5 a2a3 a5c3 e1e2 b7b2 f3d2 b2d2 c1d2 c3a1 f5d6 e7d6 d1a1 h7h5 h2h4 e8f7 a1b2 f7e6 g2g3 d6d5 e2e1 f8e7 b2a1 d5d4 a1a2 e6e5 d2g5 e7g5 f1h3 a6b8 h4g5 h5h4 a2f7 h4g3 f7g7 e5f4 g7f7 f4e5 f7g7 e5f4 g7f7 f4e5 f7f5 e5d6 f5f4 d6e7 f4e5 e7f7 f2g3 h8h3 g5g6 f7g6 e5f5 g6g7 f5g4 g7f7 g4f5 g8f6 h1h3 f7g7 h3h2 f6g4 f5g4 g7f6 g4h4 f6e6 h4h6 e6e7 h6h4 e7e6 h4h6 e6f7 h6f4 f7g7 f4h6 g7f7
Warning; Bestmove does not match beginning of last PV - move d2e2 from B
Info; info depth 15 seldepth 18 multipv 1 score cp 591 nodes 64199 nps 213996 hashfull 19 tbhits 0 time 300 pv e4d5 c6d5 d2e2 e6d7 d4b2 f4g4 f3e5 d7d6 e5g4 c8g4 e2f2
Position; fen rnbqkbnr/1ppp1ppp/8/p3p3/8/2N2P2/PPPPP1PP/R1BQKBNR w KQkq - 0 3
Moves; e2e3 e5e4 c3e4 a8a7 b2b3 b8a6 c1b2 d8h4 e4g3 h4h2 h1h2 a6b4 f3f4 a5a4 a1c1 b4c2 d1c2 f7f6 b3b4 f8b4 a2a3 c7c6 c1a1 h7h5 a1a2 b4d2 c2d2 e8d8 b2d4 g8h6 h2h4 h8e8 d4f6 d8c7 e3e4 d7d5 a2b2 g7g6 f4f5 h6f5 d2f4 c7d7 b2d2 f5d4 f6d4 e8f8 d4f6 a7a8 f6d4 f8f4 g3h5 f4h4 h5g3 h4f4 g1f3 d7e6
Finished game 7 (A vs B): 0-1 {Black mates}
Started game 9 of 16 (A vs B)
Warning; Bestmove does not match beginning of last PV - move f8f1 from B
Info; info depth 16 seldepth 25 multipv 1 score cp 361 nodes 138311 nps 461036 hashfull 47 tbhits 0 time 300 pv f8a8 c3c4 a8a4 e3d3 h5g6 c1b2 a4b4 b2c3 b4b6 c4c5 b6a6 d4d5 g6f7 d3e4 f7e8 d5d6
Position; fen rnbqkbnr/1ppp1ppp/8/p3p3/8/2N2P2/PPPPP1PP/R1BQKBNR w KQkq - 0 3
Moves; c3b5 d7d5 b5c7 d8c7 a1b1 f8e7 b1a1 b8c6 c2c3 c8e6 d1b3 g8h6 g2g3 a5a4 b3d5 e6d5 a2a3 f7f6 e2e4 d5e6 h2h3 e6f7 g3g4 e8g8 g4g5 h6f5 g5f6 g7f6 e4f5 f8b8 f1c4 g8h8 c4f7 e7c5 a1a2 c6e7 f7e8 c5f2 e1f2 e7f5 e8a4 a8a4 b2b4 c7c6 b4b5 c6e8 b5b6 a4a8 g1e2 e8f8 e2f4 f5h6 f4g6 h7g6 f3f4 f8g7 f4e5 g6g5 e5e6 h6g8 f2e3 h8h7 h1f1 h7h8 f1f5 b8e8 c1b2 e8e6 e3f2 e6e2 f2e2 a8d8 b2c1 g7f8 d2d4 h8h7 e2f3 h7g6 a3a4 g8h6 a2g2 g6h5 g2g5 f6g5 f5f8 d8f8 f3e3
Warning; Bestmove does not match beginning of last PV - move a3b4 from B
Info; info depth 17 seldepth 22 multipv 1 score cp 635 nodes 104143 nps 341452 hashfull 39 tbhits 0 time 305 pv a4b6 a7b6 c2c3 b4a6 f1d3 a6c7 a1b1 f8h6 e1g1 c7e6 f2h3 a8a5 a3a4 h5h4 f4f5 g6f5
Position; fen r1bqkbnr/ppppppp1/n6p/8/5P2/7N/PPPPP1PP/RNBQKB1R w KQkq - 1 3
Moves; d2d4 c7c6 e2e3 d8b6 h3f2 f7f6 b1c3 h6h5 e3e4 g7g6 a2a3 g8h6 b2b4 h6f7 c3a4 a6b4
Warning; Bestmove does not match beginning of last PV - move h6h5 from B
Info; info depth 82 seldepth 6 multipv 1 score mate 3 nodes 885917 nps 2953056 hashfull 17 tbhits 0 time 300 pv h2f2 f7e7 h6f8 e7e6 f8f6
Position; fen rnbqkbnr/p1ppp1pp/1p6/5p2/8/N2P4/PPP1PPPP/R1BQKBNR w KQkq - 0 3
Moves; e2e4 b6b5 a3b5 b8a6 c2c3 c7c6 b5d4 a8b8 g1f3 b8b7 d4f5 d8a5 a2a3 a5c3 e1e2 b7b2 f3d2 b2d2 c1d2 c3a1 f5d6 e7d6 d1a1 h7h5 h2h4 e8f7 a1b2 f7e6 g2g3 d6d5 e2e1 f8e7 b2a1 d5d4 a1a2 e6e5 d2g5 e7g5 f1h3 a6b8 h4g5 h5h4 a2f7 h4g3 f7g7 e5f4 g7f7 f4e5 f7g7 e5f4 g7f7 f4e5 f7f5 e5d6 f5f4 d6e7 f4e5 e7f7 f2g3 h8h3 g5g6 f7g6 e5f5 g6g7 f5g4 g7f7 g4f5 g8f6 h1h3 f7g7 h3h2 f6g4 f5g4 g7f6 g4h4 f6e6 h4h6 e6e7 h6h4 e7e6 h4h6 e6f7 h6f4 f7g7 f4h6 g7f7 g3g4 c8b7
Warning; Bestmove does not match beginning of last PV - move d4c3 from B
Info; info depth 16 seldepth 24 multipv 1 score cp 553 nodes 91917 nps 306390 hashfull 31 tbhits 0 time 300 pv e4d5 e6d5 e2e5 d5d6 g3e4 d6c7 d4e3 f4g4 e3c5 g4f4 c5d6 c7b6
Position; fen rnbqkbnr/1ppp1ppp/8/p3p3/8/2N2P2/PPPPP1PP/R1BQKBNR w KQkq - 0 3
Moves; e2e3 e5e4 c3e4 a8a7 b2b3 b8a6 c1b2 d8h4 e4g3 h4h2 h1h2 a6b4 f3f4 a5a4 a1c1 b4c2 d1c2 f7f6 b3b4 f8b4 a2a3 c7c6 c1a1 h7h5 a1a2 b4d2 c2d2 e8d8 b2d4 g8h6 h2h4 h8e8 d4f6 d8c7 e3e4 d7d5 a2b2 g7g6 f4f5 h6f5 d2f4 c7d7 b2d2 f5d4 f6d4 e8f8 d4f6 a7a8 f6d4 f8f4 g3h5 f4h4 h5g3 h4f4 g1f3 d7e6 d2e2 b7b5
Warning; Bestmove does not match beginning of last PV - move h5g6 from B
Info; info depth 14 seldepth 23 multipv 1 score cp 308 nodes 78634 nps 262113 hashfull 28 tbhits 0 time 300 pv h6f5 d2c2 f5d6 c1a3 d6c4 a3c5 f1a1 c2b3 c4a5 b3b4 a5c6 b4c4 a1a4 c4d5 c6a5 d5d6 h5g6 d6d7 g6f5 c5b4
Position; fen rnbqkbnr/1ppp1ppp/8/p3p3/8/2N2P2/PPPPP1PP/R1BQKBNR w KQkq - 0 3
Moves; c3b5 d7d5 b5c7 d8c7 a1b1 f8e7 b1a1 b8c6 c2c3 c8e6 d1b3 g8h6 g2g3 a5a4 b3d5 e6d5 a2a3 f7f6 e2e4 d5e6 h2h3 e6f7 g3g4 e8g8 g4g5 h6f5 g5f6 g7f6 e4f5 f8b8 f1c4 g8h8 c4f7 e7c5 a1a2 c6e7 f7e8 c5f2 e1f2 e7f5 e8a4 a8a4 b2b4 c7c6 b4b5 c6e8 b5b6 a4a8 g1e2 e8f8 e2f4 f5h6 f4g6 h7g6 f3f4 f8g7 f4e5 g6g5 e5e6 h6g8 f2e3 h8h7 h1f1 h7h8 f1f5 b8e8 c1b2 e8e6 e3f2 e6e2 f2e2 a8d8 b2c1 g7f8 d2d4 h8h7 e2f3 h7g6 a3a4 g8h6 a2g2 g6h5 g2g5 f6g5 f5f8 d8f8 f3e3 f8f1 e3d2
Warning; Bestmove does not match beginning of last PV - move c1d2 from B
Info; info depth 15 seldepth 25 multipv 1 score cp 419 nodes 65419 nps 217338 hashfull 24 tbhits 0 time 301 pv c2c3 b4a5 c1d2 a5c7 f1e2 f8h6 e1g1 b7b5 a4c5 a7a5 e4e5 d7d6 e5d6 e7d6
Position; fen r1bqkbnr/ppppppp1/n6p/8/5P2/7N/PPPPP1PP/RNBQKB1R w KQkq - 1 3
Moves; d2d4 c7c6 e2e3 d8b6 h3f2 f7f6 b1c3 h6h5 e3e4 g7g6 a2a3 g8h6 b2b4 h6f7 c3a4 a6b4 a3b4 b6b4
Warning; Bestmove does not match beginning of last PV - move h5h6 from B
Info; info depth 64 seldepth 8 multipv 1 score mate 4 nodes 413846 nps 1379486 hashfull 31 tbhits 0 time 300 pv h5g6 e6e7 h2h7 e7d8 g6d6 b7a6 h7h8
Position; fen rnbqkbnr/p1ppp1pp/1p6/5p2/8/N2P4/PPP1PPPP/R1BQKBNR w KQkq - 0 3
Moves; e2e4 b6b5 a3b5 b8a6 c2c3 c7c6 b5d4 a8b8 g1f3 b8b7 d4f5 d8a5 a2a3 a5c3 e1e2 b7b2 f3d2 b2d2 c1d2 c3a1 f5d6 e7d6 d1a1 h7h5 h2h4 e8f7 a1b2 f7e6 g2g3 d6d5 e2e1 f8e7 b2a1 d5d4 a1a2 e6e5 d2g5 e7g5 f1h3 a6b8 h4g5 h5h4 a2f7 h4g3 f7g7 e5f4 g7f7 f4e5 f7g7 e5f4 g7f7 f4e5 f7f5 e5d6 f5f4 d6e7 f4e5 e7f7 f2g3 h8h3 g5g6 f7g6 e5f5 g6g7 f5g4 g7f7 g4f5 g8f6 h1h3 f7g7 h3h2 f6g4 f5g4 g7f6 g4h4 f6e6 h4h6 e6e7 h6h4 e7e6 h4h6 e6f7 h6f4 f7g7 f4h6 g7f7 g3g4 c8b7 h6h5 f7e6
Warning; Bestmove does not match beginning of last PV - move f3g5 from B
Info; info depth 15 seldepth 18 multipv 1 score cp 526 nodes 74390 nps 247966 hashfull 25 tbhits 0 time 300 pv e4d5 e6f7 f3g5 f7g8 e2e6 b5b4 e6g6 g8f8 a3b4 a8e8 g6e6
Position; fen rnbqkbnr/1ppp1ppp/8/p3p3/8/2N2P2/PPPPP1PP/R1BQKBNR w KQkq - 0 3
Moves; e2e3 e5e4 c3e4 a8a7 b2b3 b8a6 c1b2 d8h4 e4g3 h4h2 h1h2 a6b4 f3f4 a5a4 a1c1 b4c2 d1c2 f7f6 b3b4 f8b4 a2a3 c7c6 c1a1 h7h5 a1a2 b4d2 c2d2 e8d8 b2d4 g8h6 h2h4 h8e8 d4f6 d8c7 e3e4 d7d5 a2b2 g7g6 f4f5 h6f5 d2f4 c7d7 b2d2 f5d4 f6d4 e8f8 d4f6 a7a8 f6d4 f8f4 g3h5 f4h4 h5g3 h4f4 g1f3 d7e6 d2e2 b7b5 d4c3 c8a6
Warning; Bestmove does not match beginning of last PV - move f1f2 from B
Info; info depth 13 seldepth 21 multipv 1 score cp 296 nodes 91014 nps 303380 hashfull 34 tbhits 0 time 300 pv h6f5 a4a5 f5d6 a5a6 b7a6 c1a3 d6b7 c3c4 f1f2 c2b3 f2f4 c4c5 b7a5 b3c3 f4f3 c3b4 a5c6 b4c4 f3a3
Position; fen rnbqkbnr/1ppp1ppp/8/p3p3/8/2N2P2/PPPPP1PP/R1BQKBNR w KQkq - 0 3
Moves; c3b5 d7d5 b5c7 d8c7 a1b1 f8e7 b1a1 b8c6 c2c3 c8e6 d1b3 g8h6 g2g3 a5a4 b3d5 e6d5 a2a3 f7f6 e2e4 d5e6 h2h3 e6f7 g3g4 e8g8 g4g5 h6f5 g5f6 g7f6 e4f5 f8b8 f1c4 g8h8 c4f7 e7c5 a1a2 c6e7 f7e8 c5f2 e1f2 e7f5 e8a4 a8a4 b2b4 c7c6 b4b5 c6e8 b5b6 a4a8 g1e2 e8f8 e2f4 f5h6 f4g6 h7g6 f3f4 f8g7 f4e5 g6g5 e5e6 h6g8 f2e3 h8h7 h1f1 h7h8 f1f5 b8e8 c1b2 e8e6 e3f2 e6e2 f2e2 a8d8 b2c1 g7f8 d2d4 h8h7 e2f3 h7g6 a3a4 g8h6 a2g2 g6h5 g2g5 f6g5 f5f8 d8f8 f3e3 f8f1 e3d2 h5g6 d2c2
Warning; Bestmove does not match beginning of last PV - move d2e3 from B
Info; info depth 16 seldepth 20 multipv 1 score cp 891 nodes 98612 nps 328706 hashfull 38 tbhits 0 time 300 pv a4b6 e7e5 b6a8 d7d5 e4d5 e5e4 f2e4 c8g4 e4f6 e8d8 d2a5 d8c8 f6g4 h5g4 d1g4 c8b8
Position; fen r1bqkbnr/ppppppp1/n6p/8/5P2/7N/PPPPP1PP/RNBQKB1R w KQkq - 1 3
Moves; d2d4 c7c6 e2e3 d8b6 h3f2 f7f6 b1c3 h6h5 e3e4 g7g6 a2a3 g8h6 b2b4 h6f7 c3a4 a6b4 a3b4 b6b4 c1d2 b4b6
Warning; Bestmove does not match beginning of last PV - move h2b2 from B
Info; info depth 53 seldepth 8 multipv 1 score mate 4 nodes 302206 nps 1007353 hashfull 27 tbhits 0 time 300 pv h6g5 e7d6 h2h6 d6c7 g5a5 c7c8 h6h8
Position; fen rnbqkbnr/p1ppp1pp/1p6/5p2/8/N2P4/PPP1PPPP/R1BQKBNR w KQkq - 0 3
Moves; e2e4 b6b5 a3b5 b8a6 c2c3 c7c6 b5d4 a8b8 g1f3 b8b7 d4f5 d8a5 a2a3 a5c3 e1e2 b7b2 f3d2 b2d2 c1d2 c3a1 f5d6 e7d6 d1a1 h7h5 h2h4 e8f7 a1b2 f7e6 g2g3 d6d5 e2e1 f8e7 b2a1 d5d4 a1a2 e6e5 d2g5 e7g5 f1h3 a6b8 h4g5 h5h4 a2f7 h4g3 f7g7 e5f4 g7f7 f4e5 f7g7 e5f4 g7f7 f4e5 f7f5 e5d6 f5f4 d6e7 f4e5 e7f7 f2g3 h8h3 g5g6 f7g6 e5f5 g6g7 f5g4 g7f7 g4f5 g8f6 h1h3 f7g7 h3h2 f6g4 f5g4 g7f6 g4h4 f6e6 h4h6 e6e7 h6h4 e7e6 h4h6 e6f7 h6f4 f7g7 f4h6 g7f7 g3g4 c8b7 h6h5 f7e6 h5h6 e6e7
Warning; Bestmove does not match beginning of last PV - move c3d2 from B
Info; info depth 16 seldepth 23 multipv 1 score cp 503 nodes 96857 nps 322856 hashfull 28 tbhits 0 time 300 pv e4d5 d6d7 c3d2 f4h4 g3e4 b5b4 e4c5 d7d8 g5e6 d8c8 c5a6 a8a6 e6c5 a6b6 e2e8 c8c7 a3b4 b6b4 d2b4 h4b4
Position; fen rnbqkbnr/1ppp1ppp/8/p3p3/8/2N2P2/PPPPP1PP/R1BQKBNR w KQkq - 0 3
Moves; e2e3 e5e4 c3e4 a8a7 b2b3 b8a6 c1b2 d8h4 e4g3 h4h2 h1h2 a6b4 f3f4 a5a4 a1c1 b4c2 d1c2 f7f6 b3b4 f8b4 a2a3 c7c6 c1a1 h7h5 a1a2 b4d2 c2d2 e8d8 b2d4 g8h6 h2h4 h8e8 d4f6 d8c7 e3e4 d7d5 a2b2 g7g6 f4f5 h6f5 d2f4 c7d7 b2d2 f5d4 f6d4 e8f8 d4f6 a7a8 f6d4 f8f4 g3h5 f4h4 h5g3 h4f4 g1f3 d7e6 d2e2 b7b5 d4c3 c8a6 f3g5 e6d6
Warning; Bestmove does not match beginning of last PV - move f2f1 from B
Info; info depth 15 seldepth 23 multipv 1 score cp 341 nodes 91602 nps 305340 hashfull 39 tbhits 0 time 300 pv f2a2 c3c4 h6f5 d4d5 a2a4 c1b2 f5e7 d3c3 a4a8 c3b3 g6f7 c4c5 e7d5 c5c6 b7c6
Position; fen rnbqkbnr/1ppp1ppp/8/p3p3/8/2N2P2/PPPPP1PP/R1BQKBNR w KQkq - 0 3
Moves; c3b5 d7d5 b5c7 d8c7 a1b1 f8e7 b1a1 b8c6 c2c3 c8e6 d1b3 g8h6 g2g3 a5a4 b3d5 e6d5 a2a3 f7f6 e2e4 d5e6 h2h3 e6f7 g3g4 e8g8 g4g5 h6f5 g5f6 g7f6 e4f5 f8b8 f1c4 g8h8 c4f7 e7c5 a1a2 c6e7 f7e8 c5f2 e1f2 e7f5 e8a4 a8a4 b2b4 c7c6 b4b5 c6e8 b5b6 a4a8 g1e2 e8f8 e2f4 f5h6 f4g6 h7g6 f3f4 f8g7 f4e5 g6g5 e5e6 h6g8 f2e3 h8h7 h1f1 h7h8 f1f5 b8e8 c1b2 e8e6 e3f2 e6e2 f2e2 a8d8 b2c1 g7f8 d2d4 h8h7 e2f3 h7g6 a3a4 g8h6 a2g2 g6h5 g2g5 f6g5 f5f8 d8f8 f3e3 f8f1 e3d2 h5g6 d2c2 f1f2 c2d3
Warning; Bestmove does not match beginning of last PV - move b8c6 from B
Info; info depth 15 seldepth 21 multipv 1 score cp 291 nodes 73255 nps 244183 hashfull 23 tbhits 0 time 300 pv c8f5 d2d3 b8c6 f1g2 d8d7 h3g5 g8f6 e2e4 d5e4 g5e4 f6e4 d3e4 d7d1 e1d1
Position; fen rnbqk1nr/pppp1ppp/8/4p3/1b6/P7/2PPPPPP/RNBQKBNR w KQkq - 0 3
Moves; c2c3 b4e7 g2g3 d7d5 g1h3
Warning; Bestmove does not match beginning of last PV - move f4e5 from B
Info; info depth 16 seldepth 19 multipv 1 score cp 779 nodes 102523 nps 340607 hashfull 41 tbhits 0 time 301 pv a4b6 a7b6 a1a8 f8b4 e3d2 b4d2 e1d2 e8d8 d4e5 f6e5 f1c4 d8c7 a8c8 c7c8 c4f7 e5f4
Position; fen r1bqkbnr/ppppppp1/n6p/8/5P2/7N/PPPPP1PP/RNBQKB1R w KQkq - 1 3
Moves; d2d4 c7c6 e2e3 d8b6 h3f2 f7f6 b1c3 h6h5 e3e4 g7g6 a2a3 g8h6 b2b4 h6f7 c3a4 a6b4 a3b4 b6b4 c1d2 b4b6 d2e3 e7e5
Warning; Bestmove does not match beginning of last PV - move h6g5 from B
Info; info depth 27 seldepth 12 multipv 1 score mate 6 nodes 114095 nps 379053 hashfull 35 tbhits 0 time 301 pv b2f2 e7d8 h6d6 a6c7 f2f8 c7e8 d6e5 d7d5 e5d6 d8c8 f8e8
Position; fen rnbqkbnr/p1ppp1pp/1p6/5p2/8/N2P4/PPP1PPPP/R1BQKBNR w KQkq - 0 3
Moves; e2e4 b6b5 a3b5 b8a6 c2c3 c7c6 b5d4 a8b8 g1f3 b8b7 d4f5 d8a5 a2a3 a5c3 e1e2 b7b2 f3d2 b2d2 c1d2 c3a1 f5d6 e7d6 d1a1 h7h5 h2h4 e8f7 a1b2 f7e6 g2g3 d6d5 e2e1 f8e7 b2a1 d5d4 a1a2 e6e5 d2g5 e7g5 f1h3 a6b8 h4g5 h5h4 a2f7 h4g3 f7g7 e5f4 g7f7 f4e5 f7g7 e5f4 g7f7 f4e5 f7f5 e5d6 f5f4 d6e7 f4e5 e7f7 f2g3 h8h3 g5g6 f7g6 e5f5 g6g7 f5g4 g7f7 g4f5 g8f6 h1h3 f7g7 h3h2 f6g4 f5g4 g7f6 g4h4 f6e6 h4h6 e6e7 h6h4 e7e6 h4h6 e6f7 h6f4 f7g7 f4h6 g7f7 g3g4 c8b7 h6h5 f7e6 h5h6 e6e7 h2b2 b8a6
Warning; Bestmove does not match beginning of last PV - move f1f2 from B
Info; info depth 14 seldepth 21 multipv 1 score cp 327 nodes 117271 nps 389604 hashfull 45 tbhits 0 time 301 pv h6f5 c1b2 f1f2 c2b3 f2f3 b3b4 f5e7 a4a5 e7c6 b4b5
Position; fen rnbqkbnr/1ppp1ppp/8/p3p3/8/2N2P2/PPPPP1PP/R1BQKBNR w KQkq - 0 3
Moves; c3b5 d7d5 b5c7 d8c7 a1b1 f8e7 b1a1 b8c6 c2c3 c8e6 d1b3 g8h6 g2g3 a5a4 b3d5 e6d5 a2a3 f7f6 e2e4 d5e6 h2h3 e6f7 g3g4 e8g8 g4g5 h6f5 g5f6 g7f6 e4f5 f8b8 f1c4 g8h8 c4f7 e7c5 a1a2 c6e7 f7e8 c5f2 e1f2 e7f5 e8a4 a8a4 b2b4 c7c6 b4b5 c6e8 b5b6 a4a8 g1e2 e8f8 e2f4 f5h6 f4g6 h7g6 f3f4 f8g7 f4e5 g6g5 e5e6 h6g8 f2e3 h8h7 h1f1 h7h8 f1f5 b8e8 c1b2 e8e6 e3f2 e6e2 f2e2 a8d8 b2c1 g7f8 d2d4 h8h7 e2f3 h7g6 a3a4 g8h6 a2g2 g6h5 g2g5 f6g5 f5f8 d8f8 f3e3 f8f1 e3d2 h5g6 d2c2 f1f2 c2d3 f2f1 d3c2
Warning; Bestmove does not match beginning of last PV - move h7h5 from B
Info; info depth 16 seldepth 23 multipv 1 score cp 616 nodes 94180 nps 311854 hashfull 38 tbhits 0 time 302 pv e5f4 g3g4 c8g4 d1b3 g8f6 b3b7 c6a5 b7b5 c7c6 b5a4
Position; fen rnbqk1nr/pppp1ppp/8/4p3/1b6/P7/2PPPPPP/RNBQKBNR w KQkq - 0 3
Moves; c2c3 b4e7 g2g3 d7d5 g1h3 b8c6 h3f4
Warning; Bestmove does not match beginning of last PV - move e1e2 from B
Info; info depth 16 seldepth 20 multipv 1 score cp 586 nodes 105734 nps 351275 hashfull 47 tbhits 0 time 301 pv c2c3 b6a5 c3b4 a5b4 d1d2 b4d2 e3d2 f6e5 a4b6 a8b8 a1a7 e5d4 f1e2
Position; fen r1bqkbnr/ppppppp1/n6p/8/5P2/7N/PPPPP1PP/RNBQKB1R w KQkq - 1 3
Moves; d2d4 c7c6 e2e3 d8b6 h3f2 f7f6 b1c3 h6h5 e3e4 g7g6 a2a3 g8h6 b2b4 h6f7 c3a4 a6b4 a3b4 b6b4 c1d2 b4b6 d2e3 e7e5 f4e5 f8b4
Warning; Bestmove does not match beginning of last PV - move g5h6 from B
Info; info depth 19 seldepth 16 multipv 1 score mate 8 nodes 195378 nps 651260 hashfull 55 tbhits 0 time 300 pv b2b7 a6c5 g5f6 c5e6 e4e5 d6d5 b7d7 d5c5 f6e6 c5b6 e6b3 b6a6 d7d4 c6c5 d4a4
Position; fen rnbqkbnr/p1ppp1pp/1p6/5p2/8/N2P4/PPP1PPPP/R1BQKBNR w KQkq - 0 3
Moves; e2e4 b6b5 a3b5 b8a6 c2c3 c7c6 b5d4 a8b8 g1f3 b8b7 d4f5 d8a5 a2a3 a5c3 e1e2 b7b2 f3d2 b2d2 c1d2 c3a1 f5d6 e7d6 d1a1 h7h5 h2h4 e8f7 a1b2 f7e6 g2g3 d6d5 e2e1 f8e7 b2a1 d5d4 a1a2 e6e5 d2g5 e7g5 f1h3 a6b8 h4g5 h5h4 a2f7 h4g3 f7g7 e5f4 g7f7 f4e5 f7g7 e5f4 g7f7 f4e5 f7f5 e5d6 f5f4 d6e7 f4e5 e7f7 f2g3 h8h3 g5g6 f7g6 e5f5 g6g7 f5g4 g7f7 g4f5 g8f6 h1h3 f7g7 h3h2 f6g4 f5g4 g7f6 g4h4 f6e6 h4h6 e6e7 h6h4 e7e6 h4h6 e6f7 h6f4 f7g7 f4h6 g7f7 g3g4 c8b7 h6h5 f7e6 h5h6 e6e7 h2b2 b8a6 h6g5 e7d6
Warning; Bestmove does not match beginning of last PV - move e4e5 from B
Info; info depth 16 seldepth 25 multipv 1 score cp 541 nodes 158756 nps 527428 hashfull 67 tbhits 0 time 301 pv e4d5 f8f1 e1f1 b5b4 d2b4 c6c5 b4d2 a6e2 f1e2 d6d5 d2e3 d5e5
Position; fen rnbqkbnr/1ppp1ppp/8/p3p3/8/2N2P2/PPPPP1PP/R1BQKBNR w KQkq - 0 3
Moves; e2e3 e5e4 c3e4 a8a7 b2b3 b8a6 c1b2 d8h4 e4g3 h4h2 h1h2 a6b4 f3f4 a5a4 a1c1 b4c2 d1c2 f7f6 b3b4 f8b4 a2a3 c7c6 c1a1 h7h5 a1a2 b4d2 c2d2 e8d8 b2d4 g8h6 h2h4 h8e8 d4f6 d8c7 e3e4 d7d5 a2b2 g7g6 f4f5 h6f5 d2f4 c7d7 b2d2 f5d4 f6d4 e8f8 d4f6 a7a8 f6d4 f8f4 g3h5 f4h4 h5g3 h4f4 g1f3 d7e6 d2e2 b7b5 d4c3 c8a6 f3g5 e6d6 c3d2 f4f1 g3f1 a8f8
Warning; Bestmove does not match beginning of last PV - move f2f6 from B
Info; info depth 16 seldepth 24 multipv 1 score cp 381 nodes 131658 nps 435953 hashfull 49 tbhits 0 time 302 pv h6f5 a4a5 f5d6 d4d5 d6c4 a5a6 b7a6 b6b7 f2f8 b1c2 f8b8 c2d3 c4a5 c3c4 a5b7 c1e3 b8e8 e3b6 b7d8 c4c5 g6f7
Position; fen rnbqkbnr/1ppp1ppp/8/p3p3/8/2N2P2/PPPPP1PP/R1BQKBNR w KQkq - 0 3
Moves; c3b5 d7d5 b5c7 d8c7 a1b1 f8e7 b1a1 b8c6 c2c3 c8e6 d1b3 g8h6 g2g3 a5a4 b3d5 e6d5 a2a3 f7f6 e2e4 d5e6 h2h3 e6f7 g3g4 e8g8 g4g5 h6f5 g5f6 g7f6 e4f5 f8b8 f1c4 g8h8 c4f7 e7c5 a1a2 c6e7 f7e8 c5f2 e1f2 e7f5 e8a4 a8a4 b2b4 c7c6 b4b5 c6e8 b5b6 a4a8 g1e2 e8f8 e2f4 f5h6 f4g6 h7g6 f3f4 f8g7 f4e5 g6g5 e5e6 h6g8 f2e3 h8h7 h1f1 h7h8 f1f5 b8e8 c1b2 e8e6 e3f2 e6e2 f2e2 a8d8 b2c1 g7f8 d2d4 h8h7 e2f3 h7g6 a3a4 g8h6 a2g2 g6h5 g2g5 f6g5 f5f8 d8f8 f3e3 f8f1 e3d2 h5g6 d2c2 f1f2 c2d3 f2f1 d3c2 f1f2 c2b1
Warning; Bestmove does not match beginning of last PV - move d1d3 from B
Info; info depth 16 seldepth 19 multipv 1 score cp 770 nodes 110256 nps 367520 hashfull 38 tbhits 0 time 300 pv a4b6 a7b6 d1d3 e8g8 a1a3 a8a3 d3a3 f6e5 e2d1 d7d6 d4e5 f7e5 a3b3 c8e6 b3e6 g8h7
Position; fen r1bqkbnr/ppppppp1/n6p/8/5P2/7N/PPPPP1PP/RNBQKB1R w KQkq - 1 3
Moves; d2d4 c7c6 e2e3 d8b6 h3f2 f7f6 b1c3 h6h5 e3e4 g7g6 a2a3 g8h6 b2b4 h6f7 c3a4 a6b4 a3b4 b6b4 c1d2 b4b6 d2e3 e7e5 f4e5 f8b4 e1e2 b4a3
Warning; Bestmove does not match beginning of last PV - move e5f6 from B
Info; info depth 17 seldepth 22 multipv 1 score cp 862 nodes 182101 nps 607003 hashfull 70 tbhits 0 time 300 pv a4b6 a3b2 b6c8 b2a1 e5f6 b7b5 d3a3 d7d6 f2d3 e8g8 c8e7 g8h7
Position; fen r1bqkbnr/ppppppp1/n6p/8/5P2/7N/PPPPP1PP/RNBQKB1R w KQkq - 1 3
Moves; d2d4 c7c6 e2e3 d8b6 h3f2 f7f6 b1c3 h6h5 e3e4 g7g6 a2a3 g8h6 b2b4 h6f7 c3a4 a6b4 a3b4 b6b4 c1d2 b4b6 d2e3 e7e5 f4e5 f8b4 e1e2 b4a3 d1d3 a8b8
Warning; Bestmove does not match beginning of last PV - move h6h7 from B
Info; info depth 29 seldepth 14 multipv 1 score mate 7 nodes 179702 nps 599006 hashfull 53 tbhits 0 time 300 pv h6d6 c7c8 b2f2 b7a8 f2f8 c8b7 f8b8 b7a6 d6d7 a8b7 d7b7 a6a5 b7a7
Position; fen rnbqkbnr/p1ppp1pp/1p6/5p2/8/N2P4/PPP1PPPP/R1BQKBNR w KQkq - 0 3
Moves; e2e4 b6b5 a3b5 b8a6 c2c3 c7c6 b5d4 a8b8 g1f3 b8b7 d4f5 d8a5 a2a3 a5c3 e1e2 b7b2 f3d2 b2d2 c1d2 c3a1 f5d6 e7d6 d1a1 h7h5 h2h4 e8f7 a1b2 f7e6 g2g3 d6d5 e2e1 f8e7 b2a1 d5d4 a1a2 e6e5 d2g5 e7g5 f1h3 a6b8 h4g5 h5h4 a2f7 h4g3 f7g7 e5f4 g7f7 f4e5 f7g7 e5f4 g7f7 f4e5 f7f5 e5d6 f5f4 d6e7 f4e5 e7f7 f2g3 h8h3 g5g6 f7g6 e5f5 g6g7 f5g4 g7f7 g4f5 g8f6 h1h3 f7g7 h3h2 f6g4 f5g4 g7f6 g4h4 f6e6 h4h6 e6e7 h6h4 e7e6 h4h6 e6f7 h6f4 f7g7 f4h6 g7f7 g3g4 c8b7 h6h5 f7e6 h5h6 e6e7 h2b2 b8a6 h6g5 e7d6 g5h6 d6c7 e4e5 a6b8
Warning; Bestmove does not match beginning of last PV - move g6g5 from B
Info; info depth 18 seldepth 26 multipv 1 score cp 488 nodes 256157 nps 853856 hashfull 85 tbhits 0 time 300 pv f5g5 a5a6 g5b5 b1a2 b7a6 a2a3 b5b6 a3a4 g6f7 a4a3 h6f5 c3c4 b6h6 d4d5
Position; fen rnbqkbnr/1ppp1ppp/8/p3p3/8/2N2P2/PPPPP1PP/R1BQKBNR w KQkq - 0 3
Moves; c3b5 d7d5 b5c7 d8c7 a1b1 f8e7 b1a1 b8c6 c2c3 c8e6 d1b3 g8h6 g2g3 a5a4 b3d5 e6d5 a2a3 f7f6 e2e4 d5e6 h2h3 e6f7 g3g4 e8g8 g4g5 h6f5 g5f6 g7f6 e4f5 f8b8 f1c4 g8h8 c4f7 e7c5 a1a2 c6e7 f7e8 c5f2 e1f2 e7f5 e8a4 a8a4 b2b4 c7c6 b4b5 c6e8 b5b6 a4a8 g1e2 e8f8 e2f4 f5h6 f4g6 h7g6 f3f4 f8g7 f4e5 g6g5 e5e6 h6g8 f2e3 h8h7 h1f1 h7h8 f1f5 b8e8 c1b2 e8e6 e3f2 e6e2 f2e2 a8d8 b2c1 g7f8 d2d4 h8h7 e2f3 h7g6 a3a4 g8h6 a2g2 g6h5 g2g5 f6g5 f5f8 d8f8 f3e3 f8f1 e3d2 h5g6 d2c2 f1f2 c2d3 f2f1 d3c2 f1f2 c2b1 f2f6 a4a5 f6f5 c1g5
Warning; Bestmove does not match beginning of last PV - move f7f6 from B
Info; info depth 16 seldepth 26 multipv 1 score cp 1017 nodes 175145 nps 583816 hashfull 68 tbhits 0 time 300 pv c8h3 d2d3 g2f1 e1d2 f1f2 d1e1 e7g5 d2d1 f2e1 d1e1 g5c1 b1d2 c1d2 e1d2 f7f6 a1b1 a8b8 d2d1 h5h4 c3c4 h4g3
Position; fen rnbqk1nr/pppp1ppp/8/4p3/1b6/P7/2PPPPPP/RNBQKBNR w KQkq - 0 3
Moves; c2c3 b4e7 g2g3 d7d5 g1h3 b8c6 h3f4 h7h5 f4d5 d8d5 f1g2 d5g2 h1f1
Warning; Bestmove does not match beginning of last PV - move g2g3 from B
Info; info depth 16 seldepth 26 multipv 1 score cp 919 nodes 123431 nps 410069 hashfull 53 tbhits 0 time 301 pv d3a3 b6b5 e2d1 b5f1 h1f1 d7d6 a3a2 b7b5 a2f7 c8g4 d1d2 b5a4 f7e7 d8c8 f2g4 h5g4 e7e6 c8d8 e6d6 d8c8 d6c6 c8d8 c6d5 d8c7
Position; fen r1bqkbnr/ppppppp1/n6p/8/5P2/7N/PPPPP1PP/RNBQKB1R w KQkq - 1 3
Moves; d2d4 c7c6 e2e3 d8b6 h3f2 f7f6 b1c3 h6h5 e3e4 g7g6 a2a3 g8h6 b2b4 h6f7 c3a4 a6b4 a3b4 b6b4 c1d2 b4b6 d2e3 e7e5 f4e5 f8b4 e1e2 b4a3 d1d3 a8b8 e5f6 e8d8
Warning; Bestmove does not match beginning of last PV - move h7h8 from B
Info; info depth 31 seldepth 8 multipv 1 score mate 4 nodes 160828 nps 536093 hashfull 49 tbhits 0 time 300 pv b2b7 d8c8 b7a7 c8d8 h7f7 d8c8 f7e8
Position; fen rnbqkbnr/p1ppp1pp/1p6/5p2/8/N2P4/PPP1PPPP/R1BQKBNR w KQkq - 0 3
Moves; e2e4 b6b5 a3b5 b8a6 c2c3 c7c6 b5d4 a8b8 g1f3 b8b7 d4f5 d8a5 a2a3 a5c3 e1e2 b7b2 f3d2 b2d2 c1d2 c3a1 f5d6 e7d6 d1a1 h7h5 h2h4 e8f7 a1b2 f7e6 g2g3 d6d5 e2e1 f8e7 b2a1 d5d4 a1a2 e6e5 d2g5 e7g5 f1h3 a6b8 h4g5 h5h4 a2f7 h4g3 f7g7 e5f4 g7f7 f4e5 f7g7 e5f4 g7f7 f4e5 f7f5 e5d6 f5f4 d6e7 f4e5 e7f7 f2g3 h8h3 g5g6 f7g6 e5f5 g6g7 f5g4 g7f7 g4f5 g8f6 h1h3 f7g7 h3h2 f6g4 f5g4 g7f6 g4h4 f6e6 h4h6 e6e7 h6h4 e7e6 h4h6 e6f7 h6f4 f7g7 f4h6 g7f7 g3g4 c8b7 h6h5 f7e6 h5h6 e6e7 h2b2 b8a6 h6g5 e7d6 g5h6 d6c7 e4e5 a6b8 h6h7 c7d8
Warning; Bestmove does not match beginning of last PV - move b4f8 from B
Info; info depth 18 seldepth 28 multipv 1 score cp 903 nodes 347819 nps 1155544 hashfull 122 tbhits 0 time 301 pv e6f8 c6c5 b4c5 b5b4 c5b4 c8c7 e5e6 a6e2 e1e2 c7c8 e2d3 c8d8 d3d4 d8e8 f8h7
Position; fen rnbqkbnr/1ppp1ppp/8/p3p3/8/2N2P2/PPPPP1PP/R1BQKBNR w KQkq - 0 3
Moves; e2e3 e5e4 c3e4 a8a7 b2b3 b8a6 c1b2 d8h4 e4g3 h4h2 h1h2 a6b4 f3f4 a5a4 a1c1 b4c2 d1c2 f7f6 b3b4 f8b4 a2a3 c7c6 c1a1 h7h5 a1a2 b4d2 c2d2 e8d8 b2d4 g8h6 h2h4 h8e8 d4f6 d8c7 e3e4 d7d5 a2b2 g7g6 f4f5 h6f5 d2f4 c7d7 b2d2 f5d4 f6d4 e8f8 d4f6 a7a8 f6d4 f8f4 g3h5 f4h4 h5g3 h4f4 g1f3 d7e6 d2e2 b7b5 d4c3 c8a6 f3g5 e6d6 c3d2 f4f1 g3f1 a8f8 e4e5 d6e7 d2b4 e7d8 g5e6 d8c8
Warning; Bestmove does not match beginning of last PV - move g2e4 from B
Info; info depth 16 seldepth 25 multipv 1 score cp 930 nodes 284367 nps 947890 hashfull 134 tbhits 0 time 300 pv c8h3 d2d3 g2f1 e1d2 f1d1 d2d1 e5e4 d3d4 e7d6 d1e1 e4e3 c1e3 h3f5 b1d2 g8e7 a4a5 a8b8 e3f4
Position; fen rnbqk1nr/pppp1ppp/8/4p3/1b6/P7/2PPPPPP/RNBQKBNR w KQkq - 0 3
Moves; c2c3 b4e7 g2g3 d7d5 g1h3 b8c6 h3f4 h7h5 f4d5 d8d5 f1g2 d5g2 h1f1 f7f6 a3a4
Warning; Bestmove does not match beginning of last PV - move f1h3 from B
Info; info depth 16 seldepth 23 multipv 1 score cp 814 nodes 114246 nps 380820 hashfull 45 tbhits 0 time 300 pv a4b6 a3b2 b6c8 h4g3 h2g3 h8h1 f2h1 b2a1 d3a3 d8c8 a3a1 b7b5
Position; fen r1bqkbnr/ppppppp1/n6p/8/5P2/7N/PPPPP1PP/RNBQKB1R w KQkq - 1 3
Moves; d2d4 c7c6 e2e3 d8b6 h3f2 f7f6 b1c3 h6h5 e3e4 g7g6 a2a3 g8h6 b2b4 h6f7 c3a4 a6b4 a3b4 b6b4 c1d2 b4b6 d2e3 e7e5 f4e5 f8b4 e1e2 b4a3 d1d3 a8b8 e5f6 e8d8 g2g3 h5h4
Warning; Bestmove does not match beginning of last PV - move e4f5 from B
Info; info depth 16 seldepth 21 multipv 1 score cp 697 nodes 224310 nps 747700 hashfull 84 tbhits 0 time 300 pv e4d5 d2d3 c8e6 a4a5 d5d7 b1d2 h5h4 d2e4 h4g3 h2g3 f6f5
Position; fen rnbqk1nr/pppp1ppp/8/4p3/1b6/P7/2PPPPPP/RNBQKBNR w KQkq - 0 3
Moves; c2c3 b4e7 g2g3 d7d5 g1h3 b8c6 h3f4 h7h5 f4d5 d8d5 f1g2 d5g2 h1f1 f7f6 a3a4 g2e4 f2f3
Warning; Bestmove does not match beginning of last PV - move h1b1 from B
Info; info depth 16 seldepth 23 multipv 1 score cp 761 nodes 100273 nps 334243 hashfull 40 tbhits 0 time 300 pv a4b6 a3b4 h2g3 a7b6 e4e5 d8c7 d3b3 h8h3 h1h3 d7d5 e5d6 b4d6
Position; fen r1bqkbnr/ppppppp1/n6p/8/5P2/7N/PPPPP1PP/RNBQKB1R w KQkq - 1 3
Moves; d2d4 c7c6 e2e3 d8b6 h3f2 f7f6 b1c3 h6h5 e3e4 g7g6 a2a3 g8h6 b2b4 h6f7 c3a4 a6b4 a3b4 b6b4 c1d2 b4b6 d2e3 e7e5 f4e5 f8b4 e1e2 b4a3 d1d3 a8b8 e5f6 e8d8 g2g3 h5h4 f1h3 h4g3
Warning; Bestmove does not match beginning of last PV - move f8h6 from B
Info; info depth 29 seldepth 12 multipv 1 score mate 6 nodes 209121 nps 697070 hashfull 79 tbhits 0 time 300 pv f8d6 c7c8 e5e6 d7e6 d6e6 c8b8 e6d7 a6b4 b2b4 c6c5 d7b7
Position; fen rnbqkbnr/p1ppp1pp/1p6/5p2/8/N2P4/PPP1PPPP/R1BQKBNR w KQkq - 0 3
Moves; e2e4 b6b5 a3b5 b8a6 c2c3 c7c6 b5d4 a8b8 g1f3 b8b7 d4f5 d8a5 a2a3 a5c3 e1e2 b7b2 f3d2 b2d2 c1d2 c3a1 f5d6 e7d6 d1a1 h7h5 h2h4 e8f7 a1b2 f7e6 g2g3 d6d5 e2e1 f8e7 b2a1 d5d4 a1a2 e6e5 d2g5 e7g5 f1h3 a6b8 h4g5 h5h4 a2f7 h4g3 f7g7 e5f4 g7f7 f4e5 f7g7 e5f4 g7f7 f4e5 f7f5 e5d6 f5f4 d6e7 f4e5 e7f7 f2g3 h8h3 g5g6 f7g6 e5f5 g6g7 f5g4 g7f7 g4f5 g8f6 h1h3 f7g7 h3h2 f6g4 f5g4 g7f6 g4h4 f6e6 h4h6 e6e7 h6h4 e7e6 h4h6 e6f7 h6f4 f7g7 f4h6 g7f7 g3g4 c8b7 h6h5 f7e6 h5h6 e6e7 h2b2 b8a6 h6g5 e7d6 g5h6 d6c7 e4e5 a6b8 h6h7 c7d8 h7h8 d8c7 h8f8 b8a6
Warning; Bestmove does not match beginning of last PV - move c5e6 from B
Info; info depth 18 seldepth 26 multipv 1 score mate 12 nodes 357428 nps 1191426 hashfull 122 tbhits 0 time 300 pv e5e6 c8d8 e6e7 d8e8 c5a6 d5d4 a6c7 e8d7 e7e8q d7c7 e2e7 c7b6 e8d8 b6a6 d8c8 a6b6 c8b7 b6c5 e7e3 c5d5 b7d7 d5c4 d7c6
Position; fen rnbqkbnr/1ppp1ppp/8/p3p3/8/2N2P2/PPPPP1PP/R1BQKBNR w KQkq - 0 3
Moves; e2e3 e5e4 c3e4 a8a7 b2b3 b8a6 c1b2 d8h4 e4g3 h4h2 h1h2 a6b4 f3f4 a5a4 a1c1 b4c2 d1c2 f7f6 b3b4 f8b4 a2a3 c7c6 c1a1 h7h5 a1a2 b4d2 c2d2 e8d8 b2d4 g8h6 h2h4 h8e8 d4f6 d8c7 e3e4 d7d5 a2b2 g7g6 f4f5 h6f5 d2f4 c7d7 b2d2 f5d4 f6d4 e8f8 d4f6 a7a8 f6d4 f8f4 g3h5 f4h4 h5g3 h4f4 g1f3 d7e6 d2e2 b7b5 d4c3 c8a6 f3g5 e6d6 c3d2 f4f1 g3f1 a8f8 e4e5 d6e7 d2b4 e7d8 g5e6 d8c8 b4f8 c8d7 e6c5 d7c8
Warning; Bestmove does not match beginning of last PV - move b5b6 from B
Info; info depth 18 seldepth 26 multipv 1 score cp 570 nodes 341590 nps 1138633 hashfull 88 tbhits 0 time 300 pv b7a6 c2d3 b5b6 c3c4 h6f5 d3e4 g5f6 e4d5 a6a5 h3h4 a5a4
Position; fen rnbqkbnr/1ppp1ppp/8/p3p3/8/2N2P2/PPPPP1PP/R1BQKBNR w KQkq - 0 3
Moves; c3b5 d7d5 b5c7 d8c7 a1b1 f8e7 b1a1 b8c6 c2c3 c8e6 d1b3 g8h6 g2g3 a5a4 b3d5 e6d5 a2a3 f7f6 e2e4 d5e6 h2h3 e6f7 g3g4 e8g8 g4g5 h6f5 g5f6 g7f6 e4f5 f8b8 f1c4 g8h8 c4f7 e7c5 a1a2 c6e7 f7e8 c5f2 e1f2 e7f5 e8a4 a8a4 b2b4 c7c6 b4b5 c6e8 b5b6 a4a8 g1e2 e8f8 e2f4 f5h6 f4g6 h7g6 f3f4 f8g7 f4e5 g6g5 e5e6 h6g8 f2e3 h8h7 h1f1 h7h8 f1f5 b8e8 c1b2 e8e6 e3f2 e6e2 f2e2 a8d8 b2c1 g7f8 d2d4 h8h7 e2f3 h7g6 a3a4 g8h6 a2g2 g6h5 g2g5 f6g5 f5f8 d8f8 f3e3 f8f1 e3d2 h5g6 d2c2 f1f2 c2d3 f2f1 d3c2 f1f2 c2b1 f2f6 a4a5 f6f5 c1g5 g6g5 d4d5 f5d5 a5a6 d5b5 b1c2
Warning; Bestmove does not match beginning of last PV - move f5g6 from B
Info; info depth 16 seldepth 19 multipv 1 score cp 691 nodes 146864 nps 487920 hashfull 53 tbhits 0 time 301 pv c6a5 d2d3 f5d7 e1f2 b7b6 d1c2 h5h4 f1d1 h4g3 h2g3
Position; fen rnbqk1nr/pppp1ppp/8/4p3/1b6/P7/2PPPPPP/RNBQKBNR w KQkq - 0 3
Moves; c2c3 b4e7 g2g3 d7d5 g1h3 b8c6 h3f4 h7h5 f4d5 d8d5 f1g2 d5g2 h1f1 f7f6 a3a4 g2e4 f2f3 e4f5 b1a3
Warning; Bestmove does not match beginning of last PV - move d3a3 from B
Info; info depth 14 seldepth 20 multipv 1 score cp 520 nodes 94077 nps 311513 hashfull 26 tbhits 0 time 302 pv a1b1 a3d6 e4e5 b7b5 e5d6 g3f2 d3g6 f7d6
Position; fen r1bqkbnr/ppppppp1/n6p/8/5P2/7N/PPPPP1PP/RNBQKB1R w KQkq - 1 3
Moves; d2d4 c7c6 e2e3 d8b6 h3f2 f7f6 b1c3 h6h5 e3e4 g7g6 a2a3 g8h6 b2b4 h6f7 c3a4 a6b4 a3b4 b6b4 c1d2 b4b6 d2e3 e7e5 f4e5 f8b4 e1e2 b4a3 d1d3 a8b8 e5f6 e8d8 g2g3 h5h4 f1h3 h4g3 h1b1 b6b1
Warning; Bestmove does not match beginning of last PV - move g4g5 from B
Info; info depth 31 seldepth 14 multipv 1 score mate 7 nodes 174863 nps 582876 hashfull 54 tbhits 0 time 300 pv h6d6 c7c8 b2f2 b7a8 f2f8 c8b7 f8b8 b7a6 d6d7 a8b7 d7b7 a6a5 b7a7
Position; fen rnbqkbnr/p1ppp1pp/1p6/5p2/8/N2P4/PPP1PPPP/R1BQKBNR w KQkq - 0 3
Moves; e2e4 b6b5 a3b5 b8a6 c2c3 c7c6 b5d4 a8b8 g1f3 b8b7 d4f5 d8a5 a2a3 a5c3 e1e2 b7b2 f3d2 b2d2 c1d2 c3a1 f5d6 e7d6 d1a1 h7h5 h2h4 e8f7 a1b2 f7e6 g2g3 d6d5 e2e1 f8e7 b2a1 d5d4 a1a2 e6e5 d2g5 e7g5 f1h3 a6b8 h4g5 h5h4 a2f7 h4g3 f7g7 e5f4 g7f7 f4e5 f7g7 e5f4 g7f7 f4e5 f7f5 e5d6 f5f4 d6e7 f4e5 e7f7 f2g3 h8h3 g5g6 f7g6 e5f5 g6g7 f5g4 g7f7 g4f5 g8f6 h1h3 f7g7 h3h2 f6g4 f5g4 g7f6 g4h4 f6e6 h4h6 e6e7 h6h4 e7e6 h4h6 e6f7 h6f4 f7g7 f4h6 g7f7 g3g4 c8b7 h6h5 f7e6 h5h6 e6e7 h2b2 b8a6 h6g5 e7d6 g5h6 d6c7 e4e5 a6b8 h6h7 c7d8 h7h8 d8c7 h8f8 b8a6 f8h6 a6b8
Warning; Bestmove does not match beginning of last PV - move e6d4 from B
Info; info depth 19 seldepth 29 multipv 1 score cp 947 nodes 417913 nps 1393043 hashfull 126 tbhits 0 time 300 pv f8b4 c6c5 e6c5 a6b7 c5b7 c8b7 e5e6 b7c6 e6e7 g6g5 e2e6 c6b7 e7e8q d4d3
Position; fen rnbqkbnr/1ppp1ppp/8/p3p3/8/2N2P2/PPPPP1PP/R1BQKBNR w KQkq - 0 3
Moves; e2e3 e5e4 c3e4 a8a7 b2b3 b8a6 c1b2 d8h4 e4g3 h4h2 h1h2 a6b4 f3f4 a5a4 a1c1 b4c2 d1c2 f7f6 b3b4 f8b4 a2a3 c7c6 c1a1 h7h5 a1a2 b4d2 c2d2 e8d8 b2d4 g8h6 h2h4 h8e8 d4f6 d8c7 e3e4 d7d5 a2b2 g7g6 f4f5 h6f5 d2f4 c7d7 b2d2 f5d4 f6d4 e8f8 d4f6 a7a8 f6d4 f8f4 g3h5 f4h4 h5g3 h4f4 g1f3 d7e6 d2e2 b7b5 d4c3 c8a6 f3g5 e6d6 c3d2 f4f1 g3f1 a8f8 e4e5 d6e7 d2b4 e7d8 g5e6 d8c8 b4f8 c8d7 e6c5 d7c8 c5e6 d5d4
Warning; Bestmove does not match beginning of last PV - move e7f8 from B
Info; info depth 16 seldepth 17 multipv 1 score cp 702 nodes 161961 nps 539870 hashfull 64 tbhits 0 time 300 pv a7a6 d2d3 g6f7 e3e4 e7c5 a3c4 c8e6 c1e3 e6c4 e3c5
Position; fen rnbqk1nr/pppp1ppp/8/4p3/1b6/P7/2PPPPPP/RNBQKBNR w KQkq - 0 3
Moves; c2c3 b4e7 g2g3 d7d5 g1h3 b8c6 h3f4 h7h5 f4d5 d8d5 f1g2 d5g2 h1f1 f7f6 a3a4 g2e4 f2f3 e4f5 b1a3 f5g6 e2e3
Warning; Bestmove does not match beginning of last PV - move e2f1 from B
Info; info depth 13 seldepth 21 multipv 1 score cp 270 nodes 80923 nps 269743 hashfull 27 tbhits 0 time 300 pv e2f3 f7g5 f3g2 g5h3 a3e7 d8c7 a4c5 c7b6 h2g3 h3f2 e3f2
Position; fen r1bqkbnr/ppppppp1/n6p/8/5P2/7N/PPPPP1PP/RNBQKB1R w KQkq - 1 3
Moves; d2d4 c7c6 e2e3 d8b6 h3f2 f7f6 b1c3 h6h5 e3e4 g7g6 a2a3 g8h6 b2b4 h6f7 c3a4 a6b4 a3b4 b6b4 c1d2 b4b6 d2e3 e7e5 f4e5 f8b4 e1e2 b4a3 d1d3 a8b8 e5f6 e8d8 g2g3 h5h4 f1h3 h4g3 h1b1 b6b1 d3a3 b1c2
Warning; Bestmove does not match beginning of last PV - move h5h4 from B
Info; info depth 16 seldepth 21 multipv 1 score cp 659 nodes 212855 nps 709516 hashfull 93 tbhits 0 time 300 pv g6f7 d1c2 a7a6 f1d1 g8e7 d2d4 e7d5 e3e4 d5b6 d4d5 f8c5 f2g2
Position; fen rnbqk1nr/pppp1ppp/8/4p3/1b6/P7/2PPPPPP/RNBQKBNR w KQkq - 0 3
Moves; c2c3 b4e7 g2g3 d7d5 g1h3 b8c6 h3f4 h7h5 f4d5 d8d5 f1g2 d5g2 h1f1 f7f6 a3a4 g2e4 f2f3 e4f5 b1a3 f5g6 e2e3 e7f8 e1f2
Warning; Bestmove does not match beginning of last PV - move b2b4 from B
Info; info depth 47 seldepth 6 multipv 1 score mate 3 nodes 323004 nps 1076680 hashfull 34 tbhits 0 time 300 pv b2f2 b7a8 f2f8 c8b7 d6b8
Position; fen rnbqkbnr/p1ppp1pp/1p6/5p2/8/N2P4/PPP1PPPP/R1BQKBNR w KQkq - 0 3
Moves; e2e4 b6b5 a3b5 b8a6 c2c3 c7c6 b5d4 a8b8 g1f3 b8b7 d4f5 d8a5 a2a3 a5c3 e1e2 b7b2 f3d2 b2d2 c1d2 c3a1 f5d6 e7d6 d1a1 h7h5 h2h4 e8f7 a1b2 f7e6 g2g3 d6d5 e2e1 f8e7 b2a1 d5d4 a1a2 e6e5 d2g5 e7g5 f1h3 a6b8 h4g5 h5h4 a2f7 h4g3 f7g7 e5f4 g7f7 f4e5 f7g7 e5f4 g7f7 f4e5 f7f5 e5d6 f5f4 d6e7 f4e5 e7f7 f2g3 h8h3 g5g6 f7g6 e5f5 g6g7 f5g4 g7f7 g4f5 g8f6 h1h3 f7g7 h3h2 f6g4 f5g4 g7f6 g4h4 f6e6 h4h6 e6e7 h6h4 e7e6 h4h6 e6f7 h6f4 f7g7 f4h6 g7f7 g3g4 c8b7 h6h5 f7e6 h5h6 e6e7 h2b2 b8a6 h6g5 e7d6 g5h6 d6c7 e4e5 a6b8 h6h7 c7d8 h7h8 d8c7 h8f8 b8a6 f8h6 a6b8 g4g5 a7a6 h6d6 c7c8
Warning; Bestmove does not match beginning of last PV - move b4b1 from B
Info; info depth 23 seldepth 22 multipv 1 score mate 9 nodes 312058 nps 1036737 hashfull 119 tbhits 0 time 301 pv b4b2 a6a5 d6c5 b8c6 g5g6 c8d8 g6g7 c6e7 b2b7 d8e8 b7b8 e8f7 c5e7 f7e7 g7g8q d7d6 b8b7
Position; fen rnbqkbnr/p1ppp1pp/1p6/5p2/8/N2P4/PPP1PPPP/R1BQKBNR w KQkq - 0 3
Moves; e2e4 b6b5 a3b5 b8a6 c2c3 c7c6 b5d4 a8b8 g1f3 b8b7 d4f5 d8a5 a2a3 a5c3 e1e2 b7b2 f3d2 b2d2 c1d2 c3a1 f5d6 e7d6 d1a1 h7h5 h2h4 e8f7 a1b2 f7e6 g2g3 d6d5 e2e1 f8e7 b2a1 d5d4 a1a2 e6e5 d2g5 e7g5 f1h3 a6b8 h4g5 h5h4 a2f7 h4g3 f7g7 e5f4 g7f7 f4e5 f7g7 e5f4 g7f7 f4e5 f7f5 e5d6 f5f4 d6e7 f4e5 e7f7 f2g3 h8h3 g5g6 f7g6 e5f5 g6g7 f5g4 g7f7 g4f5 g8f6 h1h3 f7g7 h3h2 f6g4 f5g4 g7f6 g4h4 f6e6 h4h6 e6e7 h6h4 e7e6 h4h6 e6f7 h6f4 f7g7 f4h6 g7f7 g3g4 c8b7 h6h5 f7e6 h5h6 e6e7 h2b2 b8a6 h6g5 e7d6 g5h6 d6c7 e4e5 a6b8 h6h7 c7d8 h7h8 d8c7 h8f8 b8a6 f8h6 a6b8 g4g5 a7a6 h6d6 c7c8 b2b4 c6c5
Warning; Bestmove does not match beginning of last PV - move h6f5 from B
Info; info depth 20 seldepth 39 multipv 1 score cp 714 nodes 534522 nps 1781740 hashfull 46 tbhits 0 time 300 pv a4a7 h4h5 h6f5 d3c2 f4e4 c2c3 a7a6 c3c2 f5h6 c2b2 a6c6 b2c3 e4e3 c3b2 e3d3 b2a1 c6c4 a1b2 d3d4 b2a3 c4c6
Position; fen rnbqkbnr/1ppp1ppp/8/p3p3/8/2N2P2/PPPPP1PP/R1BQKBNR w KQkq - 0 3
Moves; c3b5 d7d5 b5c7 d8c7 a1b1 f8e7 b1a1 b8c6 c2c3 c8e6 d1b3 g8h6 g2g3 a5a4 b3d5 e6d5 a2a3 f7f6 e2e4 d5e6 h2h3 e6f7 g3g4 e8g8 g4g5 h6f5 g5f6 g7f6 e4f5 f8b8 f1c4 g8h8 c4f7 e7c5 a1a2 c6e7 f7e8 c5f2 e1f2 e7f5 e8a4 a8a4 b2b4 c7c6 b4b5 c6e8 b5b6 a4a8 g1e2 e8f8 e2f4 f5h6 f4g6 h7g6 f3f4 f8g7 f4e5 g6g5 e5e6 h6g8 f2e3 h8h7 h1f1 h7h8 f1f5 b8e8 c1b2 e8e6 e3f2 e6e2 f2e2 a8d8 b2c1 g7f8 d2d4 h8h7 e2f3 h7g6 a3a4 g8h6 a2g2 g6h5 g2g5 f6g5 f5f8 d8f8 f3e3 f8f1 e3d2 h5g6 d2c2 f1f2 c2d3 f2f1 d3c2 f1f2 c2b1 f2f6 a4a5 f6f5 c1g5 g6g5 d4d5 f5d5 a5a6 d5b5 b1c2 b5b6 a6a7 b6a6 h3h4 g5f4 c2d3 a6a4 c3c4
Warning; Bestmove does not match beginning of last PV - move g6f7 from B
Info; info depth 16 seldepth 23 multipv 1 score cp 741 nodes 189938 nps 633126 hashfull 65 tbhits 0 time 300 pv g6h6 f1g1 c8e6 g1g3 e8c8 a1b1 g8e7 d2d4
Position; fen rnbqk1nr/pppp1ppp/8/4p3/1b6/P7/2PPPPPP/RNBQKBNR w KQkq - 0 3
Moves; c2c3 b4e7 g2g3 d7d5 g1h3 b8c6 h3f4 h7h5 f4d5 d8d5 f1g2 d5g2 h1f1 f7f6 a3a4 g2e4 f2f3 e4f5 b1a3 f5g6 e2e3 e7f8 e1f2 h5h4 g3h4 a7a6 h2h3
Warning; Bestmove does not match beginning of last PV - move d6f8 from B
Info; info depth 27 seldepth 12 multipv 1 score mate 6 nodes 208550 nps 695166 hashfull 74 tbhits 0 time 300 pv g5g6 c4d3 g6g7 d3d2 e1d2 b8c6 g7g8q c6d8 d6b6 d4d3 b6d8
Position; fen rnbqkbnr/p1ppp1pp/1p6/5p2/8/N2P4/PPP1PPPP/R1BQKBNR w KQkq - 0 3
Moves; e2e4 b6b5 a3b5 b8a6 c2c3 c7c6 b5d4 a8b8 g1f3 b8b7 d4f5 d8a5 a2a3 a5c3 e1e2 b7b2 f3d2 b2d2 c1d2 c3a1 f5d6 e7d6 d1a1 h7h5 h2h4 e8f7 a1b2 f7e6 g2g3 d6d5 e2e1 f8e7 b2a1 d5d4 a1a2 e6e5 d2g5 e7g5 f1h3 a6b8 h4g5 h5h4 a2f7 h4g3 f7g7 e5f4 g7f7 f4e5 f7g7 e5f4 g7f7 f4e5 f7f5 e5d6 f5f4 d6e7 f4e5 e7f7 f2g3 h8h3 g5g6 f7g6 e5f5 g6g7 f5g4 g7f7 g4f5 g8f6 h1h3 f7g7 h3h2 f6g4 f5g4 g7f6 g4h4 f6e6 h4h6 e6e7 h6h4 e7e6 h4h6 e6f7 h6f4 f7g7 f4h6 g7f7 g3g4 c8b7 h6h5 f7e6 h5h6 e6e7 h2b2 b8a6 h6g5 e7d6 g5h6 d6c7 e4e5 a6b8 h6h7 c7d8 h7h8 d8c7 h8f8 b8a6 f8h6 a6b8 g4g5 a7a6 h6d6 c7c8 b2b4 c6c5 b4b1 c5c4
Warning; Bestmove does not match beginning of last PV - move e2d2 from B
Info; info depth 21 seldepth 8 multipv 1 score mate 4 nodes 303504 nps 1011680 hashfull 86 tbhits 0 time 300 pv f8d6 c8e6 e2e6 b5b4 e6f6 b4a3 f6f8
Position; fen rnbqkbnr/1ppp1ppp/8/p3p3/8/2N2P2/PPPPP1PP/R1BQKBNR w KQkq - 0 3
Moves; e2e3 e5e4 c3e4 a8a7 b2b3 b8a6 c1b2 d8h4 e4g3 h4h2 h1h2 a6b4 f3f4 a5a4 a1c1 b4c2 d1c2 f7f6 b3b4 f8b4 a2a3 c7c6 c1a1 h7h5 a1a2 b4d2 c2d2 e8d8 b2d4 g8h6 h2h4 h8e8 d4f6 d8c7 e3e4 d7d5 a2b2 g7g6 f4f5 h6f5 d2f4 c7d7 b2d2 f5d4 f6d4 e8f8 d4f6 a7a8 f6d4 f8f4 g3h5 f4h4 h5g3 h4f4 g1f3 d7e6 d2e2 b7b5 d4c3 c8a6 f3g5 e6d6 c3d2 f4f1 g3f1 a8f8 e4e5 d6e7 d2b4 e7d8 g5e6 d8c8 b4f8 c8d7 e6c5 d7c8 c5e6 d5d4 e6d4 c8c7 d4e6 c7d7 e6c5 d7d8 e5e6 a6c8
Warning; Bestmove does not match beginning of last PV - move a4a7 from B
Info; info depth 21 seldepth 35 multipv 1 score cp 721 nodes 564728 nps 1882426 hashfull 40 tbhits 0 time 300 pv a4a3 d3c4 a3a7 c4c3 a7a6 c3d3 f5h4 d3d4 h4f5 d4c4 f4e4 c4b4 e4d4 b4b3 a6c6 b3b4 c6c5
Position; fen rnbqkbnr/1ppp1ppp/8/p3p3/8/2N2P2/PPPPP1PP/R1BQKBNR w KQkq - 0 3
Moves; c3b5 d7d5 b5c7 d8c7 a1b1 f8e7 b1a1 b8c6 c2c3 c8e6 d1b3 g8h6 g2g3 a5a4 b3d5 e6d5 a2a3 f7f6 e2e4 d5e6 h2h3 e6f7 g3g4 e8g8 g4g5 h6f5 g5f6 g7f6 e4f5 f8b8 f1c4 g8h8 c4f7 e7c5 a1a2 c6e7 f7e8 c5f2 e1f2 e7f5 e8a4 a8a4 b2b4 c7c6 b4b5 c6e8 b5b6 a4a8 g1e2 e8f8 e2f4 f5h6 f4g6 h7g6 f3f4 f8g7 f4e5 g6g5 e5e6 h6g8 f2e3 h8h7 h1f1 h7h8 f1f5 b8e8 c1b2 e8e6 e3f2 e6e2 f2e2 a8d8 b2c1 g7f8 d2d4 h8h7 e2f3 h7g6 a3a4 g8h6 a2g2 g6h5 g2g5 f6g5 f5f8 d8f8 f3e3 f8f1 e3d2 h5g6 d2c2 f1f2 c2d3 f2f1 d3c2 f1f2 c2b1 f2f6 a4a5 f6f5 c1g5 g6g5 d4d5 f5d5 a5a6 d5b5 b1c2 b5b6 a6a7 b6a6 h3h4 g5f4 c2d3 a6a4 c3c4 h6f5 c4c5
Warning; Bestmove does not match beginning of last PV - move g8h6 from B
Info; info depth 17 seldepth 24 multipv 1 score cp 758 nodes 201866 nps 670651 hashfull 78 tbhits 0 time 301 pv f7h5 e3e4 h5h4 f2e2 h4h3 d2d3 f8c5 a3c4 h3h2 e2e1 h2g3 e1e2 g3g2 e2e1
Position; fen rnbqk1nr/pppp1ppp/8/4p3/1b6/P7/2PPPPPP/RNBQKBNR w KQkq - 0 3
Moves; c2c3 b4e7 g2g3 d7d5 g1h3 b8c6 h3f4 h7h5 f4d5 d8d5 f1g2 d5g2 h1f1 f7f6 a3a4 g2e4 f2f3 e4f5 b1a3 f5g6 e2e3 e7f8 e1f2 h5h4 g3h4 a7a6 h2h3 g6f7 a1b1
Warning; Bestmove does not match beginning of last PV - move f8e7 from B
Info; info depth 30 seldepth 14 multipv 1 score mate 7 nodes 116372 nps 387906 hashfull 42 tbhits 0 time 300 pv g5g6 c4d3 f8d6 c7c8 g6g7 d3d2 e1d2 b8c6 g7g8q c6d8 d6b6 d4d3 b6d8
Position; fen rnbqkbnr/p1ppp1pp/1p6/5p2/8/N2P4/PPP1PPPP/R1BQKBNR w KQkq - 0 3
Moves; e2e4 b6b5 a3b5 b8a6 c2c3 c7c6 b5d4 a8b8 g1f3 b8b7 d4f5 d8a5 a2a3 a5c3 e1e2 b7b2 f3d2 b2d2 c1d2 c3a1 f5d6 e7d6 d1a1 h7h5 h2h4 e8f7 a1b2 f7e6 g2g3 d6d5 e2e1 f8e7 b2a1 d5d4 a1a2 e6e5 d2g5 e7g5 f1h3 a6b8 h4g5 h5h4 a2f7 h4g3 f7g7 e5f4 g7f7 f4e5 f7g7 e5f4 g7f7 f4e5 f7f5 e5d6 f5f4 d6e7 f4e5 e7f7 f2g3 h8h3 g5g6 f7g6 e5f5 g6g7 f5g4 g7f7 g4f5 g8f6 h1h3 f7g7 h3h2 f6g4 f5g4 g7f6 g4h4 f6e6 h4h6 e6e7 h6h4 e7e6 h4h6 e6f7 h6f4 f7g7 f4h6 g7f7 g3g4 c8b7 h6h5 f7e6 h5h6 e6e7 h2b2 b8a6 h6g5 e7d6 g5h6 d6c7 e4e5 a6b8 h6h7 c7d8 h7h8 d8c7 h8f8 b8a6 f8h6 a6b8 g4g5 a7a6 h6d6 c7c8 b2b4 c6c5 b4b1 c5c4 d6f8 c8c7
Warning; Bestmove does not match beginning of last PV - move a7a8 from B
Info; info depth 21 seldepth 40 multipv 1 score mate 18 nodes 488475 nps 1628250 hashfull 47 tbhits 0 time 300 pv a7a6 h4h5 f4e4 c4c3 a6c6 c3c4 f5h6 c4c3 c6c5 c3b4 c5c6 b4a4 e4d3 a4b4 h6f5 b4b3 c6b6 b3a2 d3c3 a2a1 b6h6 a1a2 h6h5 a2b1 f5h6 b1a2 h5c5 a2a1 c5c6 a1a2 c6a6 a2b1 h6f5 b1c1 a6a1
Position; fen rnbqkbnr/1ppp1ppp/8/p3p3/8/2N2P2/PPPPP1PP/R1BQKBNR w KQkq - 0 3
Moves; c3b5 d7d5 b5c7 d8c7 a1b1 f8e7 b1a1 b8c6 c2c3 c8e6 d1b3 g8h6 g2g3 a5a4 b3d5 e6d5 a2a3 f7f6 e2e4 d5e6 h2h3 e6f7 g3g4 e8g8 g4g5 h6f5 g5f6 g7f6 e4f5 f8b8 f1c4 g8h8 c4f7 e7c5 a1a2 c6e7 f7e8 c5f2 e1f2 e7f5 e8a4 a8a4 b2b4 c7c6 b4b5 c6e8 b5b6 a4a8 g1e2 e8f8 e2f4 f5h6 f4g6 h7g6 f3f4 f8g7 f4e5 g6g5 e5e6 h6g8 f2e3 h8h7 h1f1 h7h8 f1f5 b8e8 c1b2 e8e6 e3f2 e6e2 f2e2 a8d8 b2c1 g7f8 d2d4 h8h7 e2f3 h7g6 a3a4 g8h6 a2g2 g6h5 g2g5 f6g5 f5f8 d8f8 f3e3 f8f1 e3d2 h5g6 d2c2 f1f2 c2d3 f2f1 d3c2 f1f2 c2b1 f2f6 a4a5 f6f5 c1g5 g6g5 d4d5 f5d5 a5a6 d5b5 b1c2 b5b6 a6a7 b6a6 h3h4 g5f4 c2d3 a6a4 c3c4 h6f5 c4c5 a4a7 d3c4
Warning; Bestmove does not match beginning of last PV - move h6g8 from B
Info; info depth 16 seldepth 21 multipv 1 score cp 755 nodes 137681 nps 458936 hashfull 52 tbhits 0 time 300 pv f7h5 d1c2 h6f5 g1g4 f5h4 a3c4 h5h7 e3e4 c8g4 b1b7 g4e6 b7c7
Position; fen rnbqk1nr/pppp1ppp/8/4p3/1b6/P7/2PPPPPP/RNBQKBNR w KQkq - 0 3
Moves; c2c3 b4e7 g2g3 d7d5 g1h3 b8c6 h3f4 h7h5 f4d5 d8d5 f1g2 d5g2 h1f1 f7f6 a3a4 g2e4 f2f3 e4f5 b1a3 f5g6 e2e3 e7f8 e1f2 h5h4 g3h4 a7a6 h2h3 g6f7 a1b1 g8h6 f1g1
Warning; Bestmove does not match beginning of last PV - move g2h1 from B
Info; info depth 18 seldepth 24 multipv 1 score cp 745 nodes 231261 nps 768308 hashfull 84 tbhits 0 time 301 pv c8e6 d8c7 e6f7 c6c5 f2g3 c7d7 g2h1 b8f8 a3b3 d7d8 b3b7 f8f7 b7f7
Position; fen r1bqkbnr/ppppppp1/n6p/8/5P2/7N/PPPPP1PP/RNBQKB1R w KQkq - 1 3
Moves; d2d4 c7c6 e2e3 d8b6 h3f2 f7f6 b1c3 h6h5 e3e4 g7g6 a2a3 g8h6 b2b4 h6f7 c3a4 a6b4 a3b4 b6b4 c1d2 b4b6 d2e3 e7e5 f4e5 f8b4 e1e2 b4a3 d1d3 a8b8 e5f6 e8d8 g2g3 h5h4 f1h3 h4g3 h1b1 b6b1 d3a3 b1c2 e2f1 c2f2 e3f2 d7d6 h3c8 g3h2 f1g2 h2h1q a1h1 h8h1
Warning; Bestmove does not match beginning of last PV - move e7d6 from B
Info; info depth 29 seldepth 14 multipv 1 score mate 7 nodes 256298 nps 854326 hashfull 101 tbhits 0 time 300 pv e7c5 b8c6 c5b6 c7c8 e5e6 c6e5 e6e7 e5d3 e1f1 b7g2 f1g1 d3f4 e7e8q
Position; fen rnbqkbnr/p1ppp1pp/1p6/5p2/8/N2P4/PPP1PPPP/R1BQKBNR w KQkq - 0 3
Moves; e2e4 b6b5 a3b5 b8a6 c2c3 c7c6 b5d4 a8b8 g1f3 b8b7 d4f5 d8a5 a2a3 a5c3 e1e2 b7b2 f3d2 b2d2 c1d2 c3a1 f5d6 e7d6 d1a1 h7h5 h2h4 e8f7 a1b2 f7e6 g2g3 d6d5 e2e1 f8e7 b2a1 d5d4 a1a2 e6e5 d2g5 e7g5 f1h3 a6b8 h4g5 h5h4 a2f7 h4g3 f7g7 e5f4 g7f7 f4e5 f7g7 e5f4 g7f7 f4e5 f7f5 e5d6 f5f4 d6e7 f4e5 e7f7 f2g3 h8h3 g5g6 f7g6 e5f5 g6g7 f5g4 g7f7 g4f5 g8f6 h1h3 f7g7 h3h2 f6g4 f5g4 g7f6 g4h4 f6e6 h4h6 e6e7 h6h4 e7e6 h4h6 e6f7 h6f4 f7g7 f4h6 g7f7 g3g4 c8b7 h6h5 f7e6 h5h6 e6e7 h2b2 b8a6 h6g5 e7d6 g5h6 d6c7 e4e5 a6b8 h6h7 c7d8 h7h8 d8c7 h8f8 b8a6 f8h6 a6b8 g4g5 a7a6 h6d6 c7c8 b2b4 c6c5 b4b1 c5c4 d6f8 c8c7 f8e7 c4c3
Warning; Bestmove does not match beginning of last PV - move c5e4 from B
Info; info depth 33 seldepth 8 multipv 1 score mate 4 nodes 307229 nps 1024096 hashfull 64 tbhits 0 time 300 pv e7e8q g6g5 e8c8 g5g4 c8b7 b6a5 b7a6
Position; fen rnbqkbnr/1ppp1ppp/8/p3p3/8/2N2P2/PPPPP1PP/R1BQKBNR w KQkq - 0 3
Moves; e2e3 e5e4 c3e4 a8a7 b2b3 b8a6 c1b2 d8h4 e4g3 h4h2 h1h2 a6b4 f3f4 a5a4 a1c1 b4c2 d1c2 f7f6 b3b4 f8b4 a2a3 c7c6 c1a1 h7h5 a1a2 b4d2 c2d2 e8d8 b2d4 g8h6 h2h4 h8e8 d4f6 d8c7 e3e4 d7d5 a2b2 g7g6 f4f5 h6f5 d2f4 c7d7 b2d2 f5d4 f6d4 e8f8 d4f6 a7a8 f6d4 f8f4 g3h5 f4h4 h5g3 h4f4 g1f3 d7e6 d2e2 b7b5 d4c3 c8a6 f3g5 e6d6 c3d2 f4f1 g3f1 a8f8 e4e5 d6e7 d2b4 e7d8 g5e6 d8c8 b4f8 c8d7 e6c5 d7c8 c5e6 d5d4 e6d4 c8c7 d4e6 c7d7 e6c5 d7d8 e5e6 a6c8 e2d2 d8c7 e6e7 c7b6
Warning; Bestmove does not match beginning of last PV - move f4f3 from B
Info; info depth 27 seldepth 32 multipv 1 score mate 16 nodes 384514 nps 1281713 hashfull 65 tbhits 0 time 300 pv a8c8 h4h5 c8c6 h5h6 c6h6 d3c4 f4e4 c4c3 h6c6 c3c4 f5h6 c4c3 c6c5 c3b4 e4d4 b4b3 d4d3 b3b4 c5c6 b4b3 c6b6 b3a3 d3c4 a3a2 c4c3 a2a1 b6a6 a1b1 h6f5 b1c1 a6a1
Position; fen rnbqkbnr/1ppp1ppp/8/p3p3/8/2N2P2/PPPPP1PP/R1BQKBNR w KQkq - 0 3
Moves; c3b5 d7d5 b5c7 d8c7 a1b1 f8e7 b1a1 b8c6 c2c3 c8e6 d1b3 g8h6 g2g3 a5a4 b3d5 e6d5 a2a3 f7f6 e2e4 d5e6 h2h3 e6f7 g3g4 e8g8 g4g5 h6f5 g5f6 g7f6 e4f5 f8b8 f1c4 g8h8 c4f7 e7c5 a1a2 c6e7 f7e8 c5f2 e1f2 e7f5 e8a4 a8a4 b2b4 c7c6 b4b5 c6e8 b5b6 a4a8 g1e2 e8f8 e2f4 f5h6 f4g6 h7g6 f3f4 f8g7 f4e5 g6g5 e5e6 h6g8 f2e3 h8h7 h1f1 h7h8 f1f5 b8e8 c1b2 e8e6 e3f2 e6e2 f2e2 a8d8 b2c1 g7f8 d2d4 h8h7 e2f3 h7g6 a3a4 g8h6 a2g2 g6h5 g2g5 f6g5 f5f8 d8f8 f3e3 f8f1 e3d2 h5g6 d2c2 f1f2 c2d3 f2f1 d3c2 f1f2 c2b1 f2f6 a4a5 f6f5 c1g5 g6g5 d4d5 f5d5 a5a6 d5b5 b1c2 b5b6 a6a7 b6a6 h3h4 g5f4 c2d3 a6a4 c3c4 h6f5 c4c5 a4a7 d3c4 a7a8 c4d3
Warning; Bestmove does not match beginning of last PV - move f8e7 from B
Info; info depth 16 seldepth 20 multipv 1 score cp 762 nodes 173475 nps 578250 hashfull 69 tbhits 0 time 300 pv h8h4 d2d4 g8e7 e1d1 h4h3 d4d5 h3h2 f2g3 e7d5 g3h2 d5c3
Position; fen rnbqk1nr/pppp1ppp/8/4p3/1b6/P7/2PPPPPP/RNBQKBNR w KQkq - 0 3
Moves; c2c3 b4e7 g2g3 d7d5 g1h3 b8c6 h3f4 h7h5 f4d5 d8d5 f1g2 d5g2 h1f1 f7f6 a3a4 g2e4 f2f3 e4f5 b1a3 f5g6 e2e3 e7f8 e1f2 h5h4 g3h4 a7a6 h2h3 g6f7 a1b1 g8h6 f1g1 h6g8 d1e1
Warning; Bestmove does not match beginning of last PV - move c8h3 from B
Info; info depth 88 seldepth 6 multipv 1 score mate 3 nodes 1131245 nps 3770816 hashfull 10 tbhits 0 time 300 pv a3f8 d8c7 f2g3 f7d6 g3d6
Position; fen r1bqkbnr/ppppppp1/n6p/8/5P2/7N/PPPPP1PP/RNBQKB1R w KQkq - 1 3
Moves; d2d4 c7c6 e2e3 d8b6 h3f2 f7f6 b1c3 h6h5 e3e4 g7g6 a2a3 g8h6 b2b4 h6f7 c3a4 a6b4 a3b4 b6b4 c1d2 b4b6 d2e3 e7e5 f4e5 f8b4 e1e2 b4a3 d1d3 a8b8 e5f6 e8d8 g2g3 h5h4 f1h3 h4g3 h1b1 b6b1 d3a3 b1c2 e2f1 c2f2 e3f2 d7d6 h3c8 g3h2 f1g2 h2h1q a1h1 h8h1 g2h1 d6d5
Warning; Bestmove does not match beginning of last PV - move e5e6 from B
Info; info depth 32 seldepth 12 multipv 1 score mate 6 nodes 187149 nps 621757 hashfull 76 tbhits 0 time 301 pv d6b6 b8c6 e5e6 c6e5 e6e7 e5d3 e1f1 b7g2 f1g1 d3f4 e7e8q
Position; fen rnbqkbnr/p1ppp1pp/1p6/5p2/8/N2P4/PPP1PPPP/R1BQKBNR w KQkq - 0 3
Moves; e2e4 b6b5 a3b5 b8a6 c2c3 c7c6 b5d4 a8b8 g1f3 b8b7 d4f5 d8a5 a2a3 a5c3 e1e2 b7b2 f3d2 b2d2 c1d2 c3a1 f5d6 e7d6 d1a1 h7h5 h2h4 e8f7 a1b2 f7e6 g2g3 d6d5 e2e1 f8e7 b2a1 d5d4 a1a2 e6e5 d2g5 e7g5 f1h3 a6b8 h4g5 h5h4 a2f7 h4g3 f7g7 e5f4 g7f7 f4e5 f7g7 e5f4 g7f7 f4e5 f7f5 e5d6 f5f4 d6e7 f4e5 e7f7 f2g3 h8h3 g5g6 f7g6 e5f5 g6g7 f5g4 g7f7 g4f5 g8f6 h1h3 f7g7 h3h2 f6g4 f5g4 g7f6 g4h4 f6e6 h4h6 e6e7 h6h4 e7e6 h4h6 e6f7 h6f4 f7g7 f4h6 g7f7 g3g4 c8b7 h6h5 f7e6 h5h6 e6e7 h2b2 b8a6 h6g5 e7d6 g5h6 d6c7 e4e5 a6b8 h6h7 c7d8 h7h8 d8c7 h8f8 b8a6 f8h6 a6b8 g4g5 a7a6 h6d6 c7c8 b2b4 c6c5 b4b1 c5c4 d6f8 c8c7 f8e7 c4c3 e7d6 c7c8
Warning; Bestmove does not match beginning of last PV - move e7e8b from B
Info; info depth 19 seldepth 10 multipv 1 score mate 5 nodes 343230 nps 1144100 hashfull 114 tbhits 0 time 300 pv e7e8q b6a7 f8c5 a7b7 e8e7 e6d7 d2d7 b7a8 d7d8
Position; fen rnbqkbnr/1ppp1ppp/8/p3p3/8/2N2P2/PPPPP1PP/R1BQKBNR w KQkq - 0 3
Moves; e2e3 e5e4 c3e4 a8a7 b2b3 b8a6 c1b2 d8h4 e4g3 h4h2 h1h2 a6b4 f3f4 a5a4 a1c1 b4c2 d1c2 f7f6 b3b4 f8b4 a2a3 c7c6 c1a1 h7h5 a1a2 b4d2 c2d2 e8d8 b2d4 g8h6 h2h4 h8e8 d4f6 d8c7 e3e4 d7d5 a2b2 g7g6 f4f5 h6f5 d2f4 c7d7 b2d2 f5d4 f6d4 e8f8 d4f6 a7a8 f6d4 f8f4 g3h5 f4h4 h5g3 h4f4 g1f3 d7e6 d2e2 b7b5 d4c3 c8a6 f3g5 e6d6 c3d2 f4f1 g3f1 a8f8 e4e5 d6e7 d2b4 e7d8 g5e6 d8c8 b4f8 c8d7 e6c5 d7c8 c5e6 d5d4 e6d4 c8c7 d4e6 c7d7 e6c5 d7d8 e5e6 a6c8 e2d2 d8c7 e6e7 c7b6 c5e4 c8e6
Warning; Bestmove does not match beginning of last PV - move f3f4 from B
Info; info depth 28 seldepth 30 multipv 1 score mate 15 nodes 252839 nps 839996 hashfull 44 tbhits 0 time 301 pv a8c8 d2c3 f3e4 c3c4 c8c6 h4h5 f5h6 c4c3 c6c5 c3d2 h6f5 h5h6 f5h6 d2e2 h6f5 e2d2 c5c6 d2e2 c6c2 e2f1 e4e3 f1g1 e3f3 g1h1 c2c1 h1h2 c1e1 h2h3 e1h1
Position; fen rnbqkbnr/1ppp1ppp/8/p3p3/8/2N2P2/PPPPP1PP/R1BQKBNR w KQkq - 0 3
Moves; c3b5 d7d5 b5c7 d8c7 a1b1 f8e7 b1a1 b8c6 c2c3 c8e6 d1b3 g8h6 g2g3 a5a4 b3d5 e6d5 a2a3 f7f6 e2e4 d5e6 h2h3 e6f7 g3g4 e8g8 g4g5 h6f5 g5f6 g7f6 e4f5 f8b8 f1c4 g8h8 c4f7 e7c5 a1a2 c6e7 f7e8 c5f2 e1f2 e7f5 e8a4 a8a4 b2b4 c7c6 b4b5 c6e8 b5b6 a4a8 g1e2 e8f8 e2f4 f5h6 f4g6 h7g6 f3f4 f8g7 f4e5 g6g5 e5e6 h6g8 f2e3 h8h7 h1f1 h7h8 f1f5 b8e8 c1b2 e8e6 e3f2 e6e2 f2e2 a8d8 b2c1 g7f8 d2d4 h8h7 e2f3 h7g6 a3a4 g8h6 a2g2 g6h5 g2g5 f6g5 f5f8 d8f8 f3e3 f8f1 e3d2 h5g6 d2c2 f1f2 c2d3 f2f1 d3c2 f1f2 c2b1 f2f6 a4a5 f6f5 c1g5 g6g5 d4d5 f5d5 a5a6 d5b5 b1c2 b5b6 a6a7 b6a6 h3h4 g5f4 c2d3 a6a4 c3c4 h6f5 c4c5 a4a7 d3c4 a7a8 c4d3 f4f3 d3d2
Warning; Bestmove does not match beginning of last PV - move e5e4 from B
Info; info depth 17 seldepth 26 multipv 1 score cp 760 nodes 262110 nps 870797 hashfull 96 tbhits 0 time 301 pv f6f5 e1f1 e7h4 f2e2 h4e7 f1g2 g7g5 c1a3 f5f4 a3e7 g8e7 g2g5 h8g8 g5h4
Position; fen rnbqk1nr/pppp1ppp/8/4p3/1b6/P7/2PPPPPP/RNBQKBNR w KQkq - 0 3
Moves; c2c3 b4e7 g2g3 d7d5 g1h3 b8c6 h3f4 h7h5 f4d5 d8d5 f1g2 d5g2 h1f1 f7f6 a3a4 g2e4 f2f3 e4f5 b1a3 f5g6 e2e3 e7f8 e1f2 h5h4 g3h4 a7a6 h2h3 g6f7 a1b1 g8h6 f1g1 h6g8 d1e1 f8e7 a3c2
Warning; Bestmove does not match beginning of last PV - move e4e5 from B
Info; info depth 25 seldepth 6 multipv 1 score mate 3 nodes 314646 nps 1048820 hashfull 125 tbhits 0 time 300 pv a3c5 f7d6 c5d6 d8e8 d6e7
Position; fen r1bqkbnr/ppppppp1/n6p/8/5P2/7N/PPPPP1PP/RNBQKB1R w KQkq - 1 3
Moves; d2d4 c7c6 e2e3 d8b6 h3f2 f7f6 b1c3 h6h5 e3e4 g7g6 a2a3 g8h6 b2b4 h6f7 c3a4 a6b4 a3b4 b6b4 c1d2 b4b6 d2e3 e7e5 f4e5 f8b4 e1e2 b4a3 d1d3 a8b8 e5f6 e8d8 g2g3 h5h4 f1h3 h4g3 h1b1 b6b1 d3a3 b1c2 e2f1 c2f2 e3f2 d7d6 h3c8 g3h2 f1g2 h2h1q a1h1 h8h1 g2h1 d6d5 c8h3 c6c5
Warning; Bestmove does not match beginning of last PV - move d6c5 from B
Info; info depth 17 seldepth 28 multipv 1 score cp 985 nodes 234347 nps 781156 hashfull 88 tbhits 0 time 300 pv b1c1 c8d8 c1c2 d8e8 d6b8 e8e7 e6d7 e7d7 b8c7 d7e6 c7b7 e6f5 b7d5 f5g6 d5g8 g6f5 g8f7 f5g4
Position; fen rnbqkbnr/p1ppp1pp/1p6/5p2/8/N2P4/PPP1PPPP/R1BQKBNR w KQkq - 0 3
Moves; e2e4 b6b5 a3b5 b8a6 c2c3 c7c6 b5d4 a8b8 g1f3 b8b7 d4f5 d8a5 a2a3 a5c3 e1e2 b7b2 f3d2 b2d2 c1d2 c3a1 f5d6 e7d6 d1a1 h7h5 h2h4 e8f7 a1b2 f7e6 g2g3 d6d5 e2e1 f8e7 b2a1 d5d4 a1a2 e6e5 d2g5 e7g5 f1h3 a6b8 h4g5 h5h4 a2f7 h4g3 f7g7 e5f4 g7f7 f4e5 f7g7 e5f4 g7f7 f4e5 f7f5 e5d6 f5f4 d6e7 f4e5 e7f7 f2g3 h8h3 g5g6 f7g6 e5f5 g6g7 f5g4 g7f7 g4f5 g8f6 h1h3 f7g7 h3h2 f6g4 f5g4 g7f6 g4h4 f6e6 h4h6 e6e7 h6h4 e7e6 h4h6 e6f7 h6f4 f7g7 f4h6 g7f7 g3g4 c8b7 h6h5 f7e6 h5h6 e6e7 h2b2 b8a6 h6g5 e7d6 g5h6 d6c7 e4e5 a6b8 h6h7 c7d8 h7h8 d8c7 h8f8 b8a6 f8h6 a6b8 g4g5 a7a6 h6d6 c7c8 b2b4 c6c5 b4b1 c5c4 d6f8 c8c7 f8e7 c4c3 e7d6 c7c8 e5e6 c3c2
Warning; Bestmove does not match beginning of last PV - move e8d7 from B
Info; info depth 19 seldepth 12 multipv 1 score mate 6 nodes 422491 nps 1408303 hashfull 153 tbhits 0 time 300 pv d2d7 b5b4 a3b4 a4a3 f1e3 a3a2 f8c5 b6b5 e4c3 b5a6 d7a7
Position; fen rnbqkbnr/1ppp1ppp/8/p3p3/8/2N2P2/PPPPP1PP/R1BQKBNR w KQkq - 0 3
Moves; e2e3 e5e4 c3e4 a8a7 b2b3 b8a6 c1b2 d8h4 e4g3 h4h2 h1h2 a6b4 f3f4 a5a4 a1c1 b4c2 d1c2 f7f6 b3b4 f8b4 a2a3 c7c6 c1a1 h7h5 a1a2 b4d2 c2d2 e8d8 b2d4 g8h6 h2h4 h8e8 d4f6 d8c7 e3e4 d7d5 a2b2 g7g6 f4f5 h6f5 d2f4 c7d7 b2d2 f5d4 f6d4 e8f8 d4f6 a7a8 f6d4 f8f4 g3h5 f4h4 h5g3 h4f4 g1f3 d7e6 d2e2 b7b5 d4c3 c8a6 f3g5 e6d6 c3d2 f4f1 g3f1 a8f8 e4e5 d6e7 d2b4 e7d8 g5e6 d8c8 b4f8 c8d7 e6c5 d7c8 c5e6 d5d4 e6d4 c8c7 d4e6 c7d7 e6c5 d7d8 e5e6 a6c8 e2d2 d8c7 e6e7 c7b6 c5e4 c8e6 e7e8b e6g8
Warning; Bestmove does not match beginning of last PV - move f5g3 from B
Info; info depth 29 seldepth 30 multipv 1 score mate 15 nodes 210955 nps 703183 hashfull 55 tbhits 0 time 300 pv a8a6 h4h5 a6c6 h5h6 c6h6 d3c4 f4e4 c4c3 h6c6 c3c4 f5h4 c4b4 e4d3 b4b3 c6c5 b3b4 c5c6 b4b3 c6b6 b3a3 d3c3 a3a4 b6c6 a4b5 h4f5 b5a4 c6c5 a4a3 c5a5
Position; fen rnbqkbnr/1ppp1ppp/8/p3p3/8/2N2P2/PPPPP1PP/R1BQKBNR w KQkq - 0 3
Moves; c3b5 d7d5 b5c7 d8c7 a1b1 f8e7 b1a1 b8c6 c2c3 c8e6 d1b3 g8h6 g2g3 a5a4 b3d5 e6d5 a2a3 f7f6 e2e4 d5e6 h2h3 e6f7 g3g4 e8g8 g4g5 h6f5 g5f6 g7f6 e4f5 f8b8 f1c4 g8h8 c4f7 e7c5 a1a2 c6e7 f7e8 c5f2 e1f2 e7f5 e8a4 a8a4 b2b4 c7c6 b4b5 c6e8 b5b6 a4a8 g1e2 e8f8 e2f4 f5h6 f4g6 h7g6 f3f4 f8g7 f4e5 g6g5 e5e6 h6g8 f2e3 h8h7 h1f1 h7h8 f1f5 b8e8 c1b2 e8e6 e3f2 e6e2 f2e2 a8d8 b2c1 g7f8 d2d4 h8h7 e2f3 h7g6 a3a4 g8h6 a2g2 g6h5 g2g5 f6g5 f5f8 d8f8 f3e3 f8f1 e3d2 h5g6 d2c2 f1f2 c2d3 f2f1 d3c2 f1f2 c2b1 f2f6 a4a5 f6f5 c1g5 g6g5 d4d5 f5d5 a5a6 d5b5 b1c2 b5b6 a6a7 b6a6 h3h4 g5f4 c2d3 a6a4 c3c4 h6f5 c4c5 a4a7 d3c4 a7a8 c4d3 f4f3 d3d2 f3f4 d2d3
Warning; Bestmove does not match beginning of last PV - move e7a3 from B
Info; info depth 17 seldepth 24 multipv 1 score cp 754 nodes 256123 nps 853743 hashfull 96 tbhits 0 time 300 pv c6e5 e1f1 e5f3 g1g3 f3h4 c2b4 e7d6 f1g1 d6g3 g1g3
Position; fen rnbqk1nr/pppp1ppp/8/4p3/1b6/P7/2PPPPPP/RNBQKBNR w KQkq - 0 3
Moves; c2c3 b4e7 g2g3 d7d5 g1h3 b8c6 h3f4 h7h5 f4d5 d8d5 f1g2 d5g2 h1f1 f7f6 a3a4 g2e4 f2f3 e4f5 b1a3 f5g6 e2e3 e7f8 e1f2 h5h4 g3h4 a7a6 h2h3 g6f7 a1b1 g8h6 f1g1 h6g8 d1e1 f8e7 a3c2 e5e4 c1a3
Warning; Bestmove does not match beginning of last PV - move d4e5 from B
Info; info depth 24 seldepth 6 multipv 1 score mate 3 nodes 216135 nps 718056 hashfull 70 tbhits 0 time 301 pv a3c5 e5c6 c5d5 d8c7 d5d7
Position; fen r1bqkbnr/ppppppp1/n6p/8/5P2/7N/PPPPP1PP/RNBQKB1R w KQkq - 1 3
Moves; d2d4 c7c6 e2e3 d8b6 h3f2 f7f6 b1c3 h6h5 e3e4 g7g6 a2a3 g8h6 b2b4 h6f7 c3a4 a6b4 a3b4 b6b4 c1d2 b4b6 d2e3 e7e5 f4e5 f8b4 e1e2 b4a3 d1d3 a8b8 e5f6 e8d8 g2g3 h5h4 f1h3 h4g3 h1b1 b6b1 d3a3 b1c2 e2f1 c2f2 e3f2 d7d6 h3c8 g3h2 f1g2 h2h1q a1h1 h8h1 g2h1 d6d5 c8h3 c6c5 e4e5 f7e5
Warning; Bestmove does not match beginning of last PV - move c5f8 from B
Info; info depth 19 seldepth 24 multipv 1 score mate 12 nodes 344896 nps 1149653 hashfull 122 tbhits 0 time 300 pv b1b7 c2c1q c5c1 d8e7 b7b8 e7d6 b8b6 d6d5 e6d7 d5e5 d7d8q e5f5 d8f6 f5g4 g5g6 a6a5 g6g7 g4g3 f6f2 g3g4 g7g8q g4h5 c1h6
Position; fen rnbqkbnr/p1ppp1pp/1p6/5p2/8/N2P4/PPP1PPPP/R1BQKBNR w KQkq - 0 3
Moves; e2e4 b6b5 a3b5 b8a6 c2c3 c7c6 b5d4 a8b8 g1f3 b8b7 d4f5 d8a5 a2a3 a5c3 e1e2 b7b2 f3d2 b2d2 c1d2 c3a1 f5d6 e7d6 d1a1 h7h5 h2h4 e8f7 a1b2 f7e6 g2g3 d6d5 e2e1 f8e7 b2a1 d5d4 a1a2 e6e5 d2g5 e7g5 f1h3 a6b8 h4g5 h5h4 a2f7 h4g3 f7g7 e5f4 g7f7 f4e5 f7g7 e5f4 g7f7 f4e5 f7f5 e5d6 f5f4 d6e7 f4e5 e7f7 f2g3 h8h3 g5g6 f7g6 e5f5 g6g7 f5g4 g7f7 g4f5 g8f6 h1h3 f7g7 h3h2 f6g4 f5g4 g7f6 g4h4 f6e6 h4h6 e6e7 h6h4 e7e6 h4h6 e6f7 h6f4 f7g7 f4h6 g7f7 g3g4 c8b7 h6h5 f7e6 h5h6 e6e7 h2b2 b8a6 h6g5 e7d6 g5h6 d6c7 e4e5 a6b8 h6h7 c7d8 h7h8 d8c7 h8f8 b8a6 f8h6 a6b8 g4g5 a7a6 h6d6 c7c8 b2b4 c6c5 b4b1 c5c4 d6f8 c8c7 f8e7 c4c3 e7d6 c7c8 e5e6 c3c2 d6c5 c8d8
Warning; Bestmove does not match beginning of last PV - move e4f6 from B
Info; info depth 17 seldepth 34 multipv 1 score cp 931 nodes 449835 nps 1499450 hashfull 162 tbhits 0 time 300 pv d7g4 g8d5 e4c3 d5g2 d2g2 c7b6 g2e2 b6b7 f8b4 b7b6 e2e6 b6a7 e6g6 c6c5 b4c5 a7b7
Position; fen rnbqkbnr/1ppp1ppp/8/p3p3/8/2N2P2/PPPPP1PP/R1BQKBNR w KQkq - 0 3
Moves; e2e3 e5e4 c3e4 a8a7 b2b3 b8a6 c1b2 d8h4 e4g3 h4h2 h1h2 a6b4 f3f4 a5a4 a1c1 b4c2 d1c2 f7f6 b3b4 f8b4 a2a3 c7c6 c1a1 h7h5 a1a2 b4d2 c2d2 e8d8 b2d4 g8h6 h2h4 h8e8 d4f6 d8c7 e3e4 d7d5 a2b2 g7g6 f4f5 h6f5 d2f4 c7d7 b2d2 f5d4 f6d4 e8f8 d4f6 a7a8 f6d4 f8f4 g3h5 f4h4 h5g3 h4f4 g1f3 d7e6 d2e2 b7b5 d4c3 c8a6 f3g5 e6d6 c3d2 f4f1 g3f1 a8f8 e4e5 d6e7 d2b4 e7d8 g5e6 d8c8 b4f8 c8d7 e6c5 d7c8 c5e6 d5d4 e6d4 c8c7 d4e6 c7d7 e6c5 d7d8 e5e6 a6c8 e2d2 d8c7 e6e7 c7b6 c5e4 c8e6 e7e8b e6g8 e8d7 b6c7
Warning; Bestmove does not match beginning of last PV - move a8a3 from B
Info; info depth 20 seldepth 38 multipv 1 score mate 19 nodes 567752 nps 1892506 hashfull 62 tbhits 0 time 300 pv a8d8 d3c4 d8c8 c6c7 c8c7 c4d4 c7c6 d4d5 g3f5 h4h5 c6h6 d5c4 f4e4 c4b4 h6c6 h5h6 c6h6 b4a4 e4d3 a4b5 d3d4 b5b4 h6b6 b4a5 b6c6 a5b4 d4d3 b4b3 c6b6 b3a2 d3c3 a2a1 b6a6 a1b1 f5h4 b1c1 a6a1
Position; fen rnbqkbnr/1ppp1ppp/8/p3p3/8/2N2P2/PPPPP1PP/R1BQKBNR w KQkq - 0 3
Moves; c3b5 d7d5 b5c7 d8c7 a1b1 f8e7 b1a1 b8c6 c2c3 c8e6 d1b3 g8h6 g2g3 a5a4 b3d5 e6d5 a2a3 f7f6 e2e4 d5e6 h2h3 e6f7 g3g4 e8g8 g4g5 h6f5 g5f6 g7f6 e4f5 f8b8 f1c4 g8h8 c4f7 e7c5 a1a2 c6e7 f7e8 c5f2 e1f2 e7f5 e8a4 a8a4 b2b4 c7c6 b4b5 c6e8 b5b6 a4a8 g1e2 e8f8 e2f4 f5h6 f4g6 h7g6 f3f4 f8g7 f4e5 g6g5 e5e6 h6g8 f2e3 h8h7 h1f1 h7h8 f1f5 b8e8 c1b2 e8e6 e3f2 e6e2 f2e2 a8d8 b2c1 g7f8 d2d4 h8h7 e2f3 h7g6 a3a4 g8h6 a2g2 g6h5 g2g5 f6g5 f5f8 d8f8 f3e3 f8f1 e3d2 h5g6 d2c2 f1f2 c2d3 f2f1 d3c2 f1f2 c2b1 f2f6 a4a5 f6f5 c1g5 g6g5 d4d5 f5d5 a5a6 d5b5 b1c2 b5b6 a6a7 b6a6 h3h4 g5f4 c2d3 a6a4 c3c4 h6f5 c4c5 a4a7 d3c4 a7a8 c4d3 f4f3 d3d2 f3f4 d2d3 f5g3 c5c6
Warning; Bestmove does not match beginning of last PV - move g8e7 from B
Info; info depth 17 seldepth 24 multipv 1 score cp 732 nodes 196088 nps 653626 hashfull 78 tbhits 0 time 300 pv c6e5 e1f1 e5f3 g1g3 f3h4 a3c4 g8e7 f2e1 e7f5 g3g4 h4f3 e1d1 f3e5 g4e4
Position; fen rnbqk1nr/pppp1ppp/8/4p3/1b6/P7/2PPPPPP/RNBQKBNR w KQkq - 0 3
Moves; c2c3 b4e7 g2g3 d7d5 g1h3 b8c6 h3f4 h7h5 f4d5 d8d5 f1g2 d5g2 h1f1 f7f6 a3a4 g2e4 f2f3 e4f5 b1a3 f5g6 e2e3 e7f8 e1f2 h5h4 g3h4 a7a6 h2h3 g6f7 a1b1 g8h6 f1g1 h6g8 d1e1 f8e7 a3c2 e5e4 c1a3 e7a3 c2a3
Warning; Bestmove does not match beginning of last PV - move e5e6 from B
Info; info depth 18 seldepth 6 multipv 1 score mate 3 nodes 257569 nps 858563 hashfull 95 tbhits 0 time 300 pv a3c5 g5g4 c5e7 d8c8 h3g4
Position; fen r1bqkbnr/ppppppp1/n6p/8/5P2/7N/PPPPP1PP/RNBQKB1R w KQkq - 1 3
Moves; d2d4 c7c6 e2e3 d8b6 h3f2 f7f6 b1c3 h6h5 e3e4 g7g6 a2a3 g8h6 b2b4 h6f7 c3a4 a6b4 a3b4 b6b4 c1d2 b4b6 d2e3 e7e5 f4e5 f8b4 e1e2 b4a3 d1d3 a8b8 e5f6 e8d8 g2g3 h5h4 f1h3 h4g3 h1b1 b6b1 d3a3 b1c2 e2f1 c2f2 e3f2 d7d6 h3c8 g3h2 f1g2 h2h1q a1h1 h8h1 g2h1 d6d5 c8h3 c6c5 e4e5 f7e5 d4e5 g6g5
Warning; Bestmove does not match beginning of last PV - move a8b8 from B
Info; info depth 17 seldepth 29 multipv 1 score cp 763 nodes 196652 nps 653328 hashfull 73 tbhits 0 time 301 pv c6e5 e1d1 e5f3 c2d4 f3g1 d1g1 e8f8 f2e1 f7e8 b1b4 a6a5 b4b5 h8h6
Position; fen rnbqk1nr/pppp1ppp/8/4p3/1b6/P7/2PPPPPP/RNBQKBNR w KQkq - 0 3
Moves; c2c3 b4e7 g2g3 d7d5 g1h3 b8c6 h3f4 h7h5 f4d5 d8d5 f1g2 d5g2 h1f1 f7f6 a3a4 g2e4 f2f3 e4f5 b1a3 f5g6 e2e3 e7f8 e1f2 h5h4 g3h4 a7a6 h2h3 g6f7 a1b1 g8h6 f1g1 h6g8 d1e1 f8e7 a3c2 e5e4 c1a3 e7a3 c2a3 g8e7 a3c2
Warning; Bestmove does not match beginning of last PV - move h1g2 from B
Info; info depth 27 seldepth 8 multipv 1 score mate 4 nodes 268558 nps 892219 hashfull 92 tbhits 0 time 301 pv a3g3 d8e8 g3d6 c8c7 d6c7 e8f8 c7b8
Position; fen r1bqkbnr/ppppppp1/n6p/8/5P2/7N/PPPPP1PP/RNBQKB1R w KQkq - 1 3
Moves; d2d4 c7c6 e2e3 d8b6 h3f2 f7f6 b1c3 h6h5 e3e4 g7g6 a2a3 g8h6 b2b4 h6f7 c3a4 a6b4 a3b4 b6b4 c1d2 b4b6 d2e3 e7e5 f4e5 f8b4 e1e2 b4a3 d1d3 a8b8 e5f6 e8d8 g2g3 h5h4 f1h3 h4g3 h1b1 b6b1 d3a3 b1c2 e2f1 c2f2 e3f2 d7d6 h3c8 g3h2 f1g2 h2h1q a1h1 h8h1 g2h1 d6d5 c8h3 c6c5 e4e5 f7e5 d4e5 g6g5 e5e6 b8c8
Warning; Bestmove does not match beginning of last PV - move c5c2 from B
Info; info depth 16 seldepth 34 multipv 1 score cp 1037 nodes 364921 nps 1216403 hashfull 118 tbhits 0 time 300 pv c5e5 d7d6 e5g7 b8d7 b1c1 c7d8 g7g8 d8c7 e6d7 c6d7 g8g7 c7d8 c1c2 d6d5 g7f8 d7e8 f8d6 e8d7 d6d5 d8e8 d5d6 e8f7 d6d7 f7g6 c2c6 g6h5 g5g6 h5g5
Position; fen rnbqkbnr/p1ppp1pp/1p6/5p2/8/N2P4/PPP1PPPP/R1BQKBNR w KQkq - 0 3
Moves; e2e4 b6b5 a3b5 b8a6 c2c3 c7c6 b5d4 a8b8 g1f3 b8b7 d4f5 d8a5 a2a3 a5c3 e1e2 b7b2 f3d2 b2d2 c1d2 c3a1 f5d6 e7d6 d1a1 h7h5 h2h4 e8f7 a1b2 f7e6 g2g3 d6d5 e2e1 f8e7 b2a1 d5d4 a1a2 e6e5 d2g5 e7g5 f1h3 a6b8 h4g5 h5h4 a2f7 h4g3 f7g7 e5f4 g7f7 f4e5 f7g7 e5f4 g7f7 f4e5 f7f5 e5d6 f5f4 d6e7 f4e5 e7f7 f2g3 h8h3 g5g6 f7g6 e5f5 g6g7 f5g4 g7f7 g4f5 g8f6 h1h3 f7g7 h3h2 f6g4 f5g4 g7f6 g4h4 f6e6 h4h6 e6e7 h6h4 e7e6 h4h6 e6f7 h6f4 f7g7 f4h6 g7f7 g3g4 c8b7 h6h5 f7e6 h5h6 e6e7 h2b2 b8a6 h6g5 e7d6 g5h6 d6c7 e4e5 a6b8 h6h7 c7d8 h7h8 d8c7 h8f8 b8a6 f8h6 a6b8 g4g5 a7a6 h6d6 c7c8 b2b4 c6c5 b4b1 c5c4 d6f8 c8c7 f8e7 c4c3 e7d6 c7c8 e5e6 c3c2 d6c5 c8d8 c5f8 d8c7 f8c5 b7c6
Warning; Bestmove does not match beginning of last PV - move f6e8 from B
Info; info depth 24 seldepth 14 multipv 1 score mate 7 nodes 513478 nps 1711593 hashfull 114 tbhits 0 time 300 pv d7e6 c7b6 d2d7 c6c5 b4c3 g6g5 e6d5 c5c4 d7b7 b6a6 f6e4 g5g4 e4c5
Position; fen rnbqkbnr/1ppp1ppp/8/p3p3/8/2N2P2/PPPPP1PP/R1BQKBNR w KQkq - 0 3
Moves; e2e3 e5e4 c3e4 a8a7 b2b3 b8a6 c1b2 d8h4 e4g3 h4h2 h1h2 a6b4 f3f4 a5a4 a1c1 b4c2 d1c2 f7f6 b3b4 f8b4 a2a3 c7c6 c1a1 h7h5 a1a2 b4d2 c2d2 e8d8 b2d4 g8h6 h2h4 h8e8 d4f6 d8c7 e3e4 d7d5 a2b2 g7g6 f4f5 h6f5 d2f4 c7d7 b2d2 f5d4 f6d4 e8f8 d4f6 a7a8 f6d4 f8f4 g3h5 f4h4 h5g3 h4f4 g1f3 d7e6 d2e2 b7b5 d4c3 c8a6 f3g5 e6d6 c3d2 f4f1 g3f1 a8f8 e4e5 d6e7 d2b4 e7d8 g5e6 d8c8 b4f8 c8d7 e6c5 d7c8 c5e6 d5d4 e6d4 c8c7 d4e6 c7d7 e6c5 d7d8 e5e6 a6c8 e2d2 d8c7 e6e7 c7b6 c5e4 c8e6 e7e8b e6g8 e8d7 b6c7 e4f6 b5b4 f8b4 g8e6
Warning; Bestmove does not match beginning of last PV - move e4f3 from B
Info; info depth 17 seldepth 21 multipv 1 score cp 905 nodes 240815 nps 802716 hashfull 89 tbhits 0 time 300 pv f6g5 c2d4 g5h4 e1g1 h8f8 f2e1 c8e6 d4e6 f7e6
Position; fen rnbqk1nr/pppp1ppp/8/4p3/1b6/P7/2PPPPPP/RNBQKBNR w KQkq - 0 3
Moves; c2c3 b4e7 g2g3 d7d5 g1h3 b8c6 h3f4 h7h5 f4d5 d8d5 f1g2 d5g2 h1f1 f7f6 a3a4 g2e4 f2f3 e4f5 b1a3 f5g6 e2e3 e7f8 e1f2 h5h4 g3h4 a7a6 h2h3 g6f7 a1b1 g8h6 f1g1 h6g8 d1e1 f8e7 a3c2 e5e4 c1a3 e7a3 c2a3 g8e7 a3c2 a8b8 g1g5
Warning; Bestmove does not match beginning of last PV - move f6f7 from B
Info; info depth 30 seldepth 8 multipv 1 score mate 4 nodes 295179 nps 983930 hashfull 95 tbhits 0 time 300 pv a3g3 g5g4 g3b8 c6c8 b8d6 d8e8 d6e7
Position; fen r1bqkbnr/ppppppp1/n6p/8/5P2/7N/PPPPP1PP/RNBQKB1R w KQkq - 1 3
Moves; d2d4 c7c6 e2e3 d8b6 h3f2 f7f6 b1c3 h6h5 e3e4 g7g6 a2a3 g8h6 b2b4 h6f7 c3a4 a6b4 a3b4 b6b4 c1d2 b4b6 d2e3 e7e5 f4e5 f8b4 e1e2 b4a3 d1d3 a8b8 e5f6 e8d8 g2g3 h5h4 f1h3 h4g3 h1b1 b6b1 d3a3 b1c2 e2f1 c2f2 e3f2 d7d6 h3c8 g3h2 f1g2 h2h1q a1h1 h8h1 g2h1 d6d5 c8h3 c6c5 e4e5 f7e5 d4e5 g6g5 e5e6 b8c8 h1g2 c8c6
Warning; Bestmove does not match beginning of last PV - move b1c1 from B
Info; info depth 19 seldepth 30 multipv 1 score mate 15 nodes 352223 nps 1174076 hashfull 125 tbhits 0 time 300 pv b1b8 c7d7 c2h2 a6a5 h2h7 d7d6 b8d8 c6d7 h7d7 d6e5 d7d4 e5f5 d4f6 f5g4 g5g6 g4h3 d8h8 h3g4 f6e6 g4f3 e6e4 f3g3 e4e3 g3g4 g6g7 g4f5 g7g8q a5a4 e3g5
Position; fen rnbqkbnr/p1ppp1pp/1p6/5p2/8/N2P4/PPP1PPPP/R1BQKBNR w KQkq - 0 3
Moves; e2e4 b6b5 a3b5 b8a6 c2c3 c7c6 b5d4 a8b8 g1f3 b8b7 d4f5 d8a5 a2a3 a5c3 e1e2 b7b2 f3d2 b2d2 c1d2 c3a1 f5d6 e7d6 d1a1 h7h5 h2h4 e8f7 a1b2 f7e6 g2g3 d6d5 e2e1 f8e7 b2a1 d5d4 a1a2 e6e5 d2g5 e7g5 f1h3 a6b8 h4g5 h5h4 a2f7 h4g3 f7g7 e5f4 g7f7 f4e5 f7g7 e5f4 g7f7 f4e5 f7f5 e5d6 f5f4 d6e7 f4e5 e7f7 f2g3 h8h3 g5g6 f7g6 e5f5 g6g7 f5g4 g7f7 g4f5 g8f6 h1h3 f7g7 h3h2 f6g4 f5g4 g7f6 g4h4 f6e6 h4h6 e6e7 h6h4 e7e6 h4h6 e6f7 h6f4 f7g7 f4h6 g7f7 g3g4 c8b7 h6h5 f7e6 h5h6 e6e7 h2b2 b8a6 h6g5 e7d6 g5h6 d6c7 e4e5 a6b8 h6h7 c7d8 h7h8 d8c7 h8f8 b8a6 f8h6 a6b8 g4g5 a7a6 h6d6 c7c8 b2b4 c6c5 b4b1 c5c4 d6f8 c8c7 f8e7 c4c3 e7d6 c7c8 e5e6 c3c2 d6c5 c8d8 c5f8 d8c7 f8c5 b7c6 c5c2 d7e6
Warning; Bestmove does not match beginning of last PV - move e8d6 from B
Info; info depth 19 seldepth 22 multipv 1 score mate 11 nodes 278269 nps 927563 hashfull 81 tbhits 0 time 300 pv d7e6 g6g5 d2d7 b7a6 g2g4 a6b6 e8f6 b6a6 f1e3 c6c5 b4c3 a6b6 e6d5 b6a6 f6e4 c5c4 d7e7 a6b5 e7b7 b5a6 e4c5
Position; fen rnbqkbnr/1ppp1ppp/8/p3p3/8/2N2P2/PPPPP1PP/R1BQKBNR w KQkq - 0 3
Moves; e2e3 e5e4 c3e4 a8a7 b2b3 b8a6 c1b2 d8h4 e4g3 h4h2 h1h2 a6b4 f3f4 a5a4 a1c1 b4c2 d1c2 f7f6 b3b4 f8b4 a2a3 c7c6 c1a1 h7h5 a1a2 b4d2 c2d2 e8d8 b2d4 g8h6 h2h4 h8e8 d4f6 d8c7 e3e4 d7d5 a2b2 g7g6 f4f5 h6f5 d2f4 c7d7 b2d2 f5d4 f6d4 e8f8 d4f6 a7a8 f6d4 f8f4 g3h5 f4h4 h5g3 h4f4 g1f3 d7e6 d2e2 b7b5 d4c3 c8a6 f3g5 e6d6 c3d2 f4f1 g3f1 a8f8 e4e5 d6e7 d2b4 e7d8 g5e6 d8c8 b4f8 c8d7 e6c5 d7c8 c5e6 d5d4 e6d4 c8c7 d4e6 c7d7 e6c5 d7d8 e5e6 a6c8 e2d2 d8c7 e6e7 c7b6 c5e4 c8e6 e7e8b e6g8 e8d7 b6c7 e4f6 b5b4 f8b4 g8e6 f6e8 c7b7
Warning; Bestmove does not match beginning of last PV - move a3e3 from B
Info; info depth 39 seldepth 18 multipv 1 score mate 9 nodes 362619 nps 1208730 hashfull 91 tbhits 0 time 300 pv a3d3 b2b1 f4e3 b1c2 c6c5 c2c1 d3c3 c1b1 e3d2 b1b2 c3d3 b2b1 d2c3 b1a1 c3b3 a1b1 d3d1
Position; fen rnbqkbnr/1ppp1ppp/8/p3p3/8/2N2P2/PPPPP1PP/R1BQKBNR w KQkq - 0 3
Moves; c3b5 d7d5 b5c7 d8c7 a1b1 f8e7 b1a1 b8c6 c2c3 c8e6 d1b3 g8h6 g2g3 a5a4 b3d5 e6d5 a2a3 f7f6 e2e4 d5e6 h2h3 e6f7 g3g4 e8g8 g4g5 h6f5 g5f6 g7f6 e4f5 f8b8 f1c4 g8h8 c4f7 e7c5 a1a2 c6e7 f7e8 c5f2 e1f2 e7f5 e8a4 a8a4 b2b4 c7c6 b4b5 c6e8 b5b6 a4a8 g1e2 e8f8 e2f4 f5h6 f4g6 h7g6 f3f4 f8g7 f4e5 g6g5 e5e6 h6g8 f2e3 h8h7 h1f1 h7h8 f1f5 b8e8 c1b2 e8e6 e3f2 e6e2 f2e2 a8d8 b2c1 g7f8 d2d4 h8h7 e2f3 h7g6 a3a4 g8h6 a2g2 g6h5 g2g5 f6g5 f5f8 d8f8 f3e3 f8f1 e3d2 h5g6 d2c2 f1f2 c2d3 f2f1 d3c2 f1f2 c2b1 f2f6 a4a5 f6f5 c1g5 g6g5 d4d5 f5d5 a5a6 d5b5 b1c2 b5b6 a6a7 b6a6 h3h4 g5f4 c2d3 a6a4 c3c4 h6f5 c4c5 a4a7 d3c4 a7a8 c4d3 f4f3 d3d2 f3f4 d2d3 f5g3 c5c6 a8a3 d3c2 b7c6 h4h5 g3h5 c2b2
Warning; Bestmove does not match beginning of last PV - move e3e2 from B
Info; info depth 46 seldepth 16 multipv 1 score mate 8 nodes 397367 nps 1324556 hashfull 91 tbhits 0 time 300 pv f4f3 c2d2 h5g3 d2c1 e3e2 c1b1 f3e4 b1a1 e4d3 a1b1 d3c3 b1a1 c3b3 a1b1 e2e1
Position; fen rnbqkbnr/1ppp1ppp/8/p3p3/8/2N2P2/PPPPP1PP/R1BQKBNR w KQkq - 0 3
Moves; c3b5 d7d5 b5c7 d8c7 a1b1 f8e7 b1a1 b8c6 c2c3 c8e6 d1b3 g8h6 g2g3 a5a4 b3d5 e6d5 a2a3 f7f6 e2e4 d5e6 h2h3 e6f7 g3g4 e8g8 g4g5 h6f5 g5f6 g7f6 e4f5 f8b8 f1c4 g8h8 c4f7 e7c5 a1a2 c6e7 f7e8 c5f2 e1f2 e7f5 e8a4 a8a4 b2b4 c7c6 b4b5 c6e8 b5b6 a4a8 g1e2 e8f8 e2f4 f5h6 f4g6 h7g6 f3f4 f8g7 f4e5 g6g5 e5e6 h6g8 f2e3 h8h7 h1f1 h7h8 f1f5 b8e8 c1b2 e8e6 e3f2 e6e2 f2e2 a8d8 b2c1 g7f8 d2d4 h8h7 e2f3 h7g6 a3a4 g8h6 a2g2 g6h5 g2g5 f6g5 f5f8 d8f8 f3e3 f8f1 e3d2 h5g6 d2c2 f1f2 c2d3 f2f1 d3c2 f1f2 c2b1 f2f6 a4a5 f6f5 c1g5 g6g5 d4d5 f5d5 a5a6 d5b5 b1c2 b5b6 a6a7 b6a6 h3h4 g5f4 c2d3 a6a4 c3c4 h6f5 c4c5 a4a7 d3c4 a7a8 c4d3 f4f3 d3d2 f3f4 d2d3 f5g3 c5c6 a8a3 d3c2 b7c6 h4h5 g3h5 c2b2 a3e3 b2c2
Warning; Bestmove does not match beginning of last PV - move c6e5 from B
Info; info depth 18 seldepth 33 multipv 1 score cp 1049 nodes 332962 nps 1109873 hashfull 121 tbhits 0 time 300 pv c8h3 e1g1 c6e5 f3f2 g7h7 c2d4 h7h4 g1g3 e5d3 f2e2 h4g3 e2d3 g3g6 e3e4 c7c5 b1b6 h8g8 b6d6
Position; fen rnbqk1nr/pppp1ppp/8/4p3/1b6/P7/2PPPPPP/RNBQKBNR w KQkq - 0 3
Moves; c2c3 b4e7 g2g3 d7d5 g1h3 b8c6 h3f4 h7h5 f4d5 d8d5 f1g2 d5g2 h1f1 f7f6 a3a4 g2e4 f2f3 e4f5 b1a3 f5g6 e2e3 e7f8 e1f2 h5h4 g3h4 a7a6 h2h3 g6f7 a1b1 g8h6 f1g1 h6g8 d1e1 f8e7 a3c2 e5e4 c1a3 e7a3 c2a3 g8e7 a3c2 a8b8 g1g5 e4f3 g5g7 f7g7 f2f3
Warning; Bestmove does not match beginning of last PV - move f8f7 from B
Info; info depth 47 seldepth 6 multipv 1 score mate 3 nodes 463950 nps 1546500 hashfull 39 tbhits 0 time 300 pv f2g3 c7b7 f8b8 b7a6 a4c5
Position; fen r1bqkbnr/ppppppp1/n6p/8/5P2/7N/PPPPP1PP/RNBQKB1R w KQkq - 1 3
Moves; d2d4 c7c6 e2e3 d8b6 h3f2 f7f6 b1c3 h6h5 e3e4 g7g6 a2a3 g8h6 b2b4 h6f7 c3a4 a6b4 a3b4 b6b4 c1d2 b4b6 d2e3 e7e5 f4e5 f8b4 e1e2 b4a3 d1d3 a8b8 e5f6 e8d8 g2g3 h5h4 f1h3 h4g3 h1b1 b6b1 d3a3 b1c2 e2f1 c2f2 e3f2 d7d6 h3c8 g3h2 f1g2 h2h1q a1h1 h8h1 g2h1 d6d5 c8h3 c6c5 e4e5 f7e5 d4e5 g6g5 e5e6 b8c8 h1g2 c8c6 f6f7 b7b5 f7f8r d8c7
Warning; Bestmove does not match beginning of last PV - move c5a7 from B
Info; info depth 18 seldepth 31 multipv 1 score cp 1476 nodes 423847 nps 1412823 hashfull 131 tbhits 0 time 300 pv g5g6 c6e4 d3e4 b8c6 c5c6 d7e7 g6g7 e7f7 c6d7 f7f6 c1c6 f6g5 g7g8q g5f4 g8f7 f4e4 f7f5 e4e3 f5e5 e3f3
Position; fen rnbqkbnr/p1ppp1pp/1p6/5p2/8/N2P4/PPP1PPPP/R1BQKBNR w KQkq - 0 3
Moves; e2e4 b6b5 a3b5 b8a6 c2c3 c7c6 b5d4 a8b8 g1f3 b8b7 d4f5 d8a5 a2a3 a5c3 e1e2 b7b2 f3d2 b2d2 c1d2 c3a1 f5d6 e7d6 d1a1 h7h5 h2h4 e8f7 a1b2 f7e6 g2g3 d6d5 e2e1 f8e7 b2a1 d5d4 a1a2 e6e5 d2g5 e7g5 f1h3 a6b8 h4g5 h5h4 a2f7 h4g3 f7g7 e5f4 g7f7 f4e5 f7g7 e5f4 g7f7 f4e5 f7f5 e5d6 f5f4 d6e7 f4e5 e7f7 f2g3 h8h3 g5g6 f7g6 e5f5 g6g7 f5g4 g7f7 g4f5 g8f6 h1h3 f7g7 h3h2 f6g4 f5g4 g7f6 g4h4 f6e6 h4h6 e6e7 h6h4 e7e6 h4h6 e6f7 h6f4 f7g7 f4h6 g7f7 g3g4 c8b7 h6h5 f7e6 h5h6 e6e7 h2b2 b8a6 h6g5 e7d6 g5h6 d6c7 e4e5 a6b8 h6h7 c7d8 h7h8 d8c7 h8f8 b8a6 f8h6 a6b8 g4g5 a7a6 h6d6 c7c8 b2b4 c6c5 b4b1 c5c4 d6f8 c8c7 f8e7 c4c3 e7d6 c7c8 e5e6 c3c2 d6c5 c8d8 c5f8 d8c7 f8c5 b7c6 c5c2 d7e6 b1c1 c7d7 c2c5 e6e5
Warning; Bestmove does not match beginning of last PV - move d6e8 from B
Info; info depth 27 seldepth 12 multipv 1 score mate 6 nodes 378831 nps 1262770 hashfull 110 tbhits 0 time 300 pv d6e4 c6c5 e4c5 b6a7 d2d7 a7b8 b4c3 b8c8 c3e5 g6g5 d7d3
Position; fen rnbqkbnr/1ppp1ppp/8/p3p3/8/2N2P2/PPPPP1PP/R1BQKBNR w KQkq - 0 3
Moves; e2e3 e5e4 c3e4 a8a7 b2b3 b8a6 c1b2 d8h4 e4g3 h4h2 h1h2 a6b4 f3f4 a5a4 a1c1 b4c2 d1c2 f7f6 b3b4 f8b4 a2a3 c7c6 c1a1 h7h5 a1a2 b4d2 c2d2 e8d8 b2d4 g8h6 h2h4 h8e8 d4f6 d8c7 e3e4 d7d5 a2b2 g7g6 f4f5 h6f5 d2f4 c7d7 b2d2 f5d4 f6d4 e8f8 d4f6 a7a8 f6d4 f8f4 g3h5 f4h4 h5g3 h4f4 g1f3 d7e6 d2e2 b7b5 d4c3 c8a6 f3g5 e6d6 c3d2 f4f1 g3f1 a8f8 e4e5 d6e7 d2b4 e7d8 g5e6 d8c8 b4f8 c8d7 e6c5 d7c8 c5e6 d5d4 e6d4 c8c7 d4e6 c7d7 e6c5 d7d8 e5e6 a6c8 e2d2 d8c7 e6e7 c7b6 c5e4 c8e6 e7e8b e6g8 e8d7 b6c7 e4f6 b5b4 f8b4 g8e6 f6e8 c7b7 e8d6 b7a6 d7e6 a6b6
Warning; Bestmove does not match beginning of last PV - move h5f6 from B
Info; info depth 40 seldepth 18 multipv 1 score mate 9 nodes 368244 nps 1227480 hashfull 78 tbhits 0 time 300 pv e2e4 b3c2 f4e3 c2c3 c6c5 c3c2 e4c4 c2b3 e3d3 b3b2 c4b4 b2a2 h5g3 a2a1 d3c2 a1a2 b4a4
Position; fen rnbqkbnr/1ppp1ppp/8/p3p3/8/2N2P2/PPPPP1PP/R1BQKBNR w KQkq - 0 3
Moves; c3b5 d7d5 b5c7 d8c7 a1b1 f8e7 b1a1 b8c6 c2c3 c8e6 d1b3 g8h6 g2g3 a5a4 b3d5 e6d5 a2a3 f7f6 e2e4 d5e6 h2h3 e6f7 g3g4 e8g8 g4g5 h6f5 g5f6 g7f6 e4f5 f8b8 f1c4 g8h8 c4f7 e7c5 a1a2 c6e7 f7e8 c5f2 e1f2 e7f5 e8a4 a8a4 b2b4 c7c6 b4b5 c6e8 b5b6 a4a8 g1e2 e8f8 e2f4 f5h6 f4g6 h7g6 f3f4 f8g7 f4e5 g6g5 e5e6 h6g8 f2e3 h8h7 h1f1 h7h8 f1f5 b8e8 c1b2 e8e6 e3f2 e6e2 f2e2 a8d8 b2c1 g7f8 d2d4 h8h7 e2f3 h7g6 a3a4 g8h6 a2g2 g6h5 g2g5 f6g5 f5f8 d8f8 f3e3 f8f1 e3d2 h5g6 d2c2 f1f2 c2d3 f2f1 d3c2 f1f2 c2b1 f2f6 a4a5 f6f5 c1g5 g6g5 d4d5 f5d5 a5a6 d5b5 b1c2 b5b6 a6a7 b6a6 h3h4 g5f4 c2d3 a6a4 c3c4 h6f5 c4c5 a4a7 d3c4 a7a8 c4d3 f4f3 d3d2 f3f4 d2d3 f5g3 c5c6 a8a3 d3c2 b7c6 h4h5 g3h5 c2b2 a3e3 b2c2 e3e2 c2b3
Warning; Bestmove does not match beginning of last PV - move b8a8 from B
Info; info depth 16 seldepth 29 multipv 1 score cp 1039 nodes 265442 nps 884806 hashfull 104 tbhits 0 time 300 pv g7h7 b1b4 h8g8 e1e2 e5d3 e2d3 h7d3 b4d4 d3g6 e3e4 g6g2 f2e1
Position; fen rnbqk1nr/pppp1ppp/8/4p3/1b6/P7/2PPPPPP/RNBQKBNR w KQkq - 0 3
Moves; c2c3 b4e7 g2g3 d7d5 g1h3 b8c6 h3f4 h7h5 f4d5 d8d5 f1g2 d5g2 h1f1 f7f6 a3a4 g2e4 f2f3 e4f5 b1a3 f5g6 e2e3 e7f8 e1f2 h5h4 g3h4 a7a6 h2h3 g6f7 a1b1 g8h6 f1g1 h6g8 d1e1 f8e7 a3c2 e5e4 c1a3 e7a3 c2a3 g8e7 a3c2 a8b8 g1g5 e4f3 g5g7 f7g7 f2f3 c6e5 f3f2
Warning; Bestmove does not match beginning of last PV - move e8f6 from B
Info; info depth 40 seldepth 8 multipv 1 score mate 4 nodes 540035 nps 1800116 hashfull 102 tbhits 0 time 300 pv b4c5 a7a6 d2b2 a6a5 e8c7 g6g5 c5b6
Position; fen rnbqkbnr/1ppp1ppp/8/p3p3/8/2N2P2/PPPPP1PP/R1BQKBNR w KQkq - 0 3
Moves; e2e3 e5e4 c3e4 a8a7 b2b3 b8a6 c1b2 d8h4 e4g3 h4h2 h1h2 a6b4 f3f4 a5a4 a1c1 b4c2 d1c2 f7f6 b3b4 f8b4 a2a3 c7c6 c1a1 h7h5 a1a2 b4d2 c2d2 e8d8 b2d4 g8h6 h2h4 h8e8 d4f6 d8c7 e3e4 d7d5 a2b2 g7g6 f4f5 h6f5 d2f4 c7d7 b2d2 f5d4 f6d4 e8f8 d4f6 a7a8 f6d4 f8f4 g3h5 f4h4 h5g3 h4f4 g1f3 d7e6 d2e2 b7b5 d4c3 c8a6 f3g5 e6d6 c3d2 f4f1 g3f1 a8f8 e4e5 d6e7 d2b4 e7d8 g5e6 d8c8 b4f8 c8d7 e6c5 d7c8 c5e6 d5d4 e6d4 c8c7 d4e6 c7d7 e6c5 d7d8 e5e6 a6c8 e2d2 d8c7 e6e7 c7b6 c5e4 c8e6 e7e8b e6g8 e8d7 b6c7 e4f6 b5b4 f8b4 g8e6 f6e8 c7b7 e8d6 b7a6 d7e6 a6b6 d6e8 b6a7
Warning; Bestmove does not match beginning of last PV - move f6h5 from B
Info; info depth 37 seldepth 18 multipv 1 score mate 9 nodes 508346 nps 1694486 hashfull 84 tbhits 0 time 300 pv e2e5 b4c4 f4e3 c4c3 f6e4 c3c4 e5c5 c4b3 e3d3 b3b2 c5b5 b2a3 d3c2 a3a4 c2c3 a4a3 b5a5
Position; fen rnbqkbnr/1ppp1ppp/8/p3p3/8/2N2P2/PPPPP1PP/R1BQKBNR w KQkq - 0 3
Moves; c3b5 d7d5 b5c7 d8c7 a1b1 f8e7 b1a1 b8c6 c2c3 c8e6 d1b3 g8h6 g2g3 a5a4 b3d5 e6d5 a2a3 f7f6 e2e4 d5e6 h2h3 e6f7 g3g4 e8g8 g4g5 h6f5 g5f6 g7f6 e4f5 f8b8 f1c4 g8h8 c4f7 e7c5 a1a2 c6e7 f7e8 c5f2 e1f2 e7f5 e8a4 a8a4 b2b4 c7c6 b4b5 c6e8 b5b6 a4a8 g1e2 e8f8 e2f4 f5h6 f4g6 h7g6 f3f4 f8g7 f4e5 g6g5 e5e6 h6g8 f2e3 h8h7 h1f1 h7h8 f1f5 b8e8 c1b2 e8e6 e3f2 e6e2 f2e2 a8d8 b2c1 g7f8 d2d4 h8h7 e2f3 h7g6 a3a4 g8h6 a2g2 g6h5 g2g5 f6g5 f5f8 d8f8 f3e3 f8f1 e3d2 h5g6 d2c2 f1f2 c2d3 f2f1 d3c2 f1f2 c2b1 f2f6 a4a5 f6f5 c1g5 g6g5 d4d5 f5d5 a5a6 d5b5 b1c2 b5b6 a6a7 b6a6 h3h4 g5f4 c2d3 a6a4 c3c4 h6f5 c4c5 a4a7 d3c4 a7a8 c4d3 f4f3 d3d2 f3f4 d2d3 f5g3 c5c6 a8a3 d3c2 b7c6 h4h5 g3h5 c2b2 a3e3 b2c2 e3e2 c2b3 h5f6 b3b4
Warning; Bestmove does not match beginning of last PV - move e5d3 from B
Info; info depth 17 seldepth 27 multipv 1 score cp 1184 nodes 258721 nps 862403 hashfull 101 tbhits 0 time 300 pv c8h3 e1h1 g7g4 c2e1 g4h4 f2e2 h3g4 h1f3 g4f3 e1f3 h4g4 e2d1 g4f3 d1c2 f3b7 c2c1 e5d3 c1c2
Position; fen rnbqk1nr/pppp1ppp/8/4p3/1b6/P7/2PPPPPP/RNBQKBNR w KQkq - 0 3
Moves; c2c3 b4e7 g2g3 d7d5 g1h3 b8c6 h3f4 h7h5 f4d5 d8d5 f1g2 d5g2 h1f1 f7f6 a3a4 g2e4 f2f3 e4f5 b1a3 f5g6 e2e3 e7f8 e1f2 h5h4 g3h4 a7a6 h2h3 g6f7 a1b1 g8h6 f1g1 h6g8 d1e1 f8e7 a3c2 e5e4 c1a3 e7a3 c2a3 g8e7 a3c2 a8b8 g1g5 e4f3 g5g7 f7g7 f2f3 c6e5 f3f2 b8a8 b1b7
Warning; Bestmove does not match beginning of last PV - move f1e3 from B
Info; info depth 35 seldepth 10 multipv 1 score mate 5 nodes 429063 nps 1430210 hashfull 98 tbhits 0 time 300 pv b4d6 c6c5 d2b2 b6c6 d6e7 c5c4 f6d5 c4c3 b2b6
Position; fen rnbqkbnr/1ppp1ppp/8/p3p3/8/2N2P2/PPPPP1PP/R1BQKBNR w KQkq - 0 3
Moves; e2e3 e5e4 c3e4 a8a7 b2b3 b8a6 c1b2 d8h4 e4g3 h4h2 h1h2 a6b4 f3f4 a5a4 a1c1 b4c2 d1c2 f7f6 b3b4 f8b4 a2a3 c7c6 c1a1 h7h5 a1a2 b4d2 c2d2 e8d8 b2d4 g8h6 h2h4 h8e8 d4f6 d8c7 e3e4 d7d5 a2b2 g7g6 f4f5 h6f5 d2f4 c7d7 b2d2 f5d4 f6d4 e8f8 d4f6 a7a8 f6d4 f8f4 g3h5 f4h4 h5g3 h4f4 g1f3 d7e6 d2e2 b7b5 d4c3 c8a6 f3g5 e6d6 c3d2 f4f1 g3f1 a8f8 e4e5 d6e7 d2b4 e7d8 g5e6 d8c8 b4f8 c8d7 e6c5 d7c8 c5e6 d5d4 e6d4 c8c7 d4e6 c7d7 e6c5 d7d8 e5e6 a6c8 e2d2 d8c7 e6e7 c7b6 c5e4 c8e6 e7e8b e6g8 e8d7 b6c7 e4f6 b5b4 f8b4 g8e6 f6e8 c7b7 e8d6 b7a6 d7e6 a6b6 d6e8 b6a7 e8f6 a7b6
Warning; Bestmove does not match beginning of last PV - move e2e4 from B
Info; info depth 23 seldepth 32 multipv 1 score mate 16 nodes 517883 nps 1726276 hashfull 90 tbhits 0 time 300 pv e2e6 c5b6 h5g3 b6c5 f4e3 c5b6 g3e4 b6a5 e3d3 a5b6 c6c5 b6a5 c5c4 a5b5 e6e5 b5a6 c4c3 a6b7 c3c2 b7c6 c2c1q c6b6 d3e3 b6a6 c1c6 a6a7 e5a5 a7b8 a5b5 b8a7 c6b7
Position; fen rnbqkbnr/1ppp1ppp/8/p3p3/8/2N2P2/PPPPP1PP/R1BQKBNR w KQkq - 0 3
Moves; c3b5 d7d5 b5c7 d8c7 a1b1 f8e7 b1a1 b8c6 c2c3 c8e6 d1b3 g8h6 g2g3 a5a4 b3d5 e6d5 a2a3 f7f6 e2e4 d5e6 h2h3 e6f7 g3g4 e8g8 g4g5 h6f5 g5f6 g7f6 e4f5 f8b8 f1c4 g8h8 c4f7 e7c5 a1a2 c6e7 f7e8 c5f2 e1f2 e7f5 e8a4 a8a4 b2b4 c7c6 b4b5 c6e8 b5b6 a4a8 g1e2 e8f8 e2f4 f5h6 f4g6 h7g6 f3f4 f8g7 f4e5 g6g5 e5e6 h6g8 f2e3 h8h7 h1f1 h7h8 f1f5 b8e8 c1b2 e8e6 e3f2 e6e2 f2e2 a8d8 b2c1 g7f8 d2d4 h8h7 e2f3 h7g6 a3a4 g8h6 a2g2 g6h5 g2g5 f6g5 f5f8 d8f8 f3e3 f8f1 e3d2 h5g6 d2c2 f1f2 c2d3 f2f1 d3c2 f1f2 c2b1 f2f6 a4a5 f6f5 c1g5 g6g5 d4d5 f5d5 a5a6 d5b5 b1c2 b5b6 a6a7 b6a6 h3h4 g5f4 c2d3 a6a4 c3c4 h6f5 c4c5 a4a7 d3c4 a7a8 c4d3 f4f3 d3d2 f3f4 d2d3 f5g3 c5c6 a8a3 d3c2 b7c6 h4h5 g3h5 c2b2 a3e3 b2c2 e3e2 c2b3 h5f6 b3b4 f6h5 b4c5
Warning; Bestmove does not match beginning of last PV - move g7g2 from B
Info; info depth 18 seldepth 29 multipv 1 score cp 1067 nodes 276334 nps 921113 hashfull 104 tbhits 0 time 300 pv d3e1 b7a7 e1c2 a7a8 g7g2 e2d1 c2e3 d2e3 g2a8 e3e4 a8c6 h4h5 c6e4 h5h6 e4c6 h6h7 h8h7 a4a5 c8f5 c3c4
Position; fen rnbqk1nr/pppp1ppp/8/4p3/1b6/P7/2PPPPPP/RNBQKBNR w KQkq - 0 3
Moves; c2c3 b4e7 g2g3 d7d5 g1h3 b8c6 h3f4 h7h5 f4d5 d8d5 f1g2 d5g2 h1f1 f7f6 a3a4 g2e4 f2f3 e4f5 b1a3 f5g6 e2e3 e7f8 e1f2 h5h4 g3h4 a7a6 h2h3 g6f7 a1b1 g8h6 f1g1 h6g8 d1e1 f8e7 a3c2 e5e4 c1a3 e7a3 c2a3 g8e7 a3c2 a8b8 g1g5 e4f3 g5g7 f7g7 f2f3 c6e5 f3f2 b8a8 b1b7 e5d3 f2e2
Warning; Bestmove does not match beginning of last PV - move b8d6 from B
Info; info depth 44 seldepth 8 multipv 1 score mate 4 nodes 396066 nps 1320220 hashfull 41 tbhits 0 time 300 pv c6f6 f5g4 b8f4 g4h3 f6h6 h3g2 f4g4
Position; fen rnbqkbnr/p1ppp1pp/1p6/5p2/8/N2P4/PPP1PPPP/R1BQKBNR w KQkq - 0 3
Moves; e2e4 b6b5 a3b5 b8a6 c2c3 c7c6 b5d4 a8b8 g1f3 b8b7 d4f5 d8a5 a2a3 a5c3 e1e2 b7b2 f3d2 b2d2 c1d2 c3a1 f5d6 e7d6 d1a1 h7h5 h2h4 e8f7 a1b2 f7e6 g2g3 d6d5 e2e1 f8e7 b2a1 d5d4 a1a2 e6e5 d2g5 e7g5 f1h3 a6b8 h4g5 h5h4 a2f7 h4g3 f7g7 e5f4 g7f7 f4e5 f7g7 e5f4 g7f7 f4e5 f7f5 e5d6 f5f4 d6e7 f4e5 e7f7 f2g3 h8h3 g5g6 f7g6 e5f5 g6g7 f5g4 g7f7 g4f5 g8f6 h1h3 f7g7 h3h2 f6g4 f5g4 g7f6 g4h4 f6e6 h4h6 e6e7 h6h4 e7e6 h4h6 e6f7 h6f4 f7g7 f4h6 g7f7 g3g4 c8b7 h6h5 f7e6 h5h6 e6e7 h2b2 b8a6 h6g5 e7d6 g5h6 d6c7 e4e5 a6b8 h6h7 c7d8 h7h8 d8c7 h8f8 b8a6 f8h6 a6b8 g4g5 a7a6 h6d6 c7c8 b2b4 c6c5 b4b1 c5c4 d6f8 c8c7 f8e7 c4c3 e7d6 c7c8 e5e6 c3c2 d6c5 c8d8 c5f8 d8c7 f8c5 b7c6 c5c2 d7e6 b1c1 c7d7 c2c5 e6e5 c5a7 d7e6 a7b8 e6f5 c1c6 e5e4
Finished game 8 (B vs A): 1-0 {White mates}
Started game 10 of 16 (B vs A)
Warning; Bestmove does not match beginning of last PV - move d2e2 from B
Info; info depth 41 seldepth 8 multipv 1 score mate 4 nodes 550308 nps 1834360 hashfull 100 tbhits 0 time 300 pv b4c5 b7a6 d2b2 g6g5 e6c8 a6a5 c5b6
Position; fen rnbqkbnr/1ppp1ppp/8/p3p3/8/2N2P2/PPPPP1PP/R1BQKBNR w KQkq - 0 3
Moves; e2e3 e5e4 c3e4 a8a7 b2b3 b8a6 c1b2 d8h4 e4g3 h4h2 h1h2 a6b4 f3f4 a5a4 a1c1 b4c2 d1c2 f7f6 b3b4 f8b4 a2a3 c7c6 c1a1 h7h5 a1a2 b4d2 c2d2 e8d8 b2d4 g8h6 h2h4 h8e8 d4f6 d8c7 e3e4 d7d5 a2b2 g7g6 f4f5 h6f5 d2f4 c7d7 b2d2 f5d4 f6d4 e8f8 d4f6 a7a8 f6d4 f8f4 g3h5 f4h4 h5g3 h4f4 g1f3 d7e6 d2e2 b7b5 d4c3 c8a6 f3g5 e6d6 c3d2 f4f1 g3f1 a8f8 e4e5 d6e7 d2b4 e7d8 g5e6 d8c8 b4f8 c8d7 e6c5 d7c8 c5e6 d5d4 e6d4 c8c7 d4e6 c7d7 e6c5 d7d8 e5e6 a6c8 e2d2 d8c7 e6e7 c7b6 c5e4 c8e6 e7e8b e6g8 e8d7 b6c7 e4f6 b5b4 f8b4 g8e6 f6e8 c7b7 e8d6 b7a6 d7e6 a6b6 d6e8 b6a7 e8f6 a7b6 f1e3 b6b7
Warning; Bestmove does not match beginning of last PV - move e4e8 from B
Info; info depth 26 seldepth 42 multipv 1 score mate 15 nodes 356902 nps 1189673 hashfull 53 tbhits 0 time 300 pv f4e5 c6c5 h5g3 c5c6 e4c4 c6b6 e5d5 b6b5 c4e4 b5b6 g3h1 b6b5 d5d6 b5b6 e4e5 b6b7 d6c5 b7c7 e5e7 c7d8 c5d6 d8c8 e7g7 c8b8 d6c6 b8a8 c6b6 a8b8 g7g8
Position; fen rnbqkbnr/1ppp1ppp/8/p3p3/8/2N2P2/PPPPP1PP/R1BQKBNR w KQkq - 0 3
Moves; c3b5 d7d5 b5c7 d8c7 a1b1 f8e7 b1a1 b8c6 c2c3 c8e6 d1b3 g8h6 g2g3 a5a4 b3d5 e6d5 a2a3 f7f6 e2e4 d5e6 h2h3 e6f7 g3g4 e8g8 g4g5 h6f5 g5f6 g7f6 e4f5 f8b8 f1c4 g8h8 c4f7 e7c5 a1a2 c6e7 f7e8 c5f2 e1f2 e7f5 e8a4 a8a4 b2b4 c7c6 b4b5 c6e8 b5b6 a4a8 g1e2 e8f8 e2f4 f5h6 f4g6 h7g6 f3f4 f8g7 f4e5 g6g5 e5e6 h6g8 f2e3 h8h7 h1f1 h7h8 f1f5 b8e8 c1b2 e8e6 e3f2 e6e2 f2e2 a8d8 b2c1 g7f8 d2d4 h8h7 e2f3 h7g6 a3a4 g8h6 a2g2 g6h5 g2g5 f6g5 f5f8 d8f8 f3e3 f8f1 e3d2 h5g6 d2c2 f1f2 c2d3 f2f1 d3c2 f1f2 c2b1 f2f6 a4a5 f6f5 c1g5 g6g5 d4d5 f5d5 a5a6 d5b5 b1c2 b5b6 a6a7 b6a6 h3h4 g5f4 c2d3 a6a4 c3c4 h6f5 c4c5 a4a7 d3c4 a7a8 c4d3 f4f3 d3d2 f3f4 d2d3 f5g3 c5c6 a8a3 d3c2 b7c6 h4h5 g3h5 c2b2 a3e3 b2c2 e3e2 c2b3 h5f6 b3b4 f6h5 b4c5 e2e4 c5c6
Warning; Bestmove does not match beginning of last PV - move g2b7 from B
Info; info depth 17 seldepth 37 multipv 1 score cp 932 nodes 244926 nps 813707 hashfull 102 tbhits 0 time 301 pv c8b7 c3c4 a8d8 d3c3 c7c5 c2d4 c5d4 e3d4 b7e4 d2d3 e4f5 h4h5 h8g8 e1e3 g8g3 e3d2 g2d2 c3d2 g3d3 d2c2
Position; fen rnbqk1nr/pppp1ppp/8/4p3/1b6/P7/2PPPPPP/RNBQKBNR w KQkq - 0 3
Moves; c2c3 b4e7 g2g3 d7d5 g1h3 b8c6 h3f4 h7h5 f4d5 d8d5 f1g2 d5g2 h1f1 f7f6 a3a4 g2e4 f2f3 e4f5 b1a3 f5g6 e2e3 e7f8 e1f2 h5h4 g3h4 a7a6 h2h3 g6f7 a1b1 g8h6 f1g1 h6g8 d1e1 f8e7 a3c2 e5e4 c1a3 e7a3 c2a3 g8e7 a3c2 a8b8 g1g5 e4f3 g5g7 f7g7 f2f3 c6e5 f3f2 b8a8 b1b7 e5d3 f2e2 g7g2 e2d3
Warning; Bestmove does not match beginning of last PV - move d6g6 from B
Info; info depth 99 seldepth 6 multipv 1 score mate 3 nodes 1403852 nps 4679506 hashfull 9 tbhits 0 time 300 pv d6e5 g5h4 c6g6 e4e3 e5h8
Position; fen rnbqkbnr/p1ppp1pp/1p6/5p2/8/N2P4/PPP1PPPP/R1BQKBNR w KQkq - 0 3
Moves; e2e4 b6b5 a3b5 b8a6 c2c3 c7c6 b5d4 a8b8 g1f3 b8b7 d4f5 d8a5 a2a3 a5c3 e1e2 b7b2 f3d2 b2d2 c1d2 c3a1 f5d6 e7d6 d1a1 h7h5 h2h4 e8f7 a1b2 f7e6 g2g3 d6d5 e2e1 f8e7 b2a1 d5d4 a1a2 e6e5 d2g5 e7g5 f1h3 a6b8 h4g5 h5h4 a2f7 h4g3 f7g7 e5f4 g7f7 f4e5 f7g7 e5f4 g7f7 f4e5 f7f5 e5d6 f5f4 d6e7 f4e5 e7f7 f2g3 h8h3 g5g6 f7g6 e5f5 g6g7 f5g4 g7f7 g4f5 g8f6 h1h3 f7g7 h3h2 f6g4 f5g4 g7f6 g4h4 f6e6 h4h6 e6e7 h6h4 e7e6 h4h6 e6f7 h6f4 f7g7 f4h6 g7f7 g3g4 c8b7 h6h5 f7e6 h5h6 e6e7 h2b2 b8a6 h6g5 e7d6 g5h6 d6c7 e4e5 a6b8 h6h7 c7d8 h7h8 d8c7 h8f8 b8a6 f8h6 a6b8 g4g5 a7a6 h6d6 c7c8 b2b4 c6c5 b4b1 c5c4 d6f8 c8c7 f8e7 c4c3 e7d6 c7c8 e5e6 c3c2 d6c5 c8d8 c5f8 d8c7 f8c5 b7c6 c5c2 d7e6 b1c1 c7d7 c2c5 e6e5 c5a7 d7e6 a7b8 e6f5 c1c6 e5e4 b8d6 f5g5
Warning; Bestmove does not match beginning of last PV - move g6g3 from B
Info; info depth 245 seldepth 2 multipv 1 score mate 1 nodes 272989 nps 4475229 hashfull 1 tbhits 0 time 61 pv g6e4
Position; fen rnbqkbnr/p1ppp1pp/1p6/5p2/8/N2P4/PPP1PPPP/R1BQKBNR w KQkq - 0 3
Moves; e2e4 b6b5 a3b5 b8a6 c2c3 c7c6 b5d4 a8b8 g1f3 b8b7 d4f5 d8a5 a2a3 a5c3 e1e2 b7b2 f3d2 b2d2 c1d2 c3a1 f5d6 e7d6 d1a1 h7h5 h2h4 e8f7 a1b2 f7e6 g2g3 d6d5 e2e1 f8e7 b2a1 d5d4 a1a2 e6e5 d2g5 e7g5 f1h3 a6b8 h4g5 h5h4 a2f7 h4g3 f7g7 e5f4 g7f7 f4e5 f7g7 e5f4 g7f7 f4e5 f7f5 e5d6 f5f4 d6e7 f4e5 e7f7 f2g3 h8h3 g5g6 f7g6 e5f5 g6g7 f5g4 g7f7 g4f5 g8f6 h1h3 f7g7 h3h2 f6g4 f5g4 g7f6 g4h4 f6e6 h4h6 e6e7 h6h4 e7e6 h4h6 e6f7 h6f4 f7g7 f4h6 g7f7 g3g4 c8b7 h6h5 f7e6 h5h6 e6e7 h2b2 b8a6 h6g5 e7d6 g5h6 d6c7 e4e5 a6b8 h6h7 c7d8 h7h8 d8c7 h8f8 b8a6 f8h6 a6b8 g4g5 a7a6 h6d6 c7c8 b2b4 c6c5 b4b1 c5c4 d6f8 c8c7 f8e7 c4c3 e7d6 c7c8 e5e6 c3c2 d6c5 c8d8 c5f8 d8c7 f8c5 b7c6 c5c2 d7e6 b1c1 c7d7 c2c5 e6e5 c5a7 d7e6 a7b8 e6f5 c1c6 e5e4 b8d6 f5g5 d6g6 g5f4 c6f6 f4e3
Finished game 4 (B vs A): 1-0 {White mates}
Started game 11 of 16 (A vs B)
Warning; Bestmove does not match beginning of last PV - move e2d2 from B
Info; info depth 41 seldepth 10 multipv 1 score mate 5 nodes 421000 nps 1403333 hashfull 81 tbhits 0 time 300 pv b4d6 b6b7 e2b2 b7a8 d6c5 g6g5 f6e8 g5g4 e8c7
Position; fen rnbqkbnr/1ppp1ppp/8/p3p3/8/2N2P2/PPPPP1PP/R1BQKBNR w KQkq - 0 3
Moves; e2e3 e5e4 c3e4 a8a7 b2b3 b8a6 c1b2 d8h4 e4g3 h4h2 h1h2 a6b4 f3f4 a5a4 a1c1 b4c2 d1c2 f7f6 b3b4 f8b4 a2a3 c7c6 c1a1 h7h5 a1a2 b4d2 c2d2 e8d8 b2d4 g8h6 h2h4 h8e8 d4f6 d8c7 e3e4 d7d5 a2b2 g7g6 f4f5 h6f5 d2f4 c7d7 b2d2 f5d4 f6d4 e8f8 d4f6 a7a8 f6d4 f8f4 g3h5 f4h4 h5g3 h4f4 g1f3 d7e6 d2e2 b7b5 d4c3 c8a6 f3g5 e6d6 c3d2 f4f1 g3f1 a8f8 e4e5 d6e7 d2b4 e7d8 g5e6 d8c8 b4f8 c8d7 e6c5 d7c8 c5e6 d5d4 e6d4 c8c7 d4e6 c7d7 e6c5 d7d8 e5e6 a6c8 e2d2 d8c7 e6e7 c7b6 c5e4 c8e6 e7e8b e6g8 e8d7 b6c7 e4f6 b5b4 f8b4 g8e6 f6e8 c7b7 e8d6 b7a6 d7e6 a6b6 d6e8 b6a7 e8f6 a7b6 f1e3 b6b7 d2e2 b7b6
Warning; Bestmove does not match beginning of last PV - move e2e4 from B
Info; info depth 16 seldepth 17 multipv 1 score cp 541 nodes 89745 nps 298156 hashfull 34 tbhits 0 time 301 pv b4b5 g8f6 e2e3 c7c5 f1e2 d7d5 g1f3 e5e4 f3e5 e8g8 e1g1 d5d4
Position; fen rnbqk1nr/pppp1ppp/8/4p3/1b6/P7/2PPPPPP/RNBQKBNR w KQkq - 0 3
Moves; a3b4 g7g6
Warning; Bestmove does not match beginning of last PV - move e8e3 from B
Info; info depth 32 seldepth 44 multipv 1 score mate 14 nodes 494030 nps 1646766 hashfull 77 tbhits 0 time 300 pv e8e4 d5d6 e4d4 d6c5 f4e5 c5c6 d4c4 c6b5 e5d5 b5b6 d5d6 b6b5 c4e4 b5b6 e4b4 b6a5 d6c5 a5a6 c5c6 a6a7 h5g3 a7a8 b4a4 a8b8 g3h1 b8c8 a4a8
Position; fen rnbqkbnr/1ppp1ppp/8/p3p3/8/2N2P2/PPPPP1PP/R1BQKBNR w KQkq - 0 3
Moves; c3b5 d7d5 b5c7 d8c7 a1b1 f8e7 b1a1 b8c6 c2c3 c8e6 d1b3 g8h6 g2g3 a5a4 b3d5 e6d5 a2a3 f7f6 e2e4 d5e6 h2h3 e6f7 g3g4 e8g8 g4g5 h6f5 g5f6 g7f6 e4f5 f8b8 f1c4 g8h8 c4f7 e7c5 a1a2 c6e7 f7e8 c5f2 e1f2 e7f5 e8a4 a8a4 b2b4 c7c6 b4b5 c6e8 b5b6 a4a8 g1e2 e8f8 e2f4 f5h6 f4g6 h7g6 f3f4 f8g7 f4e5 g6g5 e5e6 h6g8 f2e3 h8h7 h1f1 h7h8 f1f5 b8e8 c1b2 e8e6 e3f2 e6e2 f2e2 a8d8 b2c1 g7f8 d2d4 h8h7 e2f3 h7g6 a3a4 g8h6 a2g2 g6h5 g2g5 f6g5 f5f8 d8f8 f3e3 f8f1 e3d2 h5g6 d2c2 f1f2 c2d3 f2f1 d3c2 f1f2 c2b1 f2f6 a4a5 f6f5 c1g5 g6g5 d4d5 f5d5 a5a6 d5b5 b1c2 b5b6 a6a7 b6a6 h3h4 g5f4 c2d3 a6a4 c3c4 h6f5 c4c5 a4a7 d3c4 a7a8 c4d3 f4f3 d3d2 f3f4 d2d3 f5g3 c5c6 a8a3 d3c2 b7c6 h4h5 g3h5 c2b2 a3e3 b2c2 e3e2 c2b3 h5f6 b3b4 f6h5 b4c5 e2e4 c5c6 e4e8 c6d5
Warning; Bestmove does not match beginning of last PV - move b7f3 from B
Info; info depth 17 seldepth 24 multipv 1 score cp 968 nodes 240125 nps 797757 hashfull 92 tbhits 0 time 301 pv a6a5 e3e4 a5b4 e1g3 b7c6 g3g7 h8g8 g7h6 c8a6 d3c2 c6e4 c2b2 b4c3 d2c3
Position; fen rnbqk1nr/pppp1ppp/8/4p3/1b6/P7/2PPPPPP/RNBQKBNR w KQkq - 0 3
Moves; c2c3 b4e7 g2g3 d7d5 g1h3 b8c6 h3f4 h7h5 f4d5 d8d5 f1g2 d5g2 h1f1 f7f6 a3a4 g2e4 f2f3 e4f5 b1a3 f5g6 e2e3 e7f8 e1f2 h5h4 g3h4 a7a6 h2h3 g6f7 a1b1 g8h6 f1g1 h6g8 d1e1 f8e7 a3c2 e5e4 c1a3 e7a3 c2a3 g8e7 a3c2 a8b8 g1g5 e4f3 g5g7 f7g7 f2f3 c6e5 f3f2 b8a8 b1b7 e5d3 f2e2 g7g2 e2d3 g2b7 c2b4
Warning; Bestmove does not match beginning of last PV - move e7e6 from B
Info; info depth 12 seldepth 16 multipv 1 score cp -12 nodes 89922 nps 299740 hashfull 18 tbhits 0 time 300 pv c7c5 g1f3 g7g6 d1c2 d8c7 d2d4 c5d4 f3d4 a7a6 e1g1 f8g7 c1e3 e8g8
Position; fen rnbqkb1r/ppp1pppp/3p1n2/8/4P3/8/PPPPBPPP/RNBQK1NR w KQkq - 0 3
Moves; c2c3
Warning; Bestmove does not match beginning of last PV - move d2b2 from B
Info; info depth 44 seldepth 8 multipv 1 score mate 4 nodes 380304 nps 1267680 hashfull 57 tbhits 0 time 300 pv b4c5 b7a6 d2b2 a6a5 c5b6 a5a6 e6c8
Position; fen rnbqkbnr/1ppp1ppp/8/p3p3/8/2N2P2/PPPPP1PP/R1BQKBNR w KQkq - 0 3
Moves; e2e3 e5e4 c3e4 a8a7 b2b3 b8a6 c1b2 d8h4 e4g3 h4h2 h1h2 a6b4 f3f4 a5a4 a1c1 b4c2 d1c2 f7f6 b3b4 f8b4 a2a3 c7c6 c1a1 h7h5 a1a2 b4d2 c2d2 e8d8 b2d4 g8h6 h2h4 h8e8 d4f6 d8c7 e3e4 d7d5 a2b2 g7g6 f4f5 h6f5 d2f4 c7d7 b2d2 f5d4 f6d4 e8f8 d4f6 a7a8 f6d4 f8f4 g3h5 f4h4 h5g3 h4f4 g1f3 d7e6 d2e2 b7b5 d4c3 c8a6 f3g5 e6d6 c3d2 f4f1 g3f1 a8f8 e4e5 d6e7 d2b4 e7d8 g5e6 d8c8 b4f8 c8d7 e6c5 d7c8 c5e6 d5d4 e6d4 c8c7 d4e6 c7d7 e6c5 d7d8 e5e6 a6c8 e2d2 d8c7 e6e7 c7b6 c5e4 c8e6 e7e8b e6g8 e8d7 b6c7 e4f6 b5b4 f8b4 g8e6 f6e8 c7b7 e8d6 b7a6 d7e6 a6b6 d6e8 b6a7 e8f6 a7b6 f1e3 b6b7 d2e2 b7b6 e2d2 b6b7
Warning; Bestmove does not match beginning of last PV - move c1b2 from B
Info; info depth 16 seldepth 21 multipv 1 score cp 541 nodes 103256 nps 343043 hashfull 33 tbhits 0 time 301 pv g1f3 g8f6 d2d3 d7d5 e4d5 f6g4 f1e2 g4f2 e1f2 d8b6 c1e3
Position; fen rnbqk1nr/pppp1ppp/8/4p3/1b6/P7/2PPPPPP/RNBQKBNR w KQkq - 0 3
Moves; a3b4 g7g6 e2e4 c7c6
Warning; Bestmove does not match beginning of last PV - move e3e8 from B
Info; info depth 35 seldepth 30 multipv 1 score mate 15 nodes 348602 nps 1162006 hashfull 60 tbhits 0 time 300 pv h5g3 d4d5 e3e4 d5d6 e4d4 d6c6 f4e5 c6c5 g3h1 c5c6 d4c4 c6b5 e5d5 b5b6 d5d6 b6b5 c4e4 b5b6 e4b4 b6a5 d6c5 a5a6 c5c6 a6a7 b4e4 a7b8 e4a4 b8c8 a4a8
Position; fen rnbqkbnr/1ppp1ppp/8/p3p3/8/2N2P2/PPPPP1PP/R1BQKBNR w KQkq - 0 3
Moves; c3b5 d7d5 b5c7 d8c7 a1b1 f8e7 b1a1 b8c6 c2c3 c8e6 d1b3 g8h6 g2g3 a5a4 b3d5 e6d5 a2a3 f7f6 e2e4 d5e6 h2h3 e6f7 g3g4 e8g8 g4g5 h6f5 g5f6 g7f6 e4f5 f8b8 f1c4 g8h8 c4f7 e7c5 a1a2 c6e7 f7e8 c5f2 e1f2 e7f5 e8a4 a8a4 b2b4 c7c6 b4b5 c6e8 b5b6 a4a8 g1e2 e8f8 e2f4 f5h6 f4g6 h7g6 f3f4 f8g7 f4e5 g6g5 e5e6 h6g8 f2e3 h8h7 h1f1 h7h8 f1f5 b8e8 c1b2 e8e6 e3f2 e6e2 f2e2 a8d8 b2c1 g7f8 d2d4 h8h7 e2f3 h7g6 a3a4 g8h6 a2g2 g6h5 g2g5 f6g5 f5f8 d8f8 f3e3 f8f1 e3d2 h5g6 d2c2 f1f2 c2d3 f2f1 d3c2 f1f2 c2b1 f2f6 a4a5 f6f5 c1g5 g6g5 d4d5 f5d5 a5a6 d5b5 b1c2 b5b6 a6a7 b6a6 h3h4 g5f4 c2d3 a6a4 c3c4 h6f5 c4c5 a4a7 d3c4 a7a8 c4d3 f4f3 d3d2 f3f4 d2d3 f5g3 c5c6 a8a3 d3c2 b7c6 h4h5 g3h5 c2b2 a3e3 b2c2 e3e2 c2b3 h5f6 b3b4 f6h5 b4c5 e2e4 c5c6 e4e8 c6d5 e8e3 d5d4
Warning; Bestmove does not match beginning of last PV - move f3g2 from B
Info; info depth 17 seldepth 32 multipv 1 score cp 1008 nodes 349317 nps 1164390 hashfull 133 tbhits 0 time 300 pv c8f5 d3c4 f5e6 c4d3 c7c5 d3c2 c5b4 c2c1 a8d8 c3c4 f3c6 d2d3 c6a4 e1g3
Position; fen rnbqk1nr/pppp1ppp/8/4p3/1b6/P7/2PPPPPP/RNBQKBNR w KQkq - 0 3
Moves; c2c3 b4e7 g2g3 d7d5 g1h3 b8c6 h3f4 h7h5 f4d5 d8d5 f1g2 d5g2 h1f1 f7f6 a3a4 g2e4 f2f3 e4f5 b1a3 f5g6 e2e3 e7f8 e1f2 h5h4 g3h4 a7a6 h2h3 g6f7 a1b1 g8h6 f1g1 h6g8 d1e1 f8e7 a3c2 e5e4 c1a3 e7a3 c2a3 g8e7 a3c2 a8b8 g1g5 e4f3 g5g7 f7g7 f2f3 c6e5 f3f2 b8a8 b1b7 e5d3 f2e2 g7g2 e2d3 g2b7 c2b4 b7f3 a4a5
Warning; Bestmove does not match beginning of last PV - move f6d5 from B
Info; info depth 14 seldepth 23 multipv 1 score cp 129 nodes 82263 nps 273299 hashfull 25 tbhits 0 time 301 pv d6e5 d2d3 b8c6 b1d2 b7b6 g1f3 c8b7 e1g1 f6d5 d2c4 f7f6 d3d4 e5d4 f3d4 c6d4 c3d4 d8d7
Position; fen rnbqkb1r/ppp1pppp/3p1n2/8/4P3/8/PPPPBPPP/RNBQK1NR w KQkq - 0 3
Moves; c2c3 e7e6 e4e5
Warning; Bestmove does not match beginning of last PV - move e6f7 from B
Info; info depth 63 seldepth 8 multipv 1 score mate 4 nodes 658586 nps 2195286 hashfull 35 tbhits 0 time 300 pv b4d6 b6a7 d6c5 a7a8 f6e8 g6g5 e8c7
Position; fen rnbqkbnr/1ppp1ppp/8/p3p3/8/2N2P2/PPPPP1PP/R1BQKBNR w KQkq - 0 3
Moves; e2e3 e5e4 c3e4 a8a7 b2b3 b8a6 c1b2 d8h4 e4g3 h4h2 h1h2 a6b4 f3f4 a5a4 a1c1 b4c2 d1c2 f7f6 b3b4 f8b4 a2a3 c7c6 c1a1 h7h5 a1a2 b4d2 c2d2 e8d8 b2d4 g8h6 h2h4 h8e8 d4f6 d8c7 e3e4 d7d5 a2b2 g7g6 f4f5 h6f5 d2f4 c7d7 b2d2 f5d4 f6d4 e8f8 d4f6 a7a8 f6d4 f8f4 g3h5 f4h4 h5g3 h4f4 g1f3 d7e6 d2e2 b7b5 d4c3 c8a6 f3g5 e6d6 c3d2 f4f1 g3f1 a8f8 e4e5 d6e7 d2b4 e7d8 g5e6 d8c8 b4f8 c8d7 e6c5 d7c8 c5e6 d5d4 e6d4 c8c7 d4e6 c7d7 e6c5 d7d8 e5e6 a6c8 e2d2 d8c7 e6e7 c7b6 c5e4 c8e6 e7e8b e6g8 e8d7 b6c7 e4f6 b5b4 f8b4 g8e6 f6e8 c7b7 e8d6 b7a6 d7e6 a6b6 d6e8 b6a7 e8f6 a7b6 f1e3 b6b7 d2e2 b7b6 e2d2 b6b7 d2b2 b7b6
Warning; Bestmove does not match beginning of last PV - move f1e2 from B
Info; info depth 16 seldepth 22 multipv 1 score cp 660 nodes 108529 nps 360561 hashfull 35 tbhits 0 time 301 pv b2e5 d7d5 e5h8 d5e4 g1e2 g8f6 b1c3 c8f5 d1c1 f6g4 h8d4 d8h4
Position; fen rnbqk1nr/pppp1ppp/8/4p3/1b6/P7/2PPPPPP/RNBQKBNR w KQkq - 0 3
Moves; a3b4 g7g6 e2e4 c7c6 c1b2 h7h5
Warning; Bestmove does not match beginning of last PV - move f4f5 from B
Info; info depth 34 seldepth 28 multipv 1 score mate 14 nodes 469308 nps 1564360 hashfull 62 tbhits 0 time 300 pv e8e4 d5d6 e4d4 d6c6 f4e5 c6c5 d4e4 c5c6 e4c4 c6b5 e5d5 b5b6 c4d4 b6b7 d5d6 b7b6 d4b4 b6a5 d6c5 a5a6 c5c6 a6a7 b4a4 a7b8 h5g3 b8c8 a4a8
Position; fen rnbqkbnr/1ppp1ppp/8/p3p3/8/2N2P2/PPPPP1PP/R1BQKBNR w KQkq - 0 3
Moves; c3b5 d7d5 b5c7 d8c7 a1b1 f8e7 b1a1 b8c6 c2c3 c8e6 d1b3 g8h6 g2g3 a5a4 b3d5 e6d5 a2a3 f7f6 e2e4 d5e6 h2h3 e6f7 g3g4 e8g8 g4g5 h6f5 g5f6 g7f6 e4f5 f8b8 f1c4 g8h8 c4f7 e7c5 a1a2 c6e7 f7e8 c5f2 e1f2 e7f5 e8a4 a8a4 b2b4 c7c6 b4b5 c6e8 b5b6 a4a8 g1e2 e8f8 e2f4 f5h6 f4g6 h7g6 f3f4 f8g7 f4e5 g6g5 e5e6 h6g8 f2e3 h8h7 h1f1 h7h8 f1f5 b8e8 c1b2 e8e6 e3f2 e6e2 f2e2 a8d8 b2c1 g7f8 d2d4 h8h7 e2f3 h7g6 a3a4 g8h6 a2g2 g6h5 g2g5 f6g5 f5f8 d8f8 f3e3 f8f1 e3d2 h5g6 d2c2 f1f2 c2d3 f2f1 d3c2 f1f2 c2b1 f2f6 a4a5 f6f5 c1g5 g6g5 d4d5 f5d5 a5a6 d5b5 b1c2 b5b6 a6a7 b6a6 h3h4 g5f4 c2d3 a6a4 c3c4 h6f5 c4c5 a4a7 d3c4 a7a8 c4d3 f4f3 d3d2 f3f4 d2d3 f5g3 c5c6 a8a3 d3c2 b7c6 h4h5 g3h5 c2b2 a3e3 b2c2 e3e2 c2b3 h5f6 b3b4 f6h5 b4c5 e2e4 c5c6 e4e8 c6d5 e8e3 d5d4 e3e8 d4d5
Warning; Bestmove does not match beginning of last PV - move g2e4 from B
Info; info depth 17 seldepth 32 multipv 1 score cp 989 nodes 246525 nps 819019 hashfull 91 tbhits 0 time 301 pv c8e6 c4d3 c7c5 b4a6 a8a6 c3c4 a6a5 d3c3 a5a3 c3b2 g2b7 b2c2
Position; fen rnbqk1nr/pppp1ppp/8/4p3/1b6/P7/2PPPPPP/RNBQKBNR w KQkq - 0 3
Moves; c2c3 b4e7 g2g3 d7d5 g1h3 b8c6 h3f4 h7h5 f4d5 d8d5 f1g2 d5g2 h1f1 f7f6 a3a4 g2e4 f2f3 e4f5 b1a3 f5g6 e2e3 e7f8 e1f2 h5h4 g3h4 a7a6 h2h3 g6f7 a1b1 g8h6 f1g1 h6g8 d1e1 f8e7 a3c2 e5e4 c1a3 e7a3 c2a3 g8e7 a3c2 a8b8 g1g5 e4f3 g5g7 f7g7 f2f3 c6e5 f3f2 b8a8 b1b7 e5d3 f2e2 g7g2 e2d3 g2b7 c2b4 b7f3 a4a5 f3g2 d3c4
Warning; Bestmove does not match beginning of last PV - move b4c3 from B
Info; info depth 46 seldepth 10 multipv 1 score mate 5 nodes 572464 nps 1908213 hashfull 93 tbhits 0 time 300 pv e3d5 b6b5 f7e8 b5c4 b4c3 c4d3 e8b5 c5c4 b2d2
Position; fen rnbqkbnr/1ppp1ppp/8/p3p3/8/2N2P2/PPPPP1PP/R1BQKBNR w KQkq - 0 3
Moves; e2e3 e5e4 c3e4 a8a7 b2b3 b8a6 c1b2 d8h4 e4g3 h4h2 h1h2 a6b4 f3f4 a5a4 a1c1 b4c2 d1c2 f7f6 b3b4 f8b4 a2a3 c7c6 c1a1 h7h5 a1a2 b4d2 c2d2 e8d8 b2d4 g8h6 h2h4 h8e8 d4f6 d8c7 e3e4 d7d5 a2b2 g7g6 f4f5 h6f5 d2f4 c7d7 b2d2 f5d4 f6d4 e8f8 d4f6 a7a8 f6d4 f8f4 g3h5 f4h4 h5g3 h4f4 g1f3 d7e6 d2e2 b7b5 d4c3 c8a6 f3g5 e6d6 c3d2 f4f1 g3f1 a8f8 e4e5 d6e7 d2b4 e7d8 g5e6 d8c8 b4f8 c8d7 e6c5 d7c8 c5e6 d5d4 e6d4 c8c7 d4e6 c7d7 e6c5 d7d8 e5e6 a6c8 e2d2 d8c7 e6e7 c7b6 c5e4 c8e6 e7e8b e6g8 e8d7 b6c7 e4f6 b5b4 f8b4 g8e6 f6e8 c7b7 e8d6 b7a6 d7e6 a6b6 d6e8 b6a7 e8f6 a7b6 f1e3 b6b7 d2e2 b7b6 e2d2 b6b7 d2b2 b7b6 e6f7 c6c5
Warning; Bestmove does not match beginning of last PV - move g1f3 from B
Info; info depth 16 seldepth 23 multipv 1 score cp 660 nodes 92003 nps 305657 hashfull 35 tbhits 0 time 301 pv b2e5 f7f6 e5c3 d7d5 d2d3 c6c5 b4b5 b6b5 e4d5 g8e7 g1f3 e7d5 e1g1 b8c6 f1e1 d5c3 b1c3
Position; fen rnbqk1nr/pppp1ppp/8/4p3/1b6/P7/2PPPPPP/RNBQKBNR w KQkq - 0 3
Moves; a3b4 g7g6 e2e4 c7c6 c1b2 h7h5 f1e2 d8b6
Warning; Bestmove does not match beginning of last PV - move f5e4 from B
Info; info depth 19 seldepth 36 multipv 1 score mate 18 nodes 352553 nps 1175176 hashfull 65 tbhits 0 time 300 pv e8e3 c4d4 f5f4 d4c5 f4e5 c5c4 h5g3 c4c5 e3e4 c5c6 e4d4 c6c5 g3h1 c5c6 d4c4 c6b5 e5d5 b5b6 c4b4 b6c7 d5c5 c7d7 b4e4 d7c7 e4e7 c7d8 c5d6 d8c8 d6c6 c8b8 e7g7 b8a8 c6b6 a8b8 g7g8
Position; fen rnbqkbnr/1ppp1ppp/8/p3p3/8/2N2P2/PPPPP1PP/R1BQKBNR w KQkq - 0 3
Moves; c3b5 d7d5 b5c7 d8c7 a1b1 f8e7 b1a1 b8c6 c2c3 c8e6 d1b3 g8h6 g2g3 a5a4 b3d5 e6d5 a2a3 f7f6 e2e4 d5e6 h2h3 e6f7 g3g4 e8g8 g4g5 h6f5 g5f6 g7f6 e4f5 f8b8 f1c4 g8h8 c4f7 e7c5 a1a2 c6e7 f7e8 c5f2 e1f2 e7f5 e8a4 a8a4 b2b4 c7c6 b4b5 c6e8 b5b6 a4a8 g1e2 e8f8 e2f4 f5h6 f4g6 h7g6 f3f4 f8g7 f4e5 g6g5 e5e6 h6g8 f2e3 h8h7 h1f1 h7h8 f1f5 b8e8 c1b2 e8e6 e3f2 e6e2 f2e2 a8d8 b2c1 g7f8 d2d4 h8h7 e2f3 h7g6 a3a4 g8h6 a2g2 g6h5 g2g5 f6g5 f5f8 d8f8 f3e3 f8f1 e3d2 h5g6 d2c2 f1f2 c2d3 f2f1 d3c2 f1f2 c2b1 f2f6 a4a5 f6f5 c1g5 g6g5 d4d5 f5d5 a5a6 d5b5 b1c2 b5b6 a6a7 b6a6 h3h4 g5f4 c2d3 a6a4 c3c4 h6f5 c4c5 a4a7 d3c4 a7a8 c4d3 f4f3 d3d2 f3f4 d2d3 f5g3 c5c6 a8a3 d3c2 b7c6 h4h5 g3h5 c2b2 a3e3 b2c2 e3e2 c2b3 h5f6 b3b4 f6h5 b4c5 e2e4 c5c6 e4e8 c6d5 e8e3 d5d4 e3e8 d4d5 f4f5 d5c4
Warning; Bestmove does not match beginning of last PV - move c7c6 from B
Info; info depth 14 seldepth 15 multipv 1 score cp 214 nodes 55705 nps 183844 hashfull 20 tbhits 0 time 303 pv c8d7 a4g4 c7c5 b1a3 b8c6 g1f3 d8c7 d2d3 f7f6 h4h5 e8c8
Position; fen rnbqkb1r/ppp1pppp/3p1n2/8/4P3/8/PPPPBPPP/RNBQK1NR w KQkq - 0 3
Moves; c2c3 e7e6 e4e5 f6d5 h2h4 d6e5 d1a4
Warning; Bestmove does not match beginning of last PV - move b2c2 from B
Info; info depth 67 seldepth 6 multipv 1 score mate 3 nodes 1087096 nps 3623653 hashfull 38 tbhits 0 time 300 pv e3d5 c7c8 f7e6 c8d8 b2b8
Position; fen rnbqkbnr/1ppp1ppp/8/p3p3/8/2N2P2/PPPPP1PP/R1BQKBNR w KQkq - 0 3
Moves; e2e3 e5e4 c3e4 a8a7 b2b3 b8a6 c1b2 d8h4 e4g3 h4h2 h1h2 a6b4 f3f4 a5a4 a1c1 b4c2 d1c2 f7f6 b3b4 f8b4 a2a3 c7c6 c1a1 h7h5 a1a2 b4d2 c2d2 e8d8 b2d4 g8h6 h2h4 h8e8 d4f6 d8c7 e3e4 d7d5 a2b2 g7g6 f4f5 h6f5 d2f4 c7d7 b2d2 f5d4 f6d4 e8f8 d4f6 a7a8 f6d4 f8f4 g3h5 f4h4 h5g3 h4f4 g1f3 d7e6 d2e2 b7b5 d4c3 c8a6 f3g5 e6d6 c3d2 f4f1 g3f1 a8f8 e4e5 d6e7 d2b4 e7d8 g5e6 d8c8 b4f8 c8d7 e6c5 d7c8 c5e6 d5d4 e6d4 c8c7 d4e6 c7d7 e6c5 d7d8 e5e6 a6c8 e2d2 d8c7 e6e7 c7b6 c5e4 c8e6 e7e8b e6g8 e8d7 b6c7 e4f6 b5b4 f8b4 g8e6 f6e8 c7b7 e8d6 b7a6 d7e6 a6b6 d6e8 b6a7 e8f6 a7b6 f1e3 b6b7 d2e2 b7b6 e2d2 b6b7 d2b2 b7b6 e6f7 c6c5 b4c3 b6c7
Warning; Bestmove does not match beginning of last PV - move h5g3 from B
Info; info depth 31 seldepth 22 multipv 1 score mate 11 nodes 353116 nps 1177053 hashfull 56 tbhits 0 time 300 pv e4d5 b5a4 e8e3 a4b4 h5g3 b4b5 e3b3 b5a4 d5c4 a4a5 c4c5 a5a6 b3b4 a6a7 c5c6 a7a8 b4a4 a8b8 g3h1 b8c8 a4a8
Position; fen rnbqkbnr/1ppp1ppp/8/p3p3/8/2N2P2/PPPPP1PP/R1BQKBNR w KQkq - 0 3
Moves; c3b5 d7d5 b5c7 d8c7 a1b1 f8e7 b1a1 b8c6 c2c3 c8e6 d1b3 g8h6 g2g3 a5a4 b3d5 e6d5 a2a3 f7f6 e2e4 d5e6 h2h3 e6f7 g3g4 e8g8 g4g5 h6f5 g5f6 g7f6 e4f5 f8b8 f1c4 g8h8 c4f7 e7c5 a1a2 c6e7 f7e8 c5f2 e1f2 e7f5 e8a4 a8a4 b2b4 c7c6 b4b5 c6e8 b5b6 a4a8 g1e2 e8f8 e2f4 f5h6 f4g6 h7g6 f3f4 f8g7 f4e5 g6g5 e5e6 h6g8 f2e3 h8h7 h1f1 h7h8 f1f5 b8e8 c1b2 e8e6 e3f2 e6e2 f2e2 a8d8 b2c1 g7f8 d2d4 h8h7 e2f3 h7g6 a3a4 g8h6 a2g2 g6h5 g2g5 f6g5 f5f8 d8f8 f3e3 f8f1 e3d2 h5g6 d2c2 f1f2 c2d3 f2f1 d3c2 f1f2 c2b1 f2f6 a4a5 f6f5 c1g5 g6g5 d4d5 f5d5 a5a6 d5b5 b1c2 b5b6 a6a7 b6a6 h3h4 g5f4 c2d3 a6a4 c3c4 h6f5 c4c5 a4a7 d3c4 a7a8 c4d3 f4f3 d3d2 f3f4 d2d3 f5g3 c5c6 a8a3 d3c2 b7c6 h4h5 g3h5 c2b2 a3e3 b2c2 e3e2 c2b3 h5f6 b3b4 f6h5 b4c5 e2e4 c5c6 e4e8 c6d5 e8e3 d5d4 e3e8 d4d5 f4f5 d5c4 f5e4 c4b5
Warning; Bestmove does not match beginning of last PV - move b7c6 from B
Info; info depth 18 seldepth 21 multipv 1 score cp 760 nodes 165164 nps 550546 hashfull 69 tbhits 0 time 300 pv b8c6 d2d3 d5f4 c1f4 e5f4 b1d2 f8e7 d2f3 e8d7
Position; fen rnbqkb1r/ppp1pppp/3p1n2/8/4P3/8/PPPPBPPP/RNBQK1NR w KQkq - 0 3
Moves; c2c3 e7e6 e4e5 f6d5 h2h4 d6e5 d1a4 c7c6 a4c6
Warning; Bestmove does not match beginning of last PV - move c3e5 from B
Info; info depth 42 seldepth 10 multipv 1 score mate 5 nodes 342323 nps 1141076 hashfull 56 tbhits 0 time 300 pv c2b2 b6a6 f6d5 a6a7 d5c7 g6g5 f7d5 g5g4 b2b7
Position; fen rnbqkbnr/1ppp1ppp/8/p3p3/8/2N2P2/PPPPP1PP/R1BQKBNR w KQkq - 0 3
Moves; e2e3 e5e4 c3e4 a8a7 b2b3 b8a6 c1b2 d8h4 e4g3 h4h2 h1h2 a6b4 f3f4 a5a4 a1c1 b4c2 d1c2 f7f6 b3b4 f8b4 a2a3 c7c6 c1a1 h7h5 a1a2 b4d2 c2d2 e8d8 b2d4 g8h6 h2h4 h8e8 d4f6 d8c7 e3e4 d7d5 a2b2 g7g6 f4f5 h6f5 d2f4 c7d7 b2d2 f5d4 f6d4 e8f8 d4f6 a7a8 f6d4 f8f4 g3h5 f4h4 h5g3 h4f4 g1f3 d7e6 d2e2 b7b5 d4c3 c8a6 f3g5 e6d6 c3d2 f4f1 g3f1 a8f8 e4e5 d6e7 d2b4 e7d8 g5e6 d8c8 b4f8 c8d7 e6c5 d7c8 c5e6 d5d4 e6d4 c8c7 d4e6 c7d7 e6c5 d7d8 e5e6 a6c8 e2d2 d8c7 e6e7 c7b6 c5e4 c8e6 e7e8b e6g8 e8d7 b6c7 e4f6 b5b4 f8b4 g8e6 f6e8 c7b7 e8d6 b7a6 d7e6 a6b6 d6e8 b6a7 e8f6 a7b6 f1e3 b6b7 d2e2 b7b6 e2d2 b6b7 d2b2 b7b6 e6f7 c6c5 b4c3 b6c7 b2c2 c7b6
Warning; Bestmove does not match beginning of last PV - move e1g1 from B
Info; info depth 15 seldepth 20 multipv 1 score cp 832 nodes 99654 nps 331076 hashfull 42 tbhits 0 time 301 pv e5h8 b6b4 b1c3 f7f6 e1g1 b4e7 d2d4 d8e8 g1h1 d7d6 f1e1 b8d7 d4d5 d7e5 f3e5 e7e5
Position; fen rnbqk1nr/pppp1ppp/8/4p3/1b6/P7/2PPPPPP/RNBQKBNR w KQkq - 0 3
Moves; a3b4 g7g6 e2e4 c7c6 c1b2 h7h5 f1e2 d8b6 g1f3 e8e7 b2e5 e7d8
Warning; Bestmove does not match beginning of last PV - move e8h8 from B
Info; info depth 23 seldepth 20 multipv 1 score mate 10 nodes 321381 nps 1071270 hashfull 62 tbhits 0 time 300 pv e8b8 a4a3 e4d3 a3a4 d3c3 a4a5 c3c4 a5a6 c4c5 a6a7 b8b4 a7a8 c5c6 a8a7 b4e4 a7a8 c6b6 a8b8 e4e8
Position; fen rnbqkbnr/1ppp1ppp/8/p3p3/8/2N2P2/PPPPP1PP/R1BQKBNR w KQkq - 0 3
Moves; c3b5 d7d5 b5c7 d8c7 a1b1 f8e7 b1a1 b8c6 c2c3 c8e6 d1b3 g8h6 g2g3 a5a4 b3d5 e6d5 a2a3 f7f6 e2e4 d5e6 h2h3 e6f7 g3g4 e8g8 g4g5 h6f5 g5f6 g7f6 e4f5 f8b8 f1c4 g8h8 c4f7 e7c5 a1a2 c6e7 f7e8 c5f2 e1f2 e7f5 e8a4 a8a4 b2b4 c7c6 b4b5 c6e8 b5b6 a4a8 g1e2 e8f8 e2f4 f5h6 f4g6 h7g6 f3f4 f8g7 f4e5 g6g5 e5e6 h6g8 f2e3 h8h7 h1f1 h7h8 f1f5 b8e8 c1b2 e8e6 e3f2 e6e2 f2e2 a8d8 b2c1 g7f8 d2d4 h8h7 e2f3 h7g6 a3a4 g8h6 a2g2 g6h5 g2g5 f6g5 f5f8 d8f8 f3e3 f8f1 e3d2 h5g6 d2c2 f1f2 c2d3 f2f1 d3c2 f1f2 c2b1 f2f6 a4a5 f6f5 c1g5 g6g5 d4d5 f5d5 a5a6 d5b5 b1c2 b5b6 a6a7 b6a6 h3h4 g5f4 c2d3 a6a4 c3c4 h6f5 c4c5 a4a7 d3c4 a7a8 c4d3 f4f3 d3d2 f3f4 d2d3 f5g3 c5c6 a8a3 d3c2 b7c6 h4h5 g3h5 c2b2 a3e3 b2c2 e3e2 c2b3 h5f6 b3b4 f6h5 b4c5 e2e4 c5c6 e4e8 c6d5 e8e3 d5d4 e3e8 d4d5 f4f5 d5c4 f5e4 c4b5 h5g3 b5a4
Warning; Bestmove does not match beginning of last PV - move h5d5 from B
Info; info depth 32 seldepth 6 multipv 1 score mate 3 nodes 243429 nps 811430 hashfull 53 tbhits 0 time 300 pv e6d5 e1e2 d5f7 e2h5 e4e3
Position; fen rnbqk1nr/pppp1ppp/8/4p3/1b6/P7/2PPPPPP/RNBQKBNR w KQkq - 0 3
Moves; c2c3 b4e7 g2g3 d7d5 g1h3 b8c6 h3f4 h7h5 f4d5 d8d5 f1g2 d5g2 h1f1 f7f6 a3a4 g2e4 f2f3 e4f5 b1a3 f5g6 e2e3 e7f8 e1f2 h5h4 g3h4 a7a6 h2h3 g6f7 a1b1 g8h6 f1g1 h6g8 d1e1 f8e7 a3c2 e5e4 c1a3 e7a3 c2a3 g8e7 a3c2 a8b8 g1g5 e4f3 g5g7 f7g7 f2f3 c6e5 f3f2 b8a8 b1b7 e5d3 f2e2 g7g2 e2d3 g2b7 c2b4 b7f3 a4a5 f3g2 d3c4 g2e4 d2d4 c8e6 c4c5 h8h5 d4d5
Warning; Bestmove does not match beginning of last PV - move d5f4 from B
Info; info depth 18 seldepth 21 multipv 1 score cp 780 nodes 279012 nps 930040 hashfull 112 tbhits 0 time 300 pv e5e4 h4h5 c8a6 b2b4 a6e2 g1e2 e8d7 h1h3 f8d6 b4b5 d8g8 c1a3
Position; fen rnbqkb1r/ppp1pppp/3p1n2/8/4P3/8/PPPPBPPP/RNBQK1NR w KQkq - 0 3
Moves; c2c3 e7e6 e4e5 f6d5 h2h4 d6e5 d1a4 c7c6 a4c6 b7c6 a2a4
Warning; Bestmove does not match beginning of last PV - move d2d4 from B
Info; info depth 13 seldepth 15 multipv 1 score cp 827 nodes 85709 nps 283804 hashfull 36 tbhits 0 time 302 pv e5h8 f7f6 b1c3 b4e7 e4e5 f6e5 h8e5 d7d6 e5d4
Position; fen rnbqk1nr/pppp1ppp/8/4p3/1b6/P7/2PPPPPP/RNBQKBNR w KQkq - 0 3
Moves; a3b4 g7g6 e2e4 c7c6 c1b2 h7h5 f1e2 d8b6 g1f3 e8e7 b2e5 e7d8 e1g1 b6b4
Warning; Bestmove does not match beginning of last PV - move e4f3 from B
Info; info depth 29 seldepth 16 multipv 1 score mate 8 nodes 323389 nps 1077963 hashfull 45 tbhits 0 time 300 pv e4d4 b3b4 h8b8 b4a5 d4c5 a5a4 g3h1 a4a3 c5c4 a3a2 c4c3 a2a1 c3c2 a1a2 b8a8
Position; fen rnbqkbnr/1ppp1ppp/8/p3p3/8/2N2P2/PPPPP1PP/R1BQKBNR w KQkq - 0 3
Moves; c3b5 d7d5 b5c7 d8c7 a1b1 f8e7 b1a1 b8c6 c2c3 c8e6 d1b3 g8h6 g2g3 a5a4 b3d5 e6d5 a2a3 f7f6 e2e4 d5e6 h2h3 e6f7 g3g4 e8g8 g4g5 h6f5 g5f6 g7f6 e4f5 f8b8 f1c4 g8h8 c4f7 e7c5 a1a2 c6e7 f7e8 c5f2 e1f2 e7f5 e8a4 a8a4 b2b4 c7c6 b4b5 c6e8 b5b6 a4a8 g1e2 e8f8 e2f4 f5h6 f4g6 h7g6 f3f4 f8g7 f4e5 g6g5 e5e6 h6g8 f2e3 h8h7 h1f1 h7h8 f1f5 b8e8 c1b2 e8e6 e3f2 e6e2 f2e2 a8d8 b2c1 g7f8 d2d4 h8h7 e2f3 h7g6 a3a4 g8h6 a2g2 g6h5 g2g5 f6g5 f5f8 d8f8 f3e3 f8f1 e3d2 h5g6 d2c2 f1f2 c2d3 f2f1 d3c2 f1f2 c2b1 f2f6 a4a5 f6f5 c1g5 g6g5 d4d5 f5d5 a5a6 d5b5 b1c2 b5b6 a6a7 b6a6 h3h4 g5f4 c2d3 a6a4 c3c4 h6f5 c4c5 a4a7 d3c4 a7a8 c4d3 f4f3 d3d2 f3f4 d2d3 f5g3 c5c6 a8a3 d3c2 b7c6 h4h5 g3h5 c2b2 a3e3 b2c2 e3e2 c2b3 h5f6 b3b4 f6h5 b4c5 e2e4 c5c6 e4e8 c6d5 e8e3 d5d4 e3e8 d4d5 f4f5 d5c4 f5e4 c4b5 h5g3 b5a4 e8h8 a4b3
Warning; Bestmove does not match beginning of last PV - move a8b8 from B
Info; info depth 245 seldepth 4 multipv 1 score mate 2 nodes 71497 nps 2166575 hashfull 0 tbhits 0 time 33 pv d5c4 b4a3 c4b3
Position; fen rnbqk1nr/pppp1ppp/8/4p3/1b6/P7/2PPPPPP/RNBQKBNR w KQkq - 0 3
Moves; c2c3 b4e7 g2g3 d7d5 g1h3 b8c6 h3f4 h7h5 f4d5 d8d5 f1g2 d5g2 h1f1 f7f6 a3a4 g2e4 f2f3 e4f5 b1a3 f5g6 e2e3 e7f8 e1f2 h5h4 g3h4 a7a6 h2h3 g6f7 a1b1 g8h6 f1g1 h6g8 d1e1 f8e7 a3c2 e5e4 c1a3 e7a3 c2a3 g8e7 a3c2 a8b8 g1g5 e4f3 g5g7 f7g7 f2f3 c6e5 f3f2 b8a8 b1b7 e5d3 f2e2 g7g2 e2d3 g2b7 c2b4 b7f3 a4a5 f3g2 d3c4 g2e4 d2d4 c8e6 c4c5 h8h5 d4d5 h5d5 b4d5 e4d5 c5b4
Warning; Bestmove does not match beginning of last PV - move d5b5 from B
Info; info depth 245 seldepth 2 multipv 1 score mate 1 nodes 72935 nps 2210151 hashfull 0 tbhits 0 time 33 pv d5b3
Position; fen rnbqk1nr/pppp1ppp/8/4p3/1b6/P7/2PPPPPP/RNBQKBNR w KQkq - 0 3
Moves; c2c3 b4e7 g2g3 d7d5 g1h3 b8c6 h3f4 h7h5 f4d5 d8d5 f1g2 d5g2 h1f1 f7f6 a3a4 g2e4 f2f3 e4f5 b1a3 f5g6 e2e3 e7f8 e1f2 h5h4 g3h4 a7a6 h2h3 g6f7 a1b1 g8h6 f1g1 h6g8 d1e1 f8e7 a3c2 e5e4 c1a3 e7a3 c2a3 g8e7 a3c2 a8b8 g1g5 e4f3 g5g7 f7g7 f2f3 c6e5 f3f2 b8a8 b1b7 e5d3 f2e2 g7g2 e2d3 g2b7 c2b4 b7f3 a4a5 f3g2 d3c4 g2e4 d2d4 c8e6 c4c5 h8h5 d4d5 h5d5 b4d5 e4d5 c5b4 a8b8 b4a4
Finished game 9 (A vs B): 0-1 {Black mates}
Started game 12 of 16 (B vs A)
Warning; Bestmove does not match beginning of last PV - move d8h4 from B
Info; info depth 17 seldepth 24 multipv 1 score cp 820 nodes 305721 nps 1019070 hashfull 130 tbhits 0 time 300 pv f8e7 g2g3 f4h5 h1h3 h5g3 h3g3 e7h4 e1f1 h4g3 d2d3 g3h4 c1e3 c8a6 b1d2 d8c7
Position; fen rnbqkb1r/ppp1pppp/3p1n2/8/4P3/8/PPPPBPPP/RNBQK1NR w KQkq - 0 3
Moves; c2c3 e7e6 e4e5 f6d5 h2h4 d6e5 d1a4 c7c6 a4c6 b7c6 a2a4 d5f4 f2f3
Warning; Bestmove does not match beginning of last PV - move f7d5 from B
Info; info depth 64 seldepth 6 multipv 1 score mate 3 nodes 779973 nps 2582692 hashfull 40 tbhits 0 time 302 pv f7c4 a6a7 e5b8 a7a8 c4d5
Position; fen rnbqkbnr/1ppp1ppp/8/p3p3/8/2N2P2/PPPPP1PP/R1BQKBNR w KQkq - 0 3
Moves; e2e3 e5e4 c3e4 a8a7 b2b3 b8a6 c1b2 d8h4 e4g3 h4h2 h1h2 a6b4 f3f4 a5a4 a1c1 b4c2 d1c2 f7f6 b3b4 f8b4 a2a3 c7c6 c1a1 h7h5 a1a2 b4d2 c2d2 e8d8 b2d4 g8h6 h2h4 h8e8 d4f6 d8c7 e3e4 d7d5 a2b2 g7g6 f4f5 h6f5 d2f4 c7d7 b2d2 f5d4 f6d4 e8f8 d4f6 a7a8 f6d4 f8f4 g3h5 f4h4 h5g3 h4f4 g1f3 d7e6 d2e2 b7b5 d4c3 c8a6 f3g5 e6d6 c3d2 f4f1 g3f1 a8f8 e4e5 d6e7 d2b4 e7d8 g5e6 d8c8 b4f8 c8d7 e6c5 d7c8 c5e6 d5d4 e6d4 c8c7 d4e6 c7d7 e6c5 d7d8 e5e6 a6c8 e2d2 d8c7 e6e7 c7b6 c5e4 c8e6 e7e8b e6g8 e8d7 b6c7 e4f6 b5b4 f8b4 g8e6 f6e8 c7b7 e8d6 b7a6 d7e6 a6b6 d6e8 b6a7 e8f6 a7b6 f1e3 b6b7 d2e2 b7b6 e2d2 b6b7 d2b2 b7b6 e6f7 c6c5 b4c3 b6c7 b2c2 c7b6 c3e5 b6b7 c2b2 b7a6
Warning; Bestmove does not match beginning of last PV - move d2d3 from B
Info; info depth 11 seldepth 14 multipv 1 score cp 19 nodes 57104 nps 190346 hashfull 18 tbhits 0 time 300 pv c2c3 e7e5 g1f3 f8e7 e1g1 c7c5 d2d4 e5d4 c3d4
Position; fen rnbqkb1r/ppp1pppp/3p1n2/8/4P3/8/PPPPBPPP/RNBQK1NR w KQkq - 0 3
Moves; 
Warning; Bestmove does not match beginning of last PV - move h8h6 from B
Info; info depth 31 seldepth 31 multipv 1 score mate 11 nodes 379797 nps 1265990 hashfull 66 tbhits 0 time 300 pv f3e4 c2c3 h8c8 c3b4 e4d5 b4b3 d5d4 b3b4 c8b8 b4a5 d4c5 a5a4 g3h1 a4a3 c5c4 a3a2 c4c3 a2a1 c3c2 a1a2 b8a8
Position; fen rnbqkbnr/1ppp1ppp/8/p3p3/8/2N2P2/PPPPP1PP/R1BQKBNR w KQkq - 0 3
Moves; c3b5 d7d5 b5c7 d8c7 a1b1 f8e7 b1a1 b8c6 c2c3 c8e6 d1b3 g8h6 g2g3 a5a4 b3d5 e6d5 a2a3 f7f6 e2e4 d5e6 h2h3 e6f7 g3g4 e8g8 g4g5 h6f5 g5f6 g7f6 e4f5 f8b8 f1c4 g8h8 c4f7 e7c5 a1a2 c6e7 f7e8 c5f2 e1f2 e7f5 e8a4 a8a4 b2b4 c7c6 b4b5 c6e8 b5b6 a4a8 g1e2 e8f8 e2f4 f5h6 f4g6 h7g6 f3f4 f8g7 f4e5 g6g5 e5e6 h6g8 f2e3 h8h7 h1f1 h7h8 f1f5 b8e8 c1b2 e8e6 e3f2 e6e2 f2e2 a8d8 b2c1 g7f8 d2d4 h8h7 e2f3 h7g6 a3a4 g8h6 a2g2 g6h5 g2g5 f6g5 f5f8 d8f8 f3e3 f8f1 e3d2 h5g6 d2c2 f1f2 c2d3 f2f1 d3c2 f1f2 c2b1 f2f6 a4a5 f6f5 c1g5 g6g5 d4d5 f5d5 a5a6 d5b5 b1c2 b5b6 a6a7 b6a6 h3h4 g5f4 c2d3 a6a4 c3c4 h6f5 c4c5 a4a7 d3c4 a7a8 c4d3 f4f3 d3d2 f3f4 d2d3 f5g3 c5c6 a8a3 d3c2 b7c6 h4h5 g3h5 c2b2 a3e3 b2c2 e3e2 c2b3 h5f6 b3b4 f6h5 b4c5 e2e4 c5c6 e4e8 c6d5 e8e3 d5d4 e3e8 d4d5 f4f5 d5c4 f5e4 c4b5 h5g3 b5a4 e8h8 a4b3 e4f3 b3c2
Warning; Bestmove does not match beginning of last PV - move c2c4 from B
Info; info depth 15 seldepth 16 multipv 1 score cp 892 nodes 75517 nps 250056 hashfull 27 tbhits 0 time 302 pv b1d2 h5h4 d2c4 d7d6 c4b6 d6e5 d4e5 d8e8 b6a8 c8g4
Position; fen rnbqk1nr/pppp1ppp/8/4p3/1b6/P7/2PPPPPP/RNBQKBNR w KQkq - 0 3
Moves; a3b4 g7g6 e2e4 c7c6 c1b2 h7h5 f1e2 d8b6 g1f3 e8e7 b2e5 e7d8 e1g1 b6b4 d2d4 b4b6
Warning; Bestmove does not match beginning of last PV - move f6d7 from B
Info; info depth 245 seldepth 6 multipv 1 score mate 3 nodes 720177 nps 2939497 hashfull 3 tbhits 0 time 245 pv d5c4 g6g5 e5b8 a7a8 c4d5
Position; fen rnbqkbnr/1ppp1ppp/8/p3p3/8/2N2P2/PPPPP1PP/R1BQKBNR w KQkq - 0 3
Moves; e2e3 e5e4 c3e4 a8a7 b2b3 b8a6 c1b2 d8h4 e4g3 h4h2 h1h2 a6b4 f3f4 a5a4 a1c1 b4c2 d1c2 f7f6 b3b4 f8b4 a2a3 c7c6 c1a1 h7h5 a1a2 b4d2 c2d2 e8d8 b2d4 g8h6 h2h4 h8e8 d4f6 d8c7 e3e4 d7d5 a2b2 g7g6 f4f5 h6f5 d2f4 c7d7 b2d2 f5d4 f6d4 e8f8 d4f6 a7a8 f6d4 f8f4 g3h5 f4h4 h5g3 h4f4 g1f3 d7e6 d2e2 b7b5 d4c3 c8a6 f3g5 e6d6 c3d2 f4f1 g3f1 a8f8 e4e5 d6e7 d2b4 e7d8 g5e6 d8c8 b4f8 c8d7 e6c5 d7c8 c5e6 d5d4 e6d4 c8c7 d4e6 c7d7 e6c5 d7d8 e5e6 a6c8 e2d2 d8c7 e6e7 c7b6 c5e4 c8e6 e7e8b e6g8 e8d7 b6c7 e4f6 b5b4 f8b4 g8e6 f6e8 c7b7 e8d6 b7a6 d7e6 a6b6 d6e8 b6a7 e8f6 a7b6 f1e3 b6b7 d2e2 b7b6 e2d2 b6b7 d2b2 b7b6 e6f7 c6c5 b4c3 b6c7 b2c2 c7b6 c3e5 b6b7 c2b2 b7a6 f7d5 a6a7
Warning; Bestmove does not match beginning of last PV - move c8a6 from B
Info; info depth 16 seldepth 20 multipv 1 score cp 637 nodes 105252 nps 350840 hashfull 42 tbhits 0 time 300 pv f4g2 e1d1 g2h4 b2b4 h7h5 b1a3 h4f5 d1c2 b8d7 e2f1 a7a5
Position; fen rnbqkb1r/ppp1pppp/3p1n2/8/4P3/8/PPPPBPPP/RNBQK1NR w KQkq - 0 3
Moves; c2c3 e7e6 e4e5 f6d5 h2h4 d6e5 d1a4 c7c6 a4c6 b7c6 a2a4 d5f4 f2f3 d8h4 h1h4
Warning; Bestmove does not match beginning of last PV - move g1f3 from B
Info; info depth 13 seldepth 19 multipv 1 score cp 39 nodes 61228 nps 203415 hashfull 20 tbhits 0 time 301 pv f2f4 c7c5 g1f3 f8e7 a2a4 b8c6 e1g1 b7b6 d1e1 e8g8 b1a3 a8b8
Position; fen rnbqkb1r/ppp1pppp/3p1n2/8/4P3/8/PPPPBPPP/RNBQK1NR w KQkq - 0 3
Moves; d2d3 e7e6
Warning; Bestmove does not match beginning of last PV - move e5d4 from B
Info; info depth 245 seldepth 4 multipv 1 score mate 2 nodes 85319 nps 2080951 hashfull 1 tbhits 0 time 41 pv d7b8 c4c3 e5d4
Position; fen rnbqkbnr/1ppp1ppp/8/p3p3/8/2N2P2/PPPPP1PP/R1BQKBNR w KQkq - 0 3
Moves; e2e3 e5e4 c3e4 a8a7 b2b3 b8a6 c1b2 d8h4 e4g3 h4h2 h1h2 a6b4 f3f4 a5a4 a1c1 b4c2 d1c2 f7f6 b3b4 f8b4 a2a3 c7c6 c1a1 h7h5 a1a2 b4d2 c2d2 e8d8 b2d4 g8h6 h2h4 h8e8 d4f6 d8c7 e3e4 d7d5 a2b2 g7g6 f4f5 h6f5 d2f4 c7d7 b2d2 f5d4 f6d4 e8f8 d4f6 a7a8 f6d4 f8f4 g3h5 f4h4 h5g3 h4f4 g1f3 d7e6 d2e2 b7b5 d4c3 c8a6 f3g5 e6d6 c3d2 f4f1 g3f1 a8f8 e4e5 d6e7 d2b4 e7d8 g5e6 d8c8 b4f8 c8d7 e6c5 d7c8 c5e6 d5d4 e6d4 c8c7 d4e6 c7d7 e6c5 d7d8 e5e6 a6c8 e2d2 d8c7 e6e7 c7b6 c5e4 c8e6 e7e8b e6g8 e8d7 b6c7 e4f6 b5b4 f8b4 g8e6 f6e8 c7b7 e8d6 b7a6 d7e6 a6b6 d6e8 b6a7 e8f6 a7b6 f1e3 b6b7 d2e2 b7b6 e2d2 b6b7 d2b2 b7b6 e6f7 c6c5 b4c3 b6c7 b2c2 c7b6 c3e5 b6b7 c2b2 b7a6 f7d5 a6a7 f6d7 c5c4
Warning; Bestmove does not match beginning of last PV - move h6g6 from B
Info; info depth 31 seldepth 20 multipv 1 score mate 10 nodes 381299 nps 1270996 hashfull 53 tbhits 0 time 300 pv h6h4 d3d2 f3e4 d2c3 e4e3 c3c2 h4c4 c2b2 e3d2 b2b3 c4d4 b3b2 d4d3 b2a1 d2c2 a1a2 g3h1 a2a1 d3a3
Position; fen rnbqkbnr/1ppp1ppp/8/p3p3/8/2N2P2/PPPPP1PP/R1BQKBNR w KQkq - 0 3
Moves; c3b5 d7d5 b5c7 d8c7 a1b1 f8e7 b1a1 b8c6 c2c3 c8e6 d1b3 g8h6 g2g3 a5a4 b3d5 e6d5 a2a3 f7f6 e2e4 d5e6 h2h3 e6f7 g3g4 e8g8 g4g5 h6f5 g5f6 g7f6 e4f5 f8b8 f1c4 g8h8 c4f7 e7c5 a1a2 c6e7 f7e8 c5f2 e1f2 e7f5 e8a4 a8a4 b2b4 c7c6 b4b5 c6e8 b5b6 a4a8 g1e2 e8f8 e2f4 f5h6 f4g6 h7g6 f3f4 f8g7 f4e5 g6g5 e5e6 h6g8 f2e3 h8h7 h1f1 h7h8 f1f5 b8e8 c1b2 e8e6 e3f2 e6e2 f2e2 a8d8 b2c1 g7f8 d2d4 h8h7 e2f3 h7g6 a3a4 g8h6 a2g2 g6h5 g2g5 f6g5 f5f8 d8f8 f3e3 f8f1 e3d2 h5g6 d2c2 f1f2 c2d3 f2f1 d3c2 f1f2 c2b1 f2f6 a4a5 f6f5 c1g5 g6g5 d4d5 f5d5 a5a6 d5b5 b1c2 b5b6 a6a7 b6a6 h3h4 g5f4 c2d3 a6a4 c3c4 h6f5 c4c5 a4a7 d3c4 a7a8 c4d3 f4f3 d3d2 f3f4 d2d3 f5g3 c5c6 a8a3 d3c2 b7c6 h4h5 g3h5 c2b2 a3e3 b2c2 e3e2 c2b3 h5f6 b3b4 f6h5 b4c5 e2e4 c5c6 e4e8 c6d5 e8e3 d5d4 e3e8 d4d5 f4f5 d5c4 f5e4 c4b5 h5g3 b5a4 e8h8 a4b3 e4f3 b3c2 h8h6 c2d3
Warning; Bestmove does not match beginning of last PV - move d5c4 from B
Info; info depth 245 seldepth 4 multipv 1 score mate 2 nodes 74881 nps 2080027 hashfull 2 tbhits 0 time 36 pv d7b8 a6a5 e3c4
Position; fen rnbqkbnr/1ppp1ppp/8/p3p3/8/2N2P2/PPPPP1PP/R1BQKBNR w KQkq - 0 3
Moves; e2e3 e5e4 c3e4 a8a7 b2b3 b8a6 c1b2 d8h4 e4g3 h4h2 h1h2 a6b4 f3f4 a5a4 a1c1 b4c2 d1c2 f7f6 b3b4 f8b4 a2a3 c7c6 c1a1 h7h5 a1a2 b4d2 c2d2 e8d8 b2d4 g8h6 h2h4 h8e8 d4f6 d8c7 e3e4 d7d5 a2b2 g7g6 f4f5 h6f5 d2f4 c7d7 b2d2 f5d4 f6d4 e8f8 d4f6 a7a8 f6d4 f8f4 g3h5 f4h4 h5g3 h4f4 g1f3 d7e6 d2e2 b7b5 d4c3 c8a6 f3g5 e6d6 c3d2 f4f1 g3f1 a8f8 e4e5 d6e7 d2b4 e7d8 g5e6 d8c8 b4f8 c8d7 e6c5 d7c8 c5e6 d5d4 e6d4 c8c7 d4e6 c7d7 e6c5 d7d8 e5e6 a6c8 e2d2 d8c7 e6e7 c7b6 c5e4 c8e6 e7e8b e6g8 e8d7 b6c7 e4f6 b5b4 f8b4 g8e6 f6e8 c7b7 e8d6 b7a6 d7e6 a6b6 d6e8 b6a7 e8f6 a7b6 f1e3 b6b7 d2e2 b7b6 e2d2 b6b7 d2b2 b7b6 e6f7 c6c5 b4c3 b6c7 b2c2 c7b6 c3e5 b6b7 c2b2 b7a6 f7d5 a6a7 f6d7 c5c4 e5d4 a7a6
Warning; Bestmove does not match beginning of last PV - move d4c3 from B
Info; info depth 245 seldepth 2 multipv 1 score mate 1 nodes 70470 nps 2202187 hashfull 3 tbhits 0 time 32 pv d4b6
Position; fen rnbqkbnr/1ppp1ppp/8/p3p3/8/2N2P2/PPPPP1PP/R1BQKBNR w KQkq - 0 3
Moves; e2e3 e5e4 c3e4 a8a7 b2b3 b8a6 c1b2 d8h4 e4g3 h4h2 h1h2 a6b4 f3f4 a5a4 a1c1 b4c2 d1c2 f7f6 b3b4 f8b4 a2a3 c7c6 c1a1 h7h5 a1a2 b4d2 c2d2 e8d8 b2d4 g8h6 h2h4 h8e8 d4f6 d8c7 e3e4 d7d5 a2b2 g7g6 f4f5 h6f5 d2f4 c7d7 b2d2 f5d4 f6d4 e8f8 d4f6 a7a8 f6d4 f8f4 g3h5 f4h4 h5g3 h4f4 g1f3 d7e6 d2e2 b7b5 d4c3 c8a6 f3g5 e6d6 c3d2 f4f1 g3f1 a8f8 e4e5 d6e7 d2b4 e7d8 g5e6 d8c8 b4f8 c8d7 e6c5 d7c8 c5e6 d5d4 e6d4 c8c7 d4e6 c7d7 e6c5 d7d8 e5e6 a6c8 e2d2 d8c7 e6e7 c7b6 c5e4 c8e6 e7e8b e6g8 e8d7 b6c7 e4f6 b5b4 f8b4 g8e6 f6e8 c7b7 e8d6 b7a6 d7e6 a6b6 d6e8 b6a7 e8f6 a7b6 f1e3 b6b7 d2e2 b7b6 e2d2 b6b7 d2b2 b7b6 e6f7 c6c5 b4c3 b6c7 b2c2 c7b6 c3e5 b6b7 c2b2 b7a6 f7d5 a6a7 f6d7 c5c4 e5d4 a7a6 d5c4 a6a5
Finished game 6 (B vs A): 1-0 {White mates}
Started game 13 of 16 (A vs B)
Warning; Bestmove does not match beginning of last PV - move a6d3 from B
Info; info depth 14 seldepth 20 multipv 1 score cp 304 nodes 59895 nps 198986 hashfull 22 tbhits 0 time 301 pv f8e7 h4h1 a6f1 e1f1 f4d3 b1a3 e7a3 b2a3 b8d7 g1h3 d7c5 h3f2 a8b8 f2d3 c5d3 f1e2
Position; fen rnbqkb1r/ppp1pppp/3p1n2/8/4P3/8/PPPPBPPP/RNBQK1NR w KQkq - 0 3
Moves; c2c3 e7e6 e4e5 f6d5 h2h4 d6e5 d1a4 c7c6 a4c6 b7c6 a2a4 d5f4 f2f3 d8h4 h1h4 c8a6 e2f1
Warning; Bestmove does not match beginning of last PV - move g3h1 from B
Info; info depth 28 seldepth 24 multipv 1 score mate 12 nodes 335331 nps 1117770 hashfull 44 tbhits 0 time 300 pv g6g5 d4d3 g5d5 d3c3 f3e3 c3c4 d5e5 c4c3 e5e4 c3c2 e4c4 c2b2 e3d2 b2b3 c4d4 b3b2 d4d3 b2a1 d2c2 a1a2 g3h1 a2a1 d3a3
Position; fen rnbqkbnr/1ppp1ppp/8/p3p3/8/2N2P2/PPPPP1PP/R1BQKBNR w KQkq - 0 3
Moves; c3b5 d7d5 b5c7 d8c7 a1b1 f8e7 b1a1 b8c6 c2c3 c8e6 d1b3 g8h6 g2g3 a5a4 b3d5 e6d5 a2a3 f7f6 e2e4 d5e6 h2h3 e6f7 g3g4 e8g8 g4g5 h6f5 g5f6 g7f6 e4f5 f8b8 f1c4 g8h8 c4f7 e7c5 a1a2 c6e7 f7e8 c5f2 e1f2 e7f5 e8a4 a8a4 b2b4 c7c6 b4b5 c6e8 b5b6 a4a8 g1e2 e8f8 e2f4 f5h6 f4g6 h7g6 f3f4 f8g7 f4e5 g6g5 e5e6 h6g8 f2e3 h8h7 h1f1 h7h8 f1f5 b8e8 c1b2 e8e6 e3f2 e6e2 f2e2 a8d8 b2c1 g7f8 d2d4 h8h7 e2f3 h7g6 a3a4 g8h6 a2g2 g6h5 g2g5 f6g5 f5f8 d8f8 f3e3 f8f1 e3d2 h5g6 d2c2 f1f2 c2d3 f2f1 d3c2 f1f2 c2b1 f2f6 a4a5 f6f5 c1g5 g6g5 d4d5 f5d5 a5a6 d5b5 b1c2 b5b6 a6a7 b6a6 h3h4 g5f4 c2d3 a6a4 c3c4 h6f5 c4c5 a4a7 d3c4 a7a8 c4d3 f4f3 d3d2 f3f4 d2d3 f5g3 c5c6 a8a3 d3c2 b7c6 h4h5 g3h5 c2b2 a3e3 b2c2 e3e2 c2b3 h5f6 b3b4 f6h5 b4c5 e2e4 c5c6 e4e8 c6d5 e8e3 d5d4 e3e8 d4d5 f4f5 d5c4 f5e4 c4b5 h5g3 b5a4 e8h8 a4b3 e4f3 b3c2 h8h6 c2d3 h6g6 d3d4
Warning; Bestmove does not match beginning of last PV - move d4d5 from B
Info; info depth 16 seldepth 21 multipv 1 score cp 891 nodes 109637 nps 364242 hashfull 38 tbhits 0 time 301 pv b1d2 f5e4 d2e4 d7d5 c5d6 b2a1 d1a1 c8f5 e5h8 f5e4 g1h1
Position; fen rnbqk1nr/pppp1ppp/8/4p3/1b6/P7/2PPPPPP/RNBQKBNR w KQkq - 0 3
Moves; a3b4 g7g6 e2e4 c7c6 c1b2 h7h5 f1e2 d8b6 g1f3 e8e7 b2e5 e7d8 e1g1 b6b4 d2d4 b4b6 c2c4 f7f5 c4c5 b6b2
Warning; Bestmove does not match beginning of last PV - move g7g5 from B
Info; info depth 17 seldepth 20 multipv 1 score cp 566 nodes 110469 nps 368230 hashfull 37 tbhits 0 time 300 pv d3f1 b2b4 g7g5 h4h2 f1d3 g1h3 d3a6 h3f4 e5f4 b4b5
Position; fen rnbqkb1r/ppp1pppp/3p1n2/8/4P3/8/PPPPBPPP/RNBQK1NR w KQkq - 0 3
Moves; c2c3 e7e6 e4e5 f6d5 h2h4 d6e5 d1a4 c7c6 a4c6 b7c6 a2a4 d5f4 f2f3 d8h4 h1h4 c8a6 e2f1 a6d3 e1d1
Warning; Bestmove does not match beginning of last PV - move d1c2 from B
Info; info depth 12 seldepth 16 multipv 1 score cp 73 nodes 80737 nps 268229 hashfull 26 tbhits 0 time 301 pv b1c3 f8g7 d3d4 e8g8 c1f4 f6g4 h2h3 e6e5 f4d2 e5d4 f3d4 g4f6
Position; fen rnbqkb1r/ppp1pppp/3p1n2/8/4P3/8/PPPPBPPP/RNBQK1NR w KQkq - 0 3
Moves; d2d3 e7e6 g1f3 g7g6 c2c4 h7h6
Warning; Bestmove does not match beginning of last PV - move e5c7 from B
Info; info depth 16 seldepth 22 multipv 1 score cp 945 nodes 110630 nps 367541 hashfull 41 tbhits 0 time 301 pv d1e2 d7d6 e5h8 h5h4 f1e1 h4h3 g2h3 b8a6 d5c6 a6c5 e2d1 f5e4 d1d6 d8e8 d6g6 e8d8
Position; fen rnbqk1nr/pppp1ppp/8/4p3/1b6/P7/2PPPPPP/RNBQKBNR w KQkq - 0 3
Moves; a3b4 g7g6 e2e4 c7c6 c1b2 h7h5 f1e2 d8b6 g1f3 e8e7 b2e5 e7d8 e1g1 b6b4 d2d4 b4b6 c2c4 f7f5 c4c5 b6b2 d4d5 b2e2
Warning; Bestmove does not match beginning of last PV - move c7c6 from B
Info; info depth 16 seldepth 17 multipv 1 score cp 554 nodes 78149 nps 260496 hashfull 29 tbhits 0 time 300 pv a8b8 b1c3 g8f6 c1b2 a6b4 e1d1 e7e5 a2a3
Position; fen rnbqkbnr/p1ppppp1/B6p/1p6/8/4P3/PPPP1PPP/RNBQK1NR w KQkq - 0 3
Moves; d1f3 b8a6 b2b4
Warning; Bestmove does not match beginning of last PV - move g6g3 from B
Info; info depth 33 seldepth 41 multipv 1 score mate 12 nodes 414607 nps 1382023 hashfull 75 tbhits 0 time 300 pv f4e4 c5c4 g6g5 c4c3 g5c5 c3b4 e4d4 b4b3 d4d3 b3b4 c5d5 b4b3 d5b5 b3a4 d3c4 a4a3 c4c3 a3a2 b5g5 a2b1 g5a5 b1c1 a5a1
Position; fen rnbqkbnr/1ppp1ppp/8/p3p3/8/2N2P2/PPPPP1PP/R1BQKBNR w KQkq - 0 3
Moves; c3b5 d7d5 b5c7 d8c7 a1b1 f8e7 b1a1 b8c6 c2c3 c8e6 d1b3 g8h6 g2g3 a5a4 b3d5 e6d5 a2a3 f7f6 e2e4 d5e6 h2h3 e6f7 g3g4 e8g8 g4g5 h6f5 g5f6 g7f6 e4f5 f8b8 f1c4 g8h8 c4f7 e7c5 a1a2 c6e7 f7e8 c5f2 e1f2 e7f5 e8a4 a8a4 b2b4 c7c6 b4b5 c6e8 b5b6 a4a8 g1e2 e8f8 e2f4 f5h6 f4g6 h7g6 f3f4 f8g7 f4e5 g6g5 e5e6 h6g8 f2e3 h8h7 h1f1 h7h8 f1f5 b8e8 c1b2 e8e6 e3f2 e6e2 f2e2 a8d8 b2c1 g7f8 d2d4 h8h7 e2f3 h7g6 a3a4 g8h6 a2g2 g6h5 g2g5 f6g5 f5f8 d8f8 f3e3 f8f1 e3d2 h5g6 d2c2 f1f2 c2d3 f2f1 d3c2 f1f2 c2b1 f2f6 a4a5 f6f5 c1g5 g6g5 d4d5 f5d5 a5a6 d5b5 b1c2 b5b6 a6a7 b6a6 h3h4 g5f4 c2d3 a6a4 c3c4 h6f5 c4c5 a4a7 d3c4 a7a8 c4d3 f4f3 d3d2 f3f4 d2d3 f5g3 c5c6 a8a3 d3c2 b7c6 h4h5 g3h5 c2b2 a3e3 b2c2 e3e2 c2b3 h5f6 b3b4 f6h5 b4c5 e2e4 c5c6 e4e8 c6d5 e8e3 d5d4 e3e8 d4d5 f4f5 d5c4 f5e4 c4b5 h5g3 b5a4 e8h8 a4b3 e4f3 b3c2 h8h6 c2d3 h6g6 d3d4 g3h1 d4d5 f3f4 d5c5
Warning; Bestmove does not match beginning of last PV - move d5d6 from B
Info; info depth 16 seldepth 31 multipv 1 score cp 938 nodes 200396 nps 667986 hashfull 81 tbhits 0 time 300 pv d1e2 g8f6 e2b2 d7d6 c7d6 e7f7 f3g5 f7g8 f1e1
Position; fen rnbqk1nr/pppp1ppp/8/4p3/1b6/P7/2PPPPPP/RNBQKBNR w KQkq - 0 3
Moves; a3b4 g7g6 e2e4 c7c6 c1b2 h7h5 f1e2 d8b6 g1f3 e8e7 b2e5 e7d8 e1g1 b6b4 d2d4 b4b6 c2c4 f7f5 c4c5 b6b2 d4d5 b2e2 e5c7 d8e7
Warning; Bestmove does not match beginning of last PV - move d7d5 from B
Info; info depth 16 seldepth 18 multipv 1 score cp 519 nodes 116369 nps 386607 hashfull 41 tbhits 0 time 301 pv a6b4 b1a3 g8f6 e1c1 e7e5 g1e2
Position; fen rnbqkbnr/p1ppppp1/B6p/1p6/8/4P3/PPPP1PPP/RNBQK1NR w KQkq - 0 3
Moves; d1f3 b8a6 b2b4 c7c6 c1b2
Warning; Bestmove does not match beginning of last PV - move h4g3 from B
Info; info depth 18 seldepth 22 multipv 1 score cp 792 nodes 226296 nps 751813 hashfull 87 tbhits 0 time 301 pv d3f1 d1e1 f1d3 g3f4 h8g8 g1h3 b8d7 b1a3 f7f6 f4e5 d7e5 f3f4 e5d7 b2b4
Position; fen rnbqkb1r/ppp1pppp/3p1n2/8/4P3/8/PPPPBPPP/RNBQK1NR w KQkq - 0 3
Moves; c2c3 e7e6 e4e5 f6d5 h2h4 d6e5 d1a4 c7c6 a4c6 b7c6 a2a4 d5f4 f2f3 d8h4 h1h4 c8a6 e2f1 a6d3 e1d1 g7g5 g2g3 g5h4 a4a5
Warning; Bestmove does not match beginning of last PV - move c1e3 from B
Info; info depth 12 seldepth 19 multipv 1 score cp 193 nodes 76745 nps 254122 hashfull 23 tbhits 0 time 302 pv d3d4 c5d4 f3d4 e7e8 c1e3 e6e5 d4b5
Position; fen rnbqkb1r/ppp1pppp/3p1n2/8/4P3/8/PPPPBPPP/RNBQK1NR w KQkq - 0 3
Moves; d2d3 e7e6 g1f3 g7g6 c2c4 h7h6 d1c2 c7c5 b1c3 e8e7
Warning; Bestmove does not match beginning of last PV - move d1e2 from B
Info; info depth 18 seldepth 18 multipv 1 score mate 9 nodes 210710 nps 702366 hashfull 76 tbhits 0 time 300 pv f3g5 e6f6 d1d4 f6g5 f2f4 g5h4 c7d8 g8e7 d8e7 g6g5 e7g5 h4g4 h2h3 g4g3 a1a3 e2e3 a3e3
Position; fen rnbqk1nr/pppp1ppp/8/4p3/1b6/P7/2PPPPPP/RNBQKBNR w KQkq - 0 3
Moves; a3b4 g7g6 e2e4 c7c6 c1b2 h7h5 f1e2 d8b6 g1f3 e8e7 b2e5 e7d8 e1g1 b6b4 d2d4 b4b6 c2c4 f7f5 c4c5 b6b2 d4d5 b2e2 e5c7 d8e7 d5d6 e7e6
Warning; Bestmove does not match beginning of last PV - move g8f6 from B
Info; info depth 15 seldepth 22 multipv 1 score cp 530 nodes 95817 nps 318328 hashfull 35 tbhits 0 time 301 pv a6c7 a2a4 a7a6 c3e2 g8f6 a4b5 c6b5 e2d4
Position; fen rnbqkbnr/p1ppppp1/B6p/1p6/8/4P3/PPPP1PPP/RNBQK1NR w KQkq - 0 3
Moves; d1f3 b8a6 b2b4 c7c6 c1b2 d7d5 b1c3
Warning; Bestmove does not match beginning of last PV - move d3b5 from B
Info; info depth 17 seldepth 23 multipv 1 score cp 863 nodes 202604 nps 675346 hashfull 75 tbhits 0 time 300 pv b8d7 b1a3 f8c5 a3c4 f4h3 g1h3 d3c4 d2d4 c4d5 d4c5 d5f3 d1d2 d7c5
Position; fen rnbqkb1r/ppp1pppp/3p1n2/8/4P3/8/PPPPBPPP/RNBQK1NR w KQkq - 0 3
Moves; c2c3 e7e6 e4e5 f6d5 h2h4 d6e5 d1a4 c7c6 a4c6 b7c6 a2a4 d5f4 f2f3 d8h4 h1h4 c8a6 e2f1 a6d3 e1d1 g7g5 g2g3 g5h4 a4a5 h4g3 f1h3
Warning; Bestmove does not match beginning of last PV - move e5f5 from B
Info; info depth 38 seldepth 22 multipv 1 score mate 11 nodes 360659 nps 1202196 hashfull 69 tbhits 0 time 300 pv g3g4 c5c6 g4c4 c6b5 e5d5 b5b6 d5d6 b6b5 c4f4 b5b6 f4b4 b6a5 d6c5 a5a6 c5c6 a6a7 b4a4 a7b8 h1g3 b8c8 a4a8
Position; fen rnbqkbnr/1ppp1ppp/8/p3p3/8/2N2P2/PPPPP1PP/R1BQKBNR w KQkq - 0 3
Moves; c3b5 d7d5 b5c7 d8c7 a1b1 f8e7 b1a1 b8c6 c2c3 c8e6 d1b3 g8h6 g2g3 a5a4 b3d5 e6d5 a2a3 f7f6 e2e4 d5e6 h2h3 e6f7 g3g4 e8g8 g4g5 h6f5 g5f6 g7f6 e4f5 f8b8 f1c4 g8h8 c4f7 e7c5 a1a2 c6e7 f7e8 c5f2 e1f2 e7f5 e8a4 a8a4 b2b4 c7c6 b4b5 c6e8 b5b6 a4a8 g1e2 e8f8 e2f4 f5h6 f4g6 h7g6 f3f4 f8g7 f4e5 g6g5 e5e6 h6g8 f2e3 h8h7 h1f1 h7h8 f1f5 b8e8 c1b2 e8e6 e3f2 e6e2 f2e2 a8d8 b2c1 g7f8 d2d4 h8h7 e2f3 h7g6 a3a4 g8h6 a2g2 g6h5 g2g5 f6g5 f5f8 d8f8 f3e3 f8f1 e3d2 h5g6 d2c2 f1f2 c2d3 f2f1 d3c2 f1f2 c2b1 f2f6 a4a5 f6f5 c1g5 g6g5 d4d5 f5d5 a5a6 d5b5 b1c2 b5b6 a6a7 b6a6 h3h4 g5f4 c2d3 a6a4 c3c4 h6f5 c4c5 a4a7 d3c4 a7a8 c4d3 f4f3 d3d2 f3f4 d2d3 f5g3 c5c6 a8a3 d3c2 b7c6 h4h5 g3h5 c2b2 a3e3 b2c2 e3e2 c2b3 h5f6 b3b4 f6h5 b4c5 e2e4 c5c6 e4e8 c6d5 e8e3 d5d4 e3e8 d4d5 f4f5 d5c4 f5e4 c4b5 h5g3 b5a4 e8h8 a4b3 e4f3 b3c2 h8h6 c2d3 h6g6 d3d4 g3h1 d4d5 f3f4 d5c5 g6g3 c5c6 f4e5 c6c5
Warning; Bestmove does not match beginning of last PV - move c6d5 from B
Info; info depth 16 seldepth 23 multipv 1 score cp 591 nodes 110356 nps 366631 hashfull 54 tbhits 0 time 301 pv d8d5 a2a3 h6h5 d2d3 d5f3 g1f3 h8h6 f3d2 c6c5 b4c5 a6c5
Position; fen rnbqkbnr/p1ppppp1/B6p/1p6/8/4P3/PPPP1PPP/RNBQK1NR w KQkq - 0 3
Moves; d1f3 b8a6 b2b4 c7c6 c1b2 d7d5 b1c3 g8f6 c3d5
Warning; Bestmove does not match beginning of last PV - move f8d6 from B
Info; info depth 17 seldepth 24 multipv 1 score cp 847 nodes 175273 nps 584243 hashfull 67 tbhits 0 time 300 pv b5d3 g1h3 g3g2 h3g1 h7h5 g4h3 f4h3 g1h3 f7f6 f3f4 e5f4
Position; fen rnbqkb1r/ppp1pppp/3p1n2/8/4P3/8/PPPPBPPP/RNBQK1NR w KQkq - 0 3
Moves; c2c3 e7e6 e4e5 f6d5 h2h4 d6e5 d1a4 c7c6 a4c6 b7c6 a2a4 d5f4 f2f3 d8h4 h1h4 c8a6 e2f1 a6d3 e1d1 g7g5 g2g3 g5h4 a4a5 h4g3 f1h3 d3b5 h3g4
Warning; Bestmove does not match beginning of last PV - move c3b5 from B
Info; info depth 15 seldepth 22 multipv 1 score cp 446 nodes 68083 nps 226943 hashfull 30 tbhits 0 time 300 pv c4b5 c5d4 f3d4 f8g7 a1d1 c8b7 f2f4 d8c7 e1g1 b8d7 d4c6 b7c6 b5c6 c7c6
Position; fen rnbqkb1r/ppp1pppp/3p1n2/8/4P3/8/PPPPBPPP/RNBQK1NR w KQkq - 0 3
Moves; d2d3 e7e6 g1f3 g7g6 c2c4 h7h6 d1c2 c7c5 b1c3 e8e7 c1e3 b7b5 d3d4 f6e8
Warning; Bestmove does not match beginning of last PV - move g3h3 from B
Info; info depth 39 seldepth 26 multipv 1 score mate 13 nodes 380975 nps 1269916 hashfull 68 tbhits 0 time 300 pv f5e5 b5c4 g3f3 c4c5 f3f4 c5c6 f4c4 c6b5 e5d5 b5b6 d5d6 b6b5 c4d4 b5b6 d4b4 b6a5 d6c5 a5a6 c5c6 a6a7 b4a4 a7b8 h1g3 b8c8 a4a8
Position; fen rnbqkbnr/1ppp1ppp/8/p3p3/8/2N2P2/PPPPP1PP/R1BQKBNR w KQkq - 0 3
Moves; c3b5 d7d5 b5c7 d8c7 a1b1 f8e7 b1a1 b8c6 c2c3 c8e6 d1b3 g8h6 g2g3 a5a4 b3d5 e6d5 a2a3 f7f6 e2e4 d5e6 h2h3 e6f7 g3g4 e8g8 g4g5 h6f5 g5f6 g7f6 e4f5 f8b8 f1c4 g8h8 c4f7 e7c5 a1a2 c6e7 f7e8 c5f2 e1f2 e7f5 e8a4 a8a4 b2b4 c7c6 b4b5 c6e8 b5b6 a4a8 g1e2 e8f8 e2f4 f5h6 f4g6 h7g6 f3f4 f8g7 f4e5 g6g5 e5e6 h6g8 f2e3 h8h7 h1f1 h7h8 f1f5 b8e8 c1b2 e8e6 e3f2 e6e2 f2e2 a8d8 b2c1 g7f8 d2d4 h8h7 e2f3 h7g6 a3a4 g8h6 a2g2 g6h5 g2g5 f6g5 f5f8 d8f8 f3e3 f8f1 e3d2 h5g6 d2c2 f1f2 c2d3 f2f1 d3c2 f1f2 c2b1 f2f6 a4a5 f6f5 c1g5 g6g5 d4d5 f5d5 a5a6 d5b5 b1c2 b5b6 a6a7 b6a6 h3h4 g5f4 c2d3 a6a4 c3c4 h6f5 c4c5 a4a7 d3c4 a7a8 c4d3 f4f3 d3d2 f3f4 d2d3 f5g3 c5c6 a8a3 d3c2 b7c6 h4h5 g3h5 c2b2 a3e3 b2c2 e3e2 c2b3 h5f6 b3b4 f6h5 b4c5 e2e4 c5c6 e4e8 c6d5 e8e3 d5d4 e3e8 d4d5 f4f5 d5c4 f5e4 c4b5 h5g3 b5a4 e8h8 a4b3 e4f3 b3c2 h8h6 c2d3 h6g6 d3d4 g3h1 d4d5 f3f4 d5c5 g6g3 c5c6 f4e5 c6c5 e5f5 c5b5
Warning; Bestmove does not match beginning of last PV - move f1e1 from B
Info; info depth 25 seldepth 12 multipv 1 score mate 6 nodes 142817 nps 476056 hashfull 45 tbhits 0 time 300 pv e4d4 f6f7 f3g5 f7f8 d4h8 b8a6 a1a3 a6c7 a3f3 f8e8 h8g8
Position; fen rnbqk1nr/pppp1ppp/8/4p3/1b6/P7/2PPPPPP/RNBQKBNR w KQkq - 0 3
Moves; a3b4 g7g6 e2e4 c7c6 c1b2 h7h5 f1e2 d8b6 g1f3 e8e7 b2e5 e7d8 e1g1 b6b4 d2d4 b4b6 c2c4 f7f5 c4c5 b6b2 d4d5 b2e2 e5c7 d8e7 d5d6 e7e6 d1e2 f5e4 e2e4 e6f6
Warning; Bestmove does not match beginning of last PV - move e7e6 from B
Info; info depth 17 seldepth 18 multipv 1 score cp 654 nodes 176526 nps 588420 hashfull 63 tbhits 0 time 300 pv c8d7 f3f4 d8c7 g1f3 c7f4 e3f4 e7e6 f3e5 f8d6 e5d7 e8d7
Position; fen rnbqkbnr/p1ppppp1/B6p/1p6/8/4P3/PPPP1PPP/RNBQK1NR w KQkq - 0 3
Moves; d1f3 b8a6 b2b4 c7c6 c1b2 d7d5 b1c3 g8f6 c3d5 c6d5 c2c3
Warning; Bestmove does not match beginning of last PV - move f5e6 from B
Info; info depth 39 seldepth 24 multipv 1 score mate 12 nodes 318885 nps 1062950 hashfull 55 tbhits 0 time 300 pv f5e5 c6c5 h3c3 c5b4 e5d4 b4b5 d4d5 b5b6 c3d3 b6b7 d5c5 b7c7 d3d6 c7b7 d6d7 b7c8 c5c6 c8b8 c6b6 b8c8 d7d3 c8b8 d3d8
Position; fen rnbqkbnr/1ppp1ppp/8/p3p3/8/2N2P2/PPPPP1PP/R1BQKBNR w KQkq - 0 3
Moves; c3b5 d7d5 b5c7 d8c7 a1b1 f8e7 b1a1 b8c6 c2c3 c8e6 d1b3 g8h6 g2g3 a5a4 b3d5 e6d5 a2a3 f7f6 e2e4 d5e6 h2h3 e6f7 g3g4 e8g8 g4g5 h6f5 g5f6 g7f6 e4f5 f8b8 f1c4 g8h8 c4f7 e7c5 a1a2 c6e7 f7e8 c5f2 e1f2 e7f5 e8a4 a8a4 b2b4 c7c6 b4b5 c6e8 b5b6 a4a8 g1e2 e8f8 e2f4 f5h6 f4g6 h7g6 f3f4 f8g7 f4e5 g6g5 e5e6 h6g8 f2e3 h8h7 h1f1 h7h8 f1f5 b8e8 c1b2 e8e6 e3f2 e6e2 f2e2 a8d8 b2c1 g7f8 d2d4 h8h7 e2f3 h7g6 a3a4 g8h6 a2g2 g6h5 g2g5 f6g5 f5f8 d8f8 f3e3 f8f1 e3d2 h5g6 d2c2 f1f2 c2d3 f2f1 d3c2 f1f2 c2b1 f2f6 a4a5 f6f5 c1g5 g6g5 d4d5 f5d5 a5a6 d5b5 b1c2 b5b6 a6a7 b6a6 h3h4 g5f4 c2d3 a6a4 c3c4 h6f5 c4c5 a4a7 d3c4 a7a8 c4d3 f4f3 d3d2 f3f4 d2d3 f5g3 c5c6 a8a3 d3c2 b7c6 h4h5 g3h5 c2b2 a3e3 b2c2 e3e2 c2b3 h5f6 b3b4 f6h5 b4c5 e2e4 c5c6 e4e8 c6d5 e8e3 d5d4 e3e8 d4d5 f4f5 d5c4 f5e4 c4b5 h5g3 b5a4 e8h8 a4b3 e4f3 b3c2 h8h6 c2d3 h6g6 d3d4 g3h1 d4d5 f3f4 d5c5 g6g3 c5c6 f4e5 c6c5 e5f5 c5b5 g3h3 b5c6
Warning; Bestmove does not match beginning of last PV - move f8d6 from B
Info; info depth 16 seldepth 20 multipv 1 score cp 657 nodes 124606 nps 415353 hashfull 48 tbhits 0 time 300 pv c8d7 f3e2 f8d6 f2f4 d8c8 g1f3 a6c7 f3e5 a7a5 e1c1 a5b4 c3b4 d6b4 c1b1 b4d6
Position; fen rnbqkbnr/p1ppppp1/B6p/1p6/8/4P3/PPPP1PPP/RNBQK1NR w KQkq - 0 3
Moves; d1f3 b8a6 b2b4 c7c6 c1b2 d7d5 b1c3 g8f6 c3d5 c6d5 c2c3 e7e6 g2g3
Warning; Bestmove does not match beginning of last PV - move c4b3 from B
Info; info depth 18 seldepth 24 multipv 1 score cp 805 nodes 267765 nps 892550 hashfull 105 tbhits 0 time 300 pv h7h5 c1f4 e5f4 g4h3 b8d7 b1c3 e8e7 d1c2 a8g8 c3e4 f7f5 e4d6 e7d6 a5a6 c4d5
Position; fen rnbqkb1r/ppp1pppp/3p1n2/8/4P3/8/PPPPBPPP/RNBQK1NR w KQkq - 0 3
Moves; c2c3 e7e6 e4e5 f6d5 h2h4 d6e5 d1a4 c7c6 a4c6 b7c6 a2a4 d5f4 f2f3 d8h4 h1h4 c8a6 e2f1 a6d3 e1d1 g7g5 g2g3 g5h4 a4a5 h4g3 f1h3 d3b5 h3g4 f8d6 c3c4 b5c4 d2d4
Warning; Bestmove does not match beginning of last PV - move b2b4 from B
Info; info depth 14 seldepth 20 multipv 1 score cp 414 nodes 63085 nps 208890 hashfull 26 tbhits 0 time 302 pv b5c3 f8g7 e1g1 a7a6 c4c5 c8b7 d4b3 a5d8 c5d6 e8d6 e3c5
Position; fen rnbqkb1r/ppp1pppp/3p1n2/8/4P3/8/PPPPBPPP/RNBQK1NR w KQkq - 0 3
Moves; d2d3 e7e6 g1f3 g7g6 c2c4 h7h6 d1c2 c7c5 b1c3 e8e7 c1e3 b7b5 d3d4 f6e8 c3b5 c5d4 f3d4 d8a5
Warning; Bestmove does not match beginning of last PV - move e6f5 from B
Info; info depth 37 seldepth 18 multipv 1 score mate 9 nodes 354875 nps 1182916 hashfull 62 tbhits 0 time 300 pv h3h4 c5c6 h4h5 c6c7 h5c5 c7b7 e6d7 b7b6 c5d5 b6b7 d5d6 b7b8 d7c6 b8a7 c6c7 a7a8 d6a6
Position; fen rnbqkbnr/1ppp1ppp/8/p3p3/8/2N2P2/PPPPP1PP/R1BQKBNR w KQkq - 0 3
Moves; c3b5 d7d5 b5c7 d8c7 a1b1 f8e7 b1a1 b8c6 c2c3 c8e6 d1b3 g8h6 g2g3 a5a4 b3d5 e6d5 a2a3 f7f6 e2e4 d5e6 h2h3 e6f7 g3g4 e8g8 g4g5 h6f5 g5f6 g7f6 e4f5 f8b8 f1c4 g8h8 c4f7 e7c5 a1a2 c6e7 f7e8 c5f2 e1f2 e7f5 e8a4 a8a4 b2b4 c7c6 b4b5 c6e8 b5b6 a4a8 g1e2 e8f8 e2f4 f5h6 f4g6 h7g6 f3f4 f8g7 f4e5 g6g5 e5e6 h6g8 f2e3 h8h7 h1f1 h7h8 f1f5 b8e8 c1b2 e8e6 e3f2 e6e2 f2e2 a8d8 b2c1 g7f8 d2d4 h8h7 e2f3 h7g6 a3a4 g8h6 a2g2 g6h5 g2g5 f6g5 f5f8 d8f8 f3e3 f8f1 e3d2 h5g6 d2c2 f1f2 c2d3 f2f1 d3c2 f1f2 c2b1 f2f6 a4a5 f6f5 c1g5 g6g5 d4d5 f5d5 a5a6 d5b5 b1c2 b5b6 a6a7 b6a6 h3h4 g5f4 c2d3 a6a4 c3c4 h6f5 c4c5 a4a7 d3c4 a7a8 c4d3 f4f3 d3d2 f3f4 d2d3 f5g3 c5c6 a8a3 d3c2 b7c6 h4h5 g3h5 c2b2 a3e3 b2c2 e3e2 c2b3 h5f6 b3b4 f6h5 b4c5 e2e4 c5c6 e4e8 c6d5 e8e3 d5d4 e3e8 d4d5 f4f5 d5c4 f5e4 c4b5 h5g3 b5a4 e8h8 a4b3 e4f3 b3c2 h8h6 c2d3 h6g6 d3d4 g3h1 d4d5 f3f4 d5c5 g6g3 c5c6 f4e5 c6c5 e5f5 c5b5 g3h3 b5c6 f5e6 c6c5
Warning; Bestmove does not match beginning of last PV - move a6c7 from B
Info; info depth 16 seldepth 19 multipv 1 score cp 655 nodes 128171 nps 425817 hashfull 44 tbhits 0 time 301 pv b5a4 a1a4 d8d7 a4a5 e6e5 f3e2 e8g8 a5a6 c8a6 e2a6
Position; fen rnbqkbnr/p1ppppp1/B6p/1p6/8/4P3/PPPP1PPP/RNBQK1NR w KQkq - 0 3
Moves; d1f3 b8a6 b2b4 c7c6 c1b2 d7d5 b1c3 g8f6 c3d5 c6d5 c2c3 e7e6 g2g3 f8d6 a2a4
Warning; Bestmove does not match beginning of last PV - move e3d2 from B
Info; info depth 13 seldepth 21 multipv 1 score cp 371 nodes 71301 nps 237670 hashfull 32 tbhits 0 time 300 pv e1f1 c8d7 a1b1 b4a5 c4c5 d6c5 d4b3 a5a4 b5c3 a4c6 b3c5 c6c7
Position; fen rnbqkb1r/ppp1pppp/3p1n2/8/4P3/8/PPPPBPPP/RNBQK1NR w KQkq - 0 3
Moves; d2d3 e7e6 g1f3 g7g6 c2c4 h7h6 d1c2 c7c5 b1c3 e8e7 c1e3 b7b5 d3d4 f6e8 c3b5 c5d4 f3d4 d8a5 b2b4 a5b4
Warning; Bestmove does not match beginning of last PV - move h3e3 from B
Info; info depth 40 seldepth 24 multipv 1 score mate 12 nodes 425649 nps 1418830 hashfull 80 tbhits 0 time 300 pv f5e5 c4c5 h3h4 c5c6 h4c4 c6b5 e5d5 b5b6 c4c3 b6b7 d5d6 b7b6 c3b3 b6a5 d6c5 a5a6 b3b4 a6a7 c5c6 a7a8 c6c7 a8a7 b4a4
Position; fen rnbqkbnr/1ppp1ppp/8/p3p3/8/2N2P2/PPPPP1PP/R1BQKBNR w KQkq - 0 3
Moves; c3b5 d7d5 b5c7 d8c7 a1b1 f8e7 b1a1 b8c6 c2c3 c8e6 d1b3 g8h6 g2g3 a5a4 b3d5 e6d5 a2a3 f7f6 e2e4 d5e6 h2h3 e6f7 g3g4 e8g8 g4g5 h6f5 g5f6 g7f6 e4f5 f8b8 f1c4 g8h8 c4f7 e7c5 a1a2 c6e7 f7e8 c5f2 e1f2 e7f5 e8a4 a8a4 b2b4 c7c6 b4b5 c6e8 b5b6 a4a8 g1e2 e8f8 e2f4 f5h6 f4g6 h7g6 f3f4 f8g7 f4e5 g6g5 e5e6 h6g8 f2e3 h8h7 h1f1 h7h8 f1f5 b8e8 c1b2 e8e6 e3f2 e6e2 f2e2 a8d8 b2c1 g7f8 d2d4 h8h7 e2f3 h7g6 a3a4 g8h6 a2g2 g6h5 g2g5 f6g5 f5f8 d8f8 f3e3 f8f1 e3d2 h5g6 d2c2 f1f2 c2d3 f2f1 d3c2 f1f2 c2b1 f2f6 a4a5 f6f5 c1g5 g6g5 d4d5 f5d5 a5a6 d5b5 b1c2 b5b6 a6a7 b6a6 h3h4 g5f4 c2d3 a6a4 c3c4 h6f5 c4c5 a4a7 d3c4 a7a8 c4d3 f4f3 d3d2 f3f4 d2d3 f5g3 c5c6 a8a3 d3c2 b7c6 h4h5 g3h5 c2b2 a3e3 b2c2 e3e2 c2b3 h5f6 b3b4 f6h5 b4c5 e2e4 c5c6 e4e8 c6d5 e8e3 d5d4 e3e8 d4d5 f4f5 d5c4 f5e4 c4b5 h5g3 b5a4 e8h8 a4b3 e4f3 b3c2 h8h6 c2d3 h6g6 d3d4 g3h1 d4d5 f3f4 d5c5 g6g3 c5c6 f4e5 c6c5 e5f5 c5b5 g3h3 b5c6 f5e6 c6c5 e6f5 c5c4
Warning; Bestmove does not match beginning of last PV - move g5h7 from B
Info; info depth 42 seldepth 6 multipv 1 score mate 3 nodes 347285 nps 1157616 hashfull 29 tbhits 0 time 300 pv d4h8 h5h4 e1e8 f8e8 h8g8
Position; fen rnbqk1nr/pppp1ppp/8/4p3/1b6/P7/2PPPPPP/RNBQKBNR w KQkq - 0 3
Moves; a3b4 g7g6 e2e4 c7c6 c1b2 h7h5 f1e2 d8b6 g1f3 e8e7 b2e5 e7d8 e1g1 b6b4 d2d4 b4b6 c2c4 f7f5 c4c5 b6b2 d4d5 b2e2 e5c7 d8e7 d5d6 e7e6 d1e2 f5e4 e2e4 e6f6 f1e1 a7a6 e4d4 f6f7 f3g5 f7f8
Warning; Bestmove does not match beginning of last PV - move e3g3 from B
Info; info depth 44 seldepth 28 multipv 1 score mate 14 nodes 439321 nps 1464403 hashfull 77 tbhits 0 time 300 pv e3h3 d4d5 h3h4 d5d6 h4d4 d6c6 f5e6 c6c5 d4h4 c5c6 h4h5 c6c7 h5c5 c7b7 e6d6 b7b6 c5e5 b6b7 e5b5 b7a6 d6c6 a6a7 b5b4 a7a8 c6c7 a8a7 b4a4
Position; fen rnbqkbnr/1ppp1ppp/8/p3p3/8/2N2P2/PPPPP1PP/R1BQKBNR w KQkq - 0 3
Moves; c3b5 d7d5 b5c7 d8c7 a1b1 f8e7 b1a1 b8c6 c2c3 c8e6 d1b3 g8h6 g2g3 a5a4 b3d5 e6d5 a2a3 f7f6 e2e4 d5e6 h2h3 e6f7 g3g4 e8g8 g4g5 h6f5 g5f6 g7f6 e4f5 f8b8 f1c4 g8h8 c4f7 e7c5 a1a2 c6e7 f7e8 c5f2 e1f2 e7f5 e8a4 a8a4 b2b4 c7c6 b4b5 c6e8 b5b6 a4a8 g1e2 e8f8 e2f4 f5h6 f4g6 h7g6 f3f4 f8g7 f4e5 g6g5 e5e6 h6g8 f2e3 h8h7 h1f1 h7h8 f1f5 b8e8 c1b2 e8e6 e3f2 e6e2 f2e2 a8d8 b2c1 g7f8 d2d4 h8h7 e2f3 h7g6 a3a4 g8h6 a2g2 g6h5 g2g5 f6g5 f5f8 d8f8 f3e3 f8f1 e3d2 h5g6 d2c2 f1f2 c2d3 f2f1 d3c2 f1f2 c2b1 f2f6 a4a5 f6f5 c1g5 g6g5 d4d5 f5d5 a5a6 d5b5 b1c2 b5b6 a6a7 b6a6 h3h4 g5f4 c2d3 a6a4 c3c4 h6f5 c4c5 a4a7 d3c4 a7a8 c4d3 f4f3 d3d2 f3f4 d2d3 f5g3 c5c6 a8a3 d3c2 b7c6 h4h5 g3h5 c2b2 a3e3 b2c2 e3e2 c2b3 h5f6 b3b4 f6h5 b4c5 e2e4 c5c6 e4e8 c6d5 e8e3 d5d4 e3e8 d4d5 f4f5 d5c4 f5e4 c4b5 h5g3 b5a4 e8h8 a4b3 e4f3 b3c2 h8h6 c2d3 h6g6 d3d4 g3h1 d4d5 f3f4 d5c5 g6g3 c5c6 f4e5 c6c5 e5f5 c5b5 g3h3 b5c6 f5e6 c6c5 e6f5 c5c4 h3e3 c4d4
Warning; Bestmove does not match beginning of last PV - move d4f4 from B
Info; info depth 16 seldepth 23 multipv 1 score cp 869 nodes 152480 nps 508266 hashfull 50 tbhits 0 time 300 pv a1a3 h7f7 a3e3 g8f6 b1d2 f8g8 e3g3 g8h7 d2f3 f7f8 h2h3 f8e8 f3g5 h7g7
Position; fen rnbqk1nr/pppp1ppp/8/4p3/1b6/P7/2PPPPPP/RNBQKBNR w KQkq - 0 3
Moves; a3b4 g7g6 e2e4 c7c6 c1b2 h7h5 f1e2 d8b6 g1f3 e8e7 b2e5 e7d8 e1g1 b6b4 d2d4 b4b6 c2c4 f7f5 c4c5 b6b2 d4d5 b2e2 e5c7 d8e7 d5d6 e7e6 d1e2 f5e4 e2e4 e6f6 f1e1 a7a6 e4d4 f6f7 f3g5 f7f8 g5h7 h8h7
Warning; Bestmove does not match beginning of last PV - move e8f8 from B
Info; info depth 18 seldepth 28 multipv 1 score cp 917 nodes 349044 nps 1163480 hashfull 131 tbhits 0 time 300 pv f7f6 g1e2 c8b7 e3e4 d5e7 c3c4 d6b4 b2f6 g7f6 e1g1 e8g8 e4e5 f6e5 c4c5 b4c5
Position; fen rnbqkbnr/p1ppppp1/B6p/1p6/8/4P3/PPPP1PPP/RNBQK1NR w KQkq - 0 3
Moves; d1f3 b8a6 b2b4 c7c6 c1b2 d7d5 b1c3 g8f6 c3d5 c6d5 c2c3 e7e6 g2g3 f8d6 a2a4 a6c7 f3d5 f6d5 a4b5
Warning; Bestmove does not match beginning of last PV - move d6e7 from B
Info; info depth 18 seldepth 21 multipv 1 score cp 928 nodes 359679 nps 1198930 hashfull 142 tbhits 0 time 300 pv d6e5 a1a3 e6c5 b1c3 f7f6 a3b3 c5b3 d2d1 b8d7 f3f4 e5c3 b2c3 b3c1 d1c1 h5h4 g1f3 a8d8 f3d4
Position; fen rnbqkb1r/ppp1pppp/3p1n2/8/4P3/8/PPPPBPPP/RNBQK1NR w KQkq - 0 3
Moves; c2c3 e7e6 e4e5 f6d5 h2h4 d6e5 d1a4 c7c6 a4c6 b7c6 a2a4 d5f4 f2f3 d8h4 h1h4 c8a6 e2f1 a6d3 e1d1 g7g5 g2g3 g5h4 a4a5 h4g3 f1h3 d3b5 h3g4 f8d6 c3c4 b5c4 d2d4 c4b3 d1d2 h7h5 g4e6 f4e6 d4e5
Warning; Bestmove does not match beginning of last PV - move f5g5 from B
Info; info depth 43 seldepth 26 multipv 1 score mate 13 nodes 461990 nps 1539966 hashfull 86 tbhits 0 time 300 pv f5e4 c5c6 e4e5 c6c5 g3g4 c5c6 g4c4 c6b5 e5d5 b5b6 c4c3 b6b5 c3b3 b5a4 d5c4 a4a5 c4c5 a5a6 b3b4 a6a5 b4e4 a5a6 e4e7 a6a5 e7a7
Position; fen rnbqkbnr/1ppp1ppp/8/p3p3/8/2N2P2/PPPPP1PP/R1BQKBNR w KQkq - 0 3
Moves; c3b5 d7d5 b5c7 d8c7 a1b1 f8e7 b1a1 b8c6 c2c3 c8e6 d1b3 g8h6 g2g3 a5a4 b3d5 e6d5 a2a3 f7f6 e2e4 d5e6 h2h3 e6f7 g3g4 e8g8 g4g5 h6f5 g5f6 g7f6 e4f5 f8b8 f1c4 g8h8 c4f7 e7c5 a1a2 c6e7 f7e8 c5f2 e1f2 e7f5 e8a4 a8a4 b2b4 c7c6 b4b5 c6e8 b5b6 a4a8 g1e2 e8f8 e2f4 f5h6 f4g6 h7g6 f3f4 f8g7 f4e5 g6g5 e5e6 h6g8 f2e3 h8h7 h1f1 h7h8 f1f5 b8e8 c1b2 e8e6 e3f2 e6e2 f2e2 a8d8 b2c1 g7f8 d2d4 h8h7 e2f3 h7g6 a3a4 g8h6 a2g2 g6h5 g2g5 f6g5 f5f8 d8f8 f3e3 f8f1 e3d2 h5g6 d2c2 f1f2 c2d3 f2f1 d3c2 f1f2 c2b1 f2f6 a4a5 f6f5 c1g5 g6g5 d4d5 f5d5 a5a6 d5b5 b1c2 b5b6 a6a7 b6a6 h3h4 g5f4 c2d3 a6a4 c3c4 h6f5 c4c5 a4a7 d3c4 a7a8 c4d3 f4f3 d3d2 f3f4 d2d3 f5g3 c5c6 a8a3 d3c2 b7c6 h4h5 g3h5 c2b2 a3e3 b2c2 e3e2 c2b3 h5f6 b3b4 f6h5 b4c5 e2e4 c5c6 e4e8 c6d5 e8e3 d5d4 e3e8 d4d5 f4f5 d5c4 f5e4 c4b5 h5g3 b5a4 e8h8 a4b3 e4f3 b3c2 h8h6 c2d3 h6g6 d3d4 g3h1 d4d5 f3f4 d5c5 g6g3 c5c6 f4e5 c6c5 e5f5 c5b5 g3h3 b5c6 f5e6 c6c5 e6f5 c5c4 h3e3 c4d4 e3g3 d4c5
Warning; Bestmove does not match beginning of last PV - move f4d2 from B
Info; info depth 17 seldepth 22 multipv 1 score cp 790 nodes 191062 nps 636873 hashfull 69 tbhits 0 time 300 pv f4g5 f7f6 b1c3 f6e6 g5f4 f8e8 c7b8 a8b8 e1e6 d7e6
Position; fen rnbqk1nr/pppp1ppp/8/4p3/1b6/P7/2PPPPPP/RNBQKBNR w KQkq - 0 3
Moves; a3b4 g7g6 e2e4 c7c6 c1b2 h7h5 f1e2 d8b6 g1f3 e8e7 b2e5 e7d8 e1g1 b6b4 d2d4 b4b6 c2c4 f7f5 c4c5 b6b2 d4d5 b2e2 e5c7 d8e7 d5d6 e7e6 d1e2 f5e4 e2e4 e6f6 f1e1 a7a6 e4d4 f6f7 f3g5 f7f8 g5h7 h8h7 d4f4 h7f7
Warning; Bestmove does not match beginning of last PV - move b8d7 from B
Info; info depth 18 seldepth 30 multipv 1 score cp 898 nodes 244754 nps 815846 hashfull 94 tbhits 0 time 300 pv b3d5 g1e2 h5h4 c1e3 b8a6 b1d2 e7b4 c3d3 a8d8 e2d4 a6c5 d3e2 b4d2 d4e6 c5e6
Position; fen rnbqkb1r/ppp1pppp/3p1n2/8/4P3/8/PPPPBPPP/RNBQK1NR w KQkq - 0 3
Moves; c2c3 e7e6 e4e5 f6d5 h2h4 d6e5 d1a4 c7c6 a4c6 b7c6 a2a4 d5f4 f2f3 d8h4 h1h4 c8a6 e2f1 a6d3 e1d1 g7g5 g2g3 g5h4 a4a5 h4g3 f1h3 d3b5 h3g4 f8d6 c3c4 b5c4 d2d4 c4b3 d1d2 h7h5 g4e6 f4e6 d4e5 d6e7 d2c3
Warning; Bestmove does not match beginning of last PV - move c2d1 from B
Info; info depth 17 seldepth 26 multipv 1 score cp 857 nodes 236338 nps 787793 hashfull 101 tbhits 0 time 300 pv c4d5 b8a6 f2e1 f8g7 h1f1 e7f8 d5e6 g7a1 f1f7 f8g8
Position; fen rnbqkb1r/ppp1pppp/3p1n2/8/4P3/8/PPPPBPPP/RNBQK1NR w KQkq - 0 3
Moves; d2d3 e7e6 g1f3 g7g6 c2c4 h7h6 d1c2 c7c5 b1c3 e8e7 c1e3 b7b5 d3d4 f6e8 c3b5 c5d4 f3d4 d8a5 b2b4 a5b4 e3d2 b4c5 d4b3 c5f2 e1f2 d6d5
Warning; Bestmove does not match beginning of last PV - move g3f3 from B
Info; info depth 43 seldepth 28 multipv 1 score mate 14 nodes 346183 nps 1153943 hashfull 63 tbhits 0 time 300 pv g5f6 c6d5 g3g4 d5c6 f6e5 c6c5 g4f4 c5c6 f4c4 c6b5 e5d5 b5b6 d5d6 b6b5 c4d4 b5b6 d4b4 b6a5 d6c5 a5a6 c5c6 a6a7 b4e4 a7b8 e4a4 b8c8 a4a8
Position; fen rnbqkbnr/1ppp1ppp/8/p3p3/8/2N2P2/PPPPP1PP/R1BQKBNR w KQkq - 0 3
Moves; c3b5 d7d5 b5c7 d8c7 a1b1 f8e7 b1a1 b8c6 c2c3 c8e6 d1b3 g8h6 g2g3 a5a4 b3d5 e6d5 a2a3 f7f6 e2e4 d5e6 h2h3 e6f7 g3g4 e8g8 g4g5 h6f5 g5f6 g7f6 e4f5 f8b8 f1c4 g8h8 c4f7 e7c5 a1a2 c6e7 f7e8 c5f2 e1f2 e7f5 e8a4 a8a4 b2b4 c7c6 b4b5 c6e8 b5b6 a4a8 g1e2 e8f8 e2f4 f5h6 f4g6 h7g6 f3f4 f8g7 f4e5 g6g5 e5e6 h6g8 f2e3 h8h7 h1f1 h7h8 f1f5 b8e8 c1b2 e8e6 e3f2 e6e2 f2e2 a8d8 b2c1 g7f8 d2d4 h8h7 e2f3 h7g6 a3a4 g8h6 a2g2 g6h5 g2g5 f6g5 f5f8 d8f8 f3e3 f8f1 e3d2 h5g6 d2c2 f1f2 c2d3 f2f1 d3c2 f1f2 c2b1 f2f6 a4a5 f6f5 c1g5 g6g5 d4d5 f5d5 a5a6 d5b5 b1c2 b5b6 a6a7 b6a6 h3h4 g5f4 c2d3 a6a4 c3c4 h6f5 c4c5 a4a7 d3c4 a7a8 c4d3 f4f3 d3d2 f3f4 d2d3 f5g3 c5c6 a8a3 d3c2 b7c6 h4h5 g3h5 c2b2 a3e3 b2c2 e3e2 c2b3 h5f6 b3b4 f6h5 b4c5 e2e4 c5c6 e4e8 c6d5 e8e3 d5d4 e3e8 d4d5 f4f5 d5c4 f5e4 c4b5 h5g3 b5a4 e8h8 a4b3 e4f3 b3c2 h8h6 c2d3 h6g6 d3d4 g3h1 d4d5 f3f4 d5c5 g6g3 c5c6 f4e5 c6c5 e5f5 c5b5 g3h3 b5c6 f5e6 c6c5 e6f5 c5c4 h3e3 c4d4 e3g3 d4c5 f5g5 c5c6
Warning; Bestmove does not match beginning of last PV - move c7b8 from B
Info; info depth 17 seldepth 21 multipv 1 score cp 797 nodes 220710 nps 735700 hashfull 83 tbhits 0 time 300 pv a1a3 b7b6 a3g3 h5h4 g3g6 f8f7 g6g3 h4g3 f2g3 b6c5 d2b2 g8f6
Position; fen rnbqk1nr/pppp1ppp/8/4p3/1b6/P7/2PPPPPP/RNBQKBNR w KQkq - 0 3
Moves; a3b4 g7g6 e2e4 c7c6 c1b2 h7h5 f1e2 d8b6 g1f3 e8e7 b2e5 e7d8 e1g1 b6b4 d2d4 b4b6 c2c4 f7f5 c4c5 b6b2 d4d5 b2e2 e5c7 d8e7 d5d6 e7e6 d1e2 f5e4 e2e4 e6f6 f1e1 a7a6 e4d4 f6f7 f3g5 f7f8 g5h7 h8h7 d4f4 h7f7 f4d2 f7f5
Warning; Bestmove does not match beginning of last PV - move a7b7 from B
Info; info depth 18 seldepth 23 multipv 1 score cp 1017 nodes 258492 nps 861640 hashfull 101 tbhits 0 time 300 pv d5b6 g1f3 a7a2 f3d4 a2b2 f2f3 b2b1 e1f2 b1h1 d4c6 h1h2 f2g1 h2d2 g1f1
Position; fen rnbqkbnr/p1ppppp1/B6p/1p6/8/4P3/PPPP1PPP/RNBQK1NR w KQkq - 0 3
Moves; d1f3 b8a6 b2b4 c7c6 c1b2 d7d5 b1c3 g8f6 c3d5 c6d5 c2c3 e7e6 g2g3 f8d6 a2a4 a6c7 f3d5 f6d5 a4b5 e8f8 a1a7 a8a7 b5b6
Warning; Bestmove does not match beginning of last PV - move g5h5 from B
Info; info depth 40 seldepth 24 multipv 1 score mate 12 nodes 262345 nps 874483 hashfull 40 tbhits 0 time 300 pv f3f6 c7d7 g5f5 d7e7 f5e5 e7d7 f6d6 d7c8 e5d5 c8b7 d5c5 b7c7 d6d3 c7b7 d3d7 b7c8 c5c6 c8b8 d7g7 b8a8 c6b6 a8b8 g7g8
Position; fen rnbqkbnr/1ppp1ppp/8/p3p3/8/2N2P2/PPPPP1PP/R1BQKBNR w KQkq - 0 3
Moves; c3b5 d7d5 b5c7 d8c7 a1b1 f8e7 b1a1 b8c6 c2c3 c8e6 d1b3 g8h6 g2g3 a5a4 b3d5 e6d5 a2a3 f7f6 e2e4 d5e6 h2h3 e6f7 g3g4 e8g8 g4g5 h6f5 g5f6 g7f6 e4f5 f8b8 f1c4 g8h8 c4f7 e7c5 a1a2 c6e7 f7e8 c5f2 e1f2 e7f5 e8a4 a8a4 b2b4 c7c6 b4b5 c6e8 b5b6 a4a8 g1e2 e8f8 e2f4 f5h6 f4g6 h7g6 f3f4 f8g7 f4e5 g6g5 e5e6 h6g8 f2e3 h8h7 h1f1 h7h8 f1f5 b8e8 c1b2 e8e6 e3f2 e6e2 f2e2 a8d8 b2c1 g7f8 d2d4 h8h7 e2f3 h7g6 a3a4 g8h6 a2g2 g6h5 g2g5 f6g5 f5f8 d8f8 f3e3 f8f1 e3d2 h5g6 d2c2 f1f2 c2d3 f2f1 d3c2 f1f2 c2b1 f2f6 a4a5 f6f5 c1g5 g6g5 d4d5 f5d5 a5a6 d5b5 b1c2 b5b6 a6a7 b6a6 h3h4 g5f4 c2d3 a6a4 c3c4 h6f5 c4c5 a4a7 d3c4 a7a8 c4d3 f4f3 d3d2 f3f4 d2d3 f5g3 c5c6 a8a3 d3c2 b7c6 h4h5 g3h5 c2b2 a3e3 b2c2 e3e2 c2b3 h5f6 b3b4 f6h5 b4c5 e2e4 c5c6 e4e8 c6d5 e8e3 d5d4 e3e8 d4d5 f4f5 d5c4 f5e4 c4b5 h5g3 b5a4 e8h8 a4b3 e4f3 b3c2 h8h6 c2d3 h6g6 d3d4 g3h1 d4d5 f3f4 d5c5 g6g3 c5c6 f4e5 c6c5 e5f5 c5b5 g3h3 b5c6 f5e6 c6c5 e6f5 c5c4 h3e3 c4d4 e3g3 d4c5 f5g5 c5c6 g3f3 c6c7
Warning; Bestmove does not match beginning of last PV - move e1e8 from B
Info; info depth 18 seldepth 27 multipv 1 score cp 782 nodes 246940 nps 823133 hashfull 82 tbhits 0 time 300 pv a1a3 c5f5 b8c7 b7b5 a3g3 f8f7 g3g5 f5g5 d2g5 c8b7 g1h1 f7g7 h2h4 c6c5 g5c5 g8f6 e1e7 g7g8
Position; fen rnbqk1nr/pppp1ppp/8/4p3/1b6/P7/2PPPPPP/RNBQKBNR w KQkq - 0 3
Moves; a3b4 g7g6 e2e4 c7c6 c1b2 h7h5 f1e2 d8b6 g1f3 e8e7 b2e5 e7d8 e1g1 b6b4 d2d4 b4b6 c2c4 f7f5 c4c5 b6b2 d4d5 b2e2 e5c7 d8e7 d5d6 e7e6 d1e2 f5e4 e2e4 e6f6 f1e1 a7a6 e4d4 f6f7 f3g5 f7f8 g5h7 h8h7 d4f4 h7f7 f4d2 f7f5 c7b8 f5c5
Warning; Bestmove does not match beginning of last PV - move b7b6 from B
Info; info depth 18 seldepth 32 multipv 1 score cp 974 nodes 286179 nps 950760 hashfull 131 tbhits 0 time 301 pv d5b6 g1e2 f7f6 g3g4 b6c4 e2d4 c4b2 e1g1 f8g8 f4f5 e6e5 g4g5 h6g5
Position; fen rnbqkbnr/p1ppppp1/B6p/1p6/8/4P3/PPPP1PPP/RNBQK1NR w KQkq - 0 3
Moves; d1f3 b8a6 b2b4 c7c6 c1b2 d7d5 b1c3 g8f6 c3d5 c6d5 c2c3 e7e6 g2g3 f8d6 a2a4 a6c7 f3d5 f6d5 a4b5 e8f8 a1a7 a8a7 b5b6 a7b7 f2f4
Warning; Bestmove does not match beginning of last PV - move f7f5 from B
Info; info depth 17 seldepth 22 multipv 1 score cp 891 nodes 330226 nps 1100753 hashfull 122 tbhits 0 time 300 pv h5h4 b1d2 f7f6 g1e2 f6e5 a1d1 g3g2 d2c4 d5c4 c3c4 h8g8 c4b3 h4h3 d1d7 e8d7
Position; fen rnbqkb1r/ppp1pppp/3p1n2/8/4P3/8/PPPPBPPP/RNBQK1NR w KQkq - 0 3
Moves; c2c3 e7e6 e4e5 f6d5 h2h4 d6e5 d1a4 c7c6 a4c6 b7c6 a2a4 d5f4 f2f3 d8h4 h1h4 c8a6 e2f1 a6d3 e1d1 g7g5 g2g3 g5h4 a4a5 h4g3 f1h3 d3b5 h3g4 f8d6 c3c4 b5c4 d2d4 c4b3 d1d2 h7h5 g4e6 f4e6 d4e5 d6e7 d2c3 b8d7 a5a6 b3d5 c1e3
Warning; Bestmove does not match beginning of last PV - move f3d3 from B
Info; info depth 40 seldepth 26 multipv 1 score mate 13 nodes 330419 nps 1101396 hashfull 59 tbhits 0 time 300 pv f3f6 d7e7 h5g6 e7d7 g6f5 d7e7 f5e5 e7d7 e5d5 d7c7 f6d6 c7b7 d5c5 b7c7 d6d3 c7b7 d3d7 b7c8 c5c6 c8b8 d7g7 b8a8 c6b6 a8b8 g7g8
Position; fen rnbqkbnr/1ppp1ppp/8/p3p3/8/2N2P2/PPPPP1PP/R1BQKBNR w KQkq - 0 3
Moves; c3b5 d7d5 b5c7 d8c7 a1b1 f8e7 b1a1 b8c6 c2c3 c8e6 d1b3 g8h6 g2g3 a5a4 b3d5 e6d5 a2a3 f7f6 e2e4 d5e6 h2h3 e6f7 g3g4 e8g8 g4g5 h6f5 g5f6 g7f6 e4f5 f8b8 f1c4 g8h8 c4f7 e7c5 a1a2 c6e7 f7e8 c5f2 e1f2 e7f5 e8a4 a8a4 b2b4 c7c6 b4b5 c6e8 b5b6 a4a8 g1e2 e8f8 e2f4 f5h6 f4g6 h7g6 f3f4 f8g7 f4e5 g6g5 e5e6 h6g8 f2e3 h8h7 h1f1 h7h8 f1f5 b8e8 c1b2 e8e6 e3f2 e6e2 f2e2 a8d8 b2c1 g7f8 d2d4 h8h7 e2f3 h7g6 a3a4 g8h6 a2g2 g6h5 g2g5 f6g5 f5f8 d8f8 f3e3 f8f1 e3d2 h5g6 d2c2 f1f2 c2d3 f2f1 d3c2 f1f2 c2b1 f2f6 a4a5 f6f5 c1g5 g6g5 d4d5 f5d5 a5a6 d5b5 b1c2 b5b6 a6a7 b6a6 h3h4 g5f4 c2d3 a6a4 c3c4 h6f5 c4c5 a4a7 d3c4 a7a8 c4d3 f4f3 d3d2 f3f4 d2d3 f5g3 c5c6 a8a3 d3c2 b7c6 h4h5 g3h5 c2b2 a3e3 b2c2 e3e2 c2b3 h5f6 b3b4 f6h5 b4c5 e2e4 c5c6 e4e8 c6d5 e8e3 d5d4 e3e8 d4d5 f4f5 d5c4 f5e4 c4b5 h5g3 b5a4 e8h8 a4b3 e4f3 b3c2 h8h6 c2d3 h6g6 d3d4 g3h1 d4d5 f3f4 d5c5 g6g3 c5c6 f4e5 c6c5 e5f5 c5b5 g3h3 b5c6 f5e6 c6c5 e6f5 c5c4 h3e3 c4d4 e3g3 d4c5 f5g5 c5c6 g3f3 c6c7 g5h5 c7d7
Warning; Bestmove does not match beginning of last PV - move d2e2 from B
Info; info depth 16 seldepth 24 multipv 1 score cp 625 nodes 95986 nps 317834 hashfull 35 tbhits 0 time 302 pv d2e3 e8f7 b8c7 b7b6 b1d2 c8b7 a1e1 c5b5 h2h4 c6c5 e3f4 f7g7 e1e7 g8e7 d6e7 a8e8 c7e5 g7g8 f4h6 e8e7 h6g6 g8f8
Position; fen rnbqk1nr/pppp1ppp/8/4p3/1b6/P7/2PPPPPP/RNBQKBNR w KQkq - 0 3
Moves; a3b4 g7g6 e2e4 c7c6 c1b2 h7h5 f1e2 d8b6 g1f3 e8e7 b2e5 e7d8 e1g1 b6b4 d2d4 b4b6 c2c4 f7f5 c4c5 b6b2 d4d5 b2e2 e5c7 d8e7 d5d6 e7e6 d1e2 f5e4 e2e4 e6f6 f1e1 a7a6 e4d4 f6f7 f3g5 f7f8 g5h7 h8h7 d4f4 h7f7 f4d2 f7f5 c7b8 f5c5 e1e8 f8e8
Warning; Bestmove does not match beginning of last PV - move f8e8 from B
Info; info depth 18 seldepth 27 multipv 1 score cp 1013 nodes 379144 nps 1263813 hashfull 150 tbhits 0 time 300 pv d5e7 g1f3 c8b7 h1f1 b7f3 f1f3 c7e8 e1f2 d8a8 a3b2 b6b8 e3e4 b8d8 e4e5 e7f5
Position; fen rnbqkbnr/p1ppppp1/B6p/1p6/8/4P3/PPPP1PPP/RNBQK1NR w KQkq - 0 3
Moves; d1f3 b8a6 b2b4 c7c6 c1b2 d7d5 b1c3 g8f6 c3d5 c6d5 c2c3 e7e6 g2g3 f8d6 a2a4 a6c7 f3d5 f6d5 a4b5 e8f8 a1a7 a8a7 b5b6 a7b7 f2f4 b7b6 b2a3
Warning; Bestmove does not match beginning of last PV - move d7f6 from B
Info; info depth 17 seldepth 21 multipv 1 score cp 854 nodes 272184 nps 907280 hashfull 104 tbhits 0 time 300 pv e7f6 c3c2 f6d4 b1c3 d4e3 c3d5 e3f2 g1e2 c6d5 e2c3 d7c5 c3d5 g3g2
Position; fen rnbqkb1r/ppp1pppp/3p1n2/8/4P3/8/PPPPBPPP/RNBQK1NR w KQkq - 0 3
Moves; c2c3 e7e6 e4e5 f6d5 h2h4 d6e5 d1a4 c7c6 a4c6 b7c6 a2a4 d5f4 f2f3 d8h4 h1h4 c8a6 e2f1 a6d3 e1d1 g7g5 g2g3 g5h4 a4a5 h4g3 f1h3 d3b5 h3g4 f8d6 c3c4 b5c4 d2d4 c4b3 d1d2 h7h5 g4e6 f4e6 d4e5 d6e7 d2c3 b8d7 a5a6 b3d5 c1e3 f7f5 e5f6
Warning; Bestmove does not match beginning of last PV - move d2b4 from B
Info; info depth 17 seldepth 22 multipv 1 score cp 951 nodes 245629 nps 818763 hashfull 93 tbhits 0 time 300 pv f2g1 f7f6 d2b4 c8d7 b4d6 e7f7 d6f8 d7b5 c4b5
Position; fen rnbqkb1r/ppp1pppp/3p1n2/8/4P3/8/PPPPBPPP/RNBQK1NR w KQkq - 0 3
Moves; d2d3 e7e6 g1f3 g7g6 c2c4 h7h6 d1c2 c7c5 b1c3 e8e7 c1e3 b7b5 d3d4 f6e8 c3b5 c5d4 f3d4 d8a5 b2b4 a5b4 e3d2 b4c5 d4b3 c5f2 e1f2 d6d5 c2d1 d5c4 e2c4 h6h5 h1f1 e8d6
Warning; Bestmove does not match beginning of last PV - move e2f3 from B
Info; info depth 16 seldepth 19 multipv 1 score cp 520 nodes 88450 nps 292880 hashfull 30 tbhits 0 time 302 pv e2e3 b7b6 b8c7 c8b7 b1d2 a8e8 e3b3 f7g7 c7b6 c5d5 b6e3 g8f6 b3b7 e8e3 f2e3 d5d2 a1f1
Position; fen rnbqk1nr/pppp1ppp/8/4p3/1b6/P7/2PPPPPP/RNBQKBNR w KQkq - 0 3
Moves; a3b4 g7g6 e2e4 c7c6 c1b2 h7h5 f1e2 d8b6 g1f3 e8e7 b2e5 e7d8 e1g1 b6b4 d2d4 b4b6 c2c4 f7f5 c4c5 b6b2 d4d5 b2e2 e5c7 d8e7 d5d6 e7e6 d1e2 f5e4 e2e4 e6f6 f1e1 a7a6 e4d4 f6f7 f3g5 f7f8 g5h7 h8h7 d4f4 h7f7 f4d2 f7f5 c7b8 f5c5 e1e8 f8e8 d2e2 e8f7
Warning; Bestmove does not match beginning of last PV - move c8b7 from B
Info; info depth 17 seldepth 23 multipv 1 score cp 1001 nodes 265723 nps 885743 hashfull 106 tbhits 0 time 300 pv b6a6 a3b2 h8g8 b4b5 c7b5 c3c4 b5c7 c4d5 f7f6 h1f1 e6d5 f3d4
Position; fen rnbqkbnr/p1ppppp1/B6p/1p6/8/4P3/PPPP1PPP/RNBQK1NR w KQkq - 0 3
Moves; d1f3 b8a6 b2b4 c7c6 c1b2 d7d5 b1c3 g8f6 c3d5 c6d5 c2c3 e7e6 g2g3 f8d6 a2a4 a6c7 f3d5 f6d5 a4b5 e8f8 a1a7 a8a7 b5b6 a7b7 f2f4 b7b6 b2a3 f8e8 g1f3
Warning; Bestmove does not match beginning of last PV - move b6a6 from B
Info; info depth 18 seldepth 30 multipv 1 score cp 1056 nodes 348130 nps 1160433 hashfull 143 tbhits 0 time 300 pv d5e3 d2e3 b7f3 e1g1 b6a6 f4f5 e6f5 f1f3 a6a3 e3e4 d6e7 f3f5 f7f6 e4e5 a3a1 f5f1 a1f1 g1f1 d8d3 f1g1
Position; fen rnbqkbnr/p1ppppp1/B6p/1p6/8/4P3/PPPP1PPP/RNBQK1NR w KQkq - 0 3
Moves; d1f3 b8a6 b2b4 c7c6 c1b2 d7d5 b1c3 g8f6 c3d5 c6d5 c2c3 e7e6 g2g3 f8d6 a2a4 a6c7 f3d5 f6d5 a4b5 e8f8 a1a7 a8a7 b5b6 a7b7 f2f4 b7b6 b2a3 f8e8 g1f3 c8b7 h2h3
Warning; Bestmove does not match beginning of last PV - move g3g2 from B
Info; info depth 17 seldepth 26 multipv 1 score cp 993 nodes 298548 nps 995160 hashfull 114 tbhits 0 time 300 pv c5e6 b1d2 g3g2 a1e1 a8b8 c3c2 b8d8 e1e6 d5e6 d2e4 f6e4 f3e4 c6c5
Position; fen rnbqkb1r/ppp1pppp/3p1n2/8/4P3/8/PPPPBPPP/RNBQK1NR w KQkq - 0 3
Moves; c2c3 e7e6 e4e5 f6d5 h2h4 d6e5 d1a4 c7c6 a4c6 b7c6 a2a4 d5f4 f2f3 d8h4 h1h4 c8a6 e2f1 a6d3 e1d1 g7g5 g2g3 g5h4 a4a5 h4g3 f1h3 d3b5 h3g4 f8d6 c3c4 b5c4 d2d4 c4b3 d1d2 h7h5 g4e6 f4e6 d4e5 d6e7 d2c3 b8d7 a5a6 b3d5 c1e3 f7f5 e5f6 d7f6 e3c5 e6c5 b2b4
Warning; Bestmove does not match beginning of last PV - move e3d3 from B
Info; info depth 60 seldepth 8 multipv 1 score mate 4 nodes 473745 nps 1579150 hashfull 53 tbhits 0 time 300 pv e3f3 g7h7 g5f6 h7h8 f6f7 h8h7 f3h3
Position; fen rnbqkbnr/1ppp1ppp/8/p3p3/8/2N2P2/PPPPP1PP/R1BQKBNR w KQkq - 0 3
Moves; c3b5 d7d5 b5c7 d8c7 a1b1 f8e7 b1a1 b8c6 c2c3 c8e6 d1b3 g8h6 g2g3 a5a4 b3d5 e6d5 a2a3 f7f6 e2e4 d5e6 h2h3 e6f7 g3g4 e8g8 g4g5 h6f5 g5f6 g7f6 e4f5 f8b8 f1c4 g8h8 c4f7 e7c5 a1a2 c6e7 f7e8 c5f2 e1f2 e7f5 e8a4 a8a4 b2b4 c7c6 b4b5 c6e8 b5b6 a4a8 g1e2 e8f8 e2f4 f5h6 f4g6 h7g6 f3f4 f8g7 f4e5 g6g5 e5e6 h6g8 f2e3 h8h7 h1f1 h7h8 f1f5 b8e8 c1b2 e8e6 e3f2 e6e2 f2e2 a8d8 b2c1 g7f8 d2d4 h8h7 e2f3 h7g6 a3a4 g8h6 a2g2 g6h5 g2g5 f6g5 f5f8 d8f8 f3e3 f8f1 e3d2 h5g6 d2c2 f1f2 c2d3 f2f1 d3c2 f1f2 c2b1 f2f6 a4a5 f6f5 c1g5 g6g5 d4d5 f5d5 a5a6 d5b5 b1c2 b5b6 a6a7 b6a6 h3h4 g5f4 c2d3 a6a4 c3c4 h6f5 c4c5 a4a7 d3c4 a7a8 c4d3 f4f3 d3d2 f3f4 d2d3 f5g3 c5c6 a8a3 d3c2 b7c6 h4h5 g3h5 c2b2 a3e3 b2c2 e3e2 c2b3 h5f6 b3b4 f6h5 b4c5 e2e4 c5c6 e4e8 c6d5 e8e3 d5d4 e3e8 d4d5 f4f5 d5c4 f5e4 c4b5 h5g3 b5a4 e8h8 a4b3 e4f3 b3c2 h8h6 c2d3 h6g6 d3d4 g3h1 d4d5 f3f4 d5c5 g6g3 c5c6 f4e5 c6c5 e5f5 c5b5 g3h3 b5c6 f5e6 c6c5 e6f5 c5c4 h3e3 c4d4 e3g3 d4c5 f5g5 c5c6 g3f3 c6c7 g5h5 c7d7 f3d3 d7e7 h5g5 e7f7 d3e3 f7g7
Warning; Bestmove does not match beginning of last PV - move e3b3 from B
Info; info depth 18 seldepth 28 multipv 1 score cp 740 nodes 101618 nps 336483 hashfull 33 tbhits 0 time 302 pv e3e5 f6g8 b1c3 a8b8 a1e1 b7b5 e5e8 f7g7 g1h1 g8f6 e8e7 g7h6 e7f8 h6h7
Position; fen rnbqk1nr/pppp1ppp/8/4p3/1b6/P7/2PPPPPP/RNBQKBNR w KQkq - 0 3
Moves; a3b4 g7g6 e2e4 c7c6 c1b2 h7h5 f1e2 d8b6 g1f3 e8e7 b2e5 e7d8 e1g1 b6b4 d2d4 b4b6 c2c4 f7f5 c4c5 b6b2 d4d5 b2e2 e5c7 d8e7 d5d6 e7e6 d1e2 f5e4 e2e4 e6f6 f1e1 a7a6 e4d4 f6f7 f3g5 f7f8 g5h7 h8h7 d4f4 h7f7 f4d2 f7f5 c7b8 f5c5 e1e8 f8e8 d2e2 e8f7 e2f3 g8f6 f3e3 c5e5
Warning; Bestmove does not match beginning of last PV - move e8d8 from B
Info; info depth 17 seldepth 23 multipv 1 score cp 1073 nodes 239704 nps 799013 hashfull 91 tbhits 0 time 300 pv d5a2 c3b2 a2b1 b2b1 c5e6 b1b2 h8g8 g1e2 a8d8 e2d4 d8d4 b4b5
Position; fen rnbqkb1r/ppp1pppp/3p1n2/8/4P3/8/PPPPBPPP/RNBQK1NR w KQkq - 0 3
Moves; c2c3 e7e6 e4e5 f6d5 h2h4 d6e5 d1a4 c7c6 a4c6 b7c6 a2a4 d5f4 f2f3 d8h4 h1h4 c8a6 e2f1 a6d3 e1d1 g7g5 g2g3 g5h4 a4a5 h4g3 f1h3 d3b5 h3g4 f8d6 c3c4 b5c4 d2d4 c4b3 d1d2 h7h5 g4e6 f4e6 d4e5 d6e7 d2c3 b8d7 a5a6 b3d5 c1e3 f7f5 e5f6 d7f6 e3c5 e6c5 b2b4 g3g2 a1a2
Warning; Bestmove does not match beginning of last PV - move d3a3 from B
Info; info depth 48 seldepth 10 multipv 1 score mate 5 nodes 419467 nps 1398223 hashfull 86 tbhits 0 time 300 pv d3e3 f7g7 e3f3 g7h7 g5f6 h7h8 f6f7 h8h7 f3h3
Position; fen rnbqkbnr/1ppp1ppp/8/p3p3/8/2N2P2/PPPPP1PP/R1BQKBNR w KQkq - 0 3
Moves; c3b5 d7d5 b5c7 d8c7 a1b1 f8e7 b1a1 b8c6 c2c3 c8e6 d1b3 g8h6 g2g3 a5a4 b3d5 e6d5 a2a3 f7f6 e2e4 d5e6 h2h3 e6f7 g3g4 e8g8 g4g5 h6f5 g5f6 g7f6 e4f5 f8b8 f1c4 g8h8 c4f7 e7c5 a1a2 c6e7 f7e8 c5f2 e1f2 e7f5 e8a4 a8a4 b2b4 c7c6 b4b5 c6e8 b5b6 a4a8 g1e2 e8f8 e2f4 f5h6 f4g6 h7g6 f3f4 f8g7 f4e5 g6g5 e5e6 h6g8 f2e3 h8h7 h1f1 h7h8 f1f5 b8e8 c1b2 e8e6 e3f2 e6e2 f2e2 a8d8 b2c1 g7f8 d2d4 h8h7 e2f3 h7g6 a3a4 g8h6 a2g2 g6h5 g2g5 f6g5 f5f8 d8f8 f3e3 f8f1 e3d2 h5g6 d2c2 f1f2 c2d3 f2f1 d3c2 f1f2 c2b1 f2f6 a4a5 f6f5 c1g5 g6g5 d4d5 f5d5 a5a6 d5b5 b1c2 b5b6 a6a7 b6a6 h3h4 g5f4 c2d3 a6a4 c3c4 h6f5 c4c5 a4a7 d3c4 a7a8 c4d3 f4f3 d3d2 f3f4 d2d3 f5g3 c5c6 a8a3 d3c2 b7c6 h4h5 g3h5 c2b2 a3e3 b2c2 e3e2 c2b3 h5f6 b3b4 f6h5 b4c5 e2e4 c5c6 e4e8 c6d5 e8e3 d5d4 e3e8 d4d5 f4f5 d5c4 f5e4 c4b5 h5g3 b5a4 e8h8 a4b3 e4f3 b3c2 h8h6 c2d3 h6g6 d3d4 g3h1 d4d5 f3f4 d5c5 g6g3 c5c6 f4e5 c6c5 e5f5 c5b5 g3h3 b5c6 f5e6 c6c5 e6f5 c5c4 h3e3 c4d4 e3g3 d4c5 f5g5 c5c6 g3f3 c6c7 g5h5 c7d7 f3d3 d7e7 h5g5 e7f7 d3e3 f7g7 e3d3 g7f7
Warning; Bestmove does not match beginning of last PV - move d8a8 from B
Info; info depth 18 seldepth 22 multipv 1 score cp 1237 nodes 277601 nps 925336 hashfull 113 tbhits 0 time 300 pv b7f3 d1c2 a6a3 f4f5 f3h1 b4b5 h1e4 c2b2 a3a6 f5e6 f7e6 b5a6 d8b8 b2a2
Position; fen rnbqkbnr/p1ppppp1/B6p/1p6/8/4P3/PPPP1PPP/RNBQK1NR w KQkq - 0 3
Moves; d1f3 b8a6 b2b4 c7c6 c1b2 d7d5 b1c3 g8f6 c3d5 c6d5 c2c3 e7e6 g2g3 f8d6 a2a4 a6c7 f3d5 f6d5 a4b5 e8f8 a1a7 a8a7 b5b6 a7b7 f2f4 b7b6 b2a3 f8e8 g1f3 c8b7 h2h3 b6a6 e1d1 d5e3 d2e3
Warning; Bestmove does not match beginning of last PV - move c5a4 from B
Info; info depth 15 seldepth 17 multipv 1 score cp 910 nodes 257166 nps 857220 hashfull 104 tbhits 0 time 300 pv c5a6 c3d2 a8b8 g1h3 e7b4 d2c2 h8e8 b1d2 b8b6 g2g7
Position; fen rnbqkb1r/ppp1pppp/3p1n2/8/4P3/8/PPPPBPPP/RNBQK1NR w KQkq - 0 3
Moves; c2c3 e7e6 e4e5 f6d5 h2h4 d6e5 d1a4 c7c6 a4c6 b7c6 a2a4 d5f4 f2f3 d8h4 h1h4 c8a6 e2f1 a6d3 e1d1 g7g5 g2g3 g5h4 a4a5 h4g3 f1h3 d3b5 h3g4 f8d6 c3c4 b5c4 d2d4 c4b3 d1d2 h7h5 g4e6 f4e6 d4e5 d6e7 d2c3 b8d7 a5a6 b3d5 c1e3 f7f5 e5f6 d7f6 e3c5 e6c5 b2b4 g3g2 a1a2 e8d8 a2g2
Warning; Bestmove does not match beginning of last PV - move c3f6 from B
Info; info depth 245 seldepth 2 multipv 1 score mate 1 nodes 718039 nps 3554648 hashfull 4 tbhits 0 time 202 pv d2f4
Position; fen rnbqkb1r/ppp1pppp/3p1n2/8/4P3/8/PPPPBPPP/RNBQK1NR w KQkq - 0 3
Moves; d2d3 e7e6 g1f3 g7g6 c2c4 h7h6 d1c2 c7c5 b1c3 e8e7 c1e3 b7b5 d3d4 f6e8 c3b5 c5d4 f3d4 d8a5 b2b4 a5b4 e3d2 b4c5 d4b3 c5f2 e1f2 d6d5 c2d1 d5c4 e2c4 h6h5 h1f1 e8d6 d2b4 c8a6 d1d6 e7f6 b4c3 f6g5 d6d2 g5g4 c4e2 g4h4
Finished game 12 (B vs A): 1-0 {White mates}
Started game 14 of 16 (B vs A)
Warning; Bestmove does not match beginning of last PV - move g5f4 from B
Info; info depth 34 seldepth 28 multipv 1 score mate 14 nodes 438628 nps 1462093 hashfull 73 tbhits 0 time 300 pv a3a5 e6d7 g5f6 d7d6 a5f5 d6d7 f5d5 d7c7 f6e5 c7c6 e5e6 c6c7 d5c5 c7b7 e6d5 b7b6 d5d6 b6b7 c5b5 b7a6 d6c6 a6a7 c6c7 a7a6 b5e5 a6a7 e5a5
Position; fen rnbqkbnr/1ppp1ppp/8/p3p3/8/2N2P2/PPPPP1PP/R1BQKBNR w KQkq - 0 3
Moves; c3b5 d7d5 b5c7 d8c7 a1b1 f8e7 b1a1 b8c6 c2c3 c8e6 d1b3 g8h6 g2g3 a5a4 b3d5 e6d5 a2a3 f7f6 e2e4 d5e6 h2h3 e6f7 g3g4 e8g8 g4g5 h6f5 g5f6 g7f6 e4f5 f8b8 f1c4 g8h8 c4f7 e7c5 a1a2 c6e7 f7e8 c5f2 e1f2 e7f5 e8a4 a8a4 b2b4 c7c6 b4b5 c6e8 b5b6 a4a8 g1e2 e8f8 e2f4 f5h6 f4g6 h7g6 f3f4 f8g7 f4e5 g6g5 e5e6 h6g8 f2e3 h8h7 h1f1 h7h8 f1f5 b8e8 c1b2 e8e6 e3f2 e6e2 f2e2 a8d8 b2c1 g7f8 d2d4 h8h7 e2f3 h7g6 a3a4 g8h6 a2g2 g6h5 g2g5 f6g5 f5f8 d8f8 f3e3 f8f1 e3d2 h5g6 d2c2 f1f2 c2d3 f2f1 d3c2 f1f2 c2b1 f2f6 a4a5 f6f5 c1g5 g6g5 d4d5 f5d5 a5a6 d5b5 b1c2 b5b6 a6a7 b6a6 h3h4 g5f4 c2d3 a6a4 c3c4 h6f5 c4c5 a4a7 d3c4 a7a8 c4d3 f4f3 d3d2 f3f4 d2d3 f5g3 c5c6 a8a3 d3c2 b7c6 h4h5 g3h5 c2b2 a3e3 b2c2 e3e2 c2b3 h5f6 b3b4 f6h5 b4c5 e2e4 c5c6 e4e8 c6d5 e8e3 d5d4 e3e8 d4d5 f4f5 d5c4 f5e4 c4b5 h5g3 b5a4 e8h8 a4b3 e4f3 b3c2 h8h6 c2d3 h6g6 d3d4 g3h1 d4d5 f3f4 d5c5 g6g3 c5c6 f4e5 c6c5 e5f5 c5b5 g3h3 b5c6 f5e6 c6c5 e6f5 c5c4 h3e3 c4d4 e3g3 d4c5 f5g5 c5c6 g3f3 c6c7 g5h5 c7d7 f3d3 d7e7 h5g5 e7f7 d3e3 f7g7 e3d3 g7f7 d3a3 f7e6
Warning; Bestmove does not match beginning of last PV - move b8c7 from B
Info; info depth 16 seldepth 25 multipv 1 score cp 637 nodes 103048 nps 342352 hashfull 34 tbhits 0 time 301 pv d2f3 e5b5 b3c3 f8g7 a1e1 b7b6 e1e7 g7g6 c3c2 g6h6 h2h4 g5g4 c2d2 h6g6 d2d3 g6h6
Position; fen rnbqk1nr/pppp1ppp/8/4p3/1b6/P7/2PPPPPP/RNBQKBNR w KQkq - 0 3
Moves; a3b4 g7g6 e2e4 c7c6 c1b2 h7h5 f1e2 d8b6 g1f3 e8e7 b2e5 e7d8 e1g1 b6b4 d2d4 b4b6 c2c4 f7f5 c4c5 b6b2 d4d5 b2e2 e5c7 d8e7 d5d6 e7e6 d1e2 f5e4 e2e4 e6f6 f1e1 a7a6 e4d4 f6f7 f3g5 f7f8 g5h7 h8h7 d4f4 h7f7 f4d2 f7f5 c7b8 f5c5 e1e8 f8e8 d2e2 e8f7 e2f3 g8f6 f3e3 c5e5 e3b3 f7f8 b1d2 g6g5
Warning; Bestmove does not match beginning of last PV - move b7e4 from B
Info; info depth 19 seldepth 22 multipv 1 score cp 1274 nodes 322502 nps 1075006 hashfull 118 tbhits 0 time 300 pv b7f3 d1d2 f3h1 d2e1 a6a2 b2c1 h1f3 c1a3 a2a3 e1f2 a3c3
Position; fen rnbqkbnr/p1ppppp1/B6p/1p6/8/4P3/PPPP1PPP/RNBQK1NR w KQkq - 0 3
Moves; d1f3 b8a6 b2b4 c7c6 c1b2 d7d5 b1c3 g8f6 c3d5 c6d5 c2c3 e7e6 g2g3 f8d6 a2a4 a6c7 f3d5 f6d5 a4b5 e8f8 a1a7 a8a7 b5b6 a7b7 f2f4 b7b6 b2a3 f8e8 g1f3 c8b7 h2h3 b6a6 e1d1 d5e3 d2e3 d8a8 a3b2
Warning; Bestmove does not match beginning of last PV - move d1f3 from B
Info; info depth 13 seldepth 20 multipv 1 score cp 159 nodes 75091 nps 250303 hashfull 21 tbhits 0 time 300 pv a6b5 e7e6 g1f3 c7c5 b5e2 g8f6 e1g1 f8e7 c2c4 e8g8 b2b3 c8b7 c1b2 d7d5
Position; fen rnbqkbnr/p1ppppp1/B6p/1p6/8/4P3/PPPP1PPP/RNBQK1NR w KQkq - 0 3
Moves; 
Warning; Bestmove does not match beginning of last PV - move h8e8 from B
Info; info depth 16 seldepth 22 multipv 1 score cp 880 nodes 238167 nps 793890 hashfull 75 tbhits 0 time 300 pv a8b8 g1h3 b8b4 b1d2 f6d7 g2g6 b4b2 c2c1 e7f6
Position; fen rnbqkb1r/ppp1pppp/3p1n2/8/4P3/8/PPPPBPPP/RNBQK1NR w KQkq - 0 3
Moves; c2c3 e7e6 e4e5 f6d5 h2h4 d6e5 d1a4 c7c6 a4c6 b7c6 a2a4 d5f4 f2f3 d8h4 h1h4 c8a6 e2f1 a6d3 e1d1 g7g5 g2g3 g5h4 a4a5 h4g3 f1h3 d3b5 h3g4 f8d6 c3c4 b5c4 d2d4 c4b3 d1d2 h7h5 g4e6 f4e6 d4e5 d6e7 d2c3 b8d7 a5a6 b3d5 c1e3 f7f5 e5f6 d7f6 e3c5 e6c5 b2b4 g3g2 a1a2 e8d8 a2g2 c5a4 c3c2
Warning; Bestmove does not match beginning of last PV - move f4e5 from B
Info; info depth 47 seldepth 16 multipv 1 score mate 8 nodes 414937 nps 1383123 hashfull 81 tbhits 0 time 300 pv f4f5 f7e7 a3d3 e7f7 d3d7 f7e8 f5e6 e8f8 e6f6 f8g8 d7d3 g8h7 d3d8 h7h6 d8h8
Position; fen rnbqkbnr/1ppp1ppp/8/p3p3/8/2N2P2/PPPPP1PP/R1BQKBNR w KQkq - 0 3
Moves; c3b5 d7d5 b5c7 d8c7 a1b1 f8e7 b1a1 b8c6 c2c3 c8e6 d1b3 g8h6 g2g3 a5a4 b3d5 e6d5 a2a3 f7f6 e2e4 d5e6 h2h3 e6f7 g3g4 e8g8 g4g5 h6f5 g5f6 g7f6 e4f5 f8b8 f1c4 g8h8 c4f7 e7c5 a1a2 c6e7 f7e8 c5f2 e1f2 e7f5 e8a4 a8a4 b2b4 c7c6 b4b5 c6e8 b5b6 a4a8 g1e2 e8f8 e2f4 f5h6 f4g6 h7g6 f3f4 f8g7 f4e5 g6g5 e5e6 h6g8 f2e3 h8h7 h1f1 h7h8 f1f5 b8e8 c1b2 e8e6 e3f2 e6e2 f2e2 a8d8 b2c1 g7f8 d2d4 h8h7 e2f3 h7g6 a3a4 g8h6 a2g2 g6h5 g2g5 f6g5 f5f8 d8f8 f3e3 f8f1 e3d2 h5g6 d2c2 f1f2 c2d3 f2f1 d3c2 f1f2 c2b1 f2f6 a4a5 f6f5 c1g5 g6g5 d4d5 f5d5 a5a6 d5b5 b1c2 b5b6 a6a7 b6a6 h3h4 g5f4 c2d3 a6a4 c3c4 h6f5 c4c5 a4a7 d3c4 a7a8 c4d3 f4f3 d3d2 f3f4 d2d3 f5g3 c5c6 a8a3 d3c2 b7c6 h4h5 g3h5 c2b2 a3e3 b2c2 e3e2 c2b3 h5f6 b3b4 f6h5 b4c5 e2e4 c5c6 e4e8 c6d5 e8e3 d5d4 e3e8 d4d5 f4f5 d5c4 f5e4 c4b5 h5g3 b5a4 e8h8 a4b3 e4f3 b3c2 h8h6 c2d3 h6g6 d3d4 g3h1 d4d5 f3f4 d5c5 g6g3 c5c6 f4e5 c6c5 e5f5 c5b5 g3h3 b5c6 f5e6 c6c5 e6f5 c5c4 h3e3 c4d4 e3g3 d4c5 f5g5 c5c6 g3f3 c6c7 g5h5 c7d7 f3d3 d7e7 h5g5 e7f7 d3e3 f7g7 e3d3 g7f7 d3a3 f7e6 g5f4 e6f7
Warning; Bestmove does not match beginning of last PV - move b3c2 from B
Info; info depth 16 seldepth 27 multipv 1 score cp 715 nodes 96503 nps 321676 hashfull 31 tbhits 0 time 300 pv b3c3 f8f7 a1e1 b7b6 e1e7 f7g6 c3c2 g6h6 h2h4 g5g4 d2c4 c8b7 c2d2 h6g6 d2d3 g6h6 d3e3 h6g6
Position; fen rnbqk1nr/pppp1ppp/8/4p3/1b6/P7/2PPPPPP/RNBQKBNR w KQkq - 0 3
Moves; a3b4 g7g6 e2e4 c7c6 c1b2 h7h5 f1e2 d8b6 g1f3 e8e7 b2e5 e7d8 e1g1 b6b4 d2d4 b4b6 c2c4 f7f5 c4c5 b6b2 d4d5 b2e2 e5c7 d8e7 d5d6 e7e6 d1e2 f5e4 e2e4 e6f6 f1e1 a7a6 e4d4 f6f7 f3g5 f7f8 g5h7 h8h7 d4f4 h7f7 f4d2 f7f5 c7b8 f5c5 e1e8 f8e8 d2e2 e8f7 e2f3 g8f6 f3e3 c5e5 e3b3 f7f8 b1d2 g6g5 b8c7 e5b5
Warning; Bestmove does not match beginning of last PV - move e4f3 from B
Info; info depth 18 seldepth 32 multipv 1 score mate 16 nodes 378738 nps 1262460 hashfull 144 tbhits 0 time 300 pv a6a2 h1b1 e4b1 d2e1 a2b2 f3d2 b1e4 e1f2 b2d2 f2e1 a8a1 e1d2 a1a2 d2d1 e4f3 d1c1 a2a1 c1c2 a1d1 c2b2 d1d2 b2a3 d2c3 a3a2 f3d5 a2b1 d5e4 b1a2 c3c2 a2a1 c2b1
Position; fen rnbqkbnr/p1ppppp1/B6p/1p6/8/4P3/PPPP1PPP/RNBQK1NR w KQkq - 0 3
Moves; d1f3 b8a6 b2b4 c7c6 c1b2 d7d5 b1c3 g8f6 c3d5 c6d5 c2c3 e7e6 g2g3 f8d6 a2a4 a6c7 f3d5 f6d5 a4b5 e8f8 a1a7 a8a7 b5b6 a7b7 f2f4 b7b6 b2a3 f8e8 g1f3 c8b7 h2h3 b6a6 e1d1 d5e3 d2e3 d8a8 a3b2 b7e4 d1d2
Warning; Bestmove does not match beginning of last PV - move f6g8 from B
Info; info depth 17 seldepth 27 multipv 1 score cp 945 nodes 298608 nps 995360 hashfull 108 tbhits 0 time 300 pv a8b8 f2e2 b8b5 g1h3 e7b4 e2e8 f6e8 h3f4
Position; fen rnbqkb1r/ppp1pppp/3p1n2/8/4P3/8/PPPPBPPP/RNBQK1NR w KQkq - 0 3
Moves; c2c3 e7e6 e4e5 f6d5 h2h4 d6e5 d1a4 c7c6 a4c6 b7c6 a2a4 d5f4 f2f3 d8h4 h1h4 c8a6 e2f1 a6d3 e1d1 g7g5 g2g3 g5h4 a4a5 h4g3 f1h3 d3b5 h3g4 f8d6 c3c4 b5c4 d2d4 c4b3 d1d2 h7h5 g4e6 f4e6 d4e5 d6e7 d2c3 b8d7 a5a6 b3d5 c1e3 f7f5 e5f6 d7f6 e3c5 e6c5 b2b4 g3g2 a1a2 e8d8 a2g2 c5a4 c3c2 h8e8 g2f2
Warning; Bestmove does not match beginning of last PV - move e5f5 from B
Info; info depth 56 seldepth 12 multipv 1 score mate 6 nodes 477764 nps 1592546 hashfull 85 tbhits 0 time 300 pv a3a7 g7g6 h1f2 g6g5 a7g7 g5h5 e5e6 h5h4 e6f6 h4h5 g7h7
Position; fen rnbqkbnr/1ppp1ppp/8/p3p3/8/2N2P2/PPPPP1PP/R1BQKBNR w KQkq - 0 3
Moves; c3b5 d7d5 b5c7 d8c7 a1b1 f8e7 b1a1 b8c6 c2c3 c8e6 d1b3 g8h6 g2g3 a5a4 b3d5 e6d5 a2a3 f7f6 e2e4 d5e6 h2h3 e6f7 g3g4 e8g8 g4g5 h6f5 g5f6 g7f6 e4f5 f8b8 f1c4 g8h8 c4f7 e7c5 a1a2 c6e7 f7e8 c5f2 e1f2 e7f5 e8a4 a8a4 b2b4 c7c6 b4b5 c6e8 b5b6 a4a8 g1e2 e8f8 e2f4 f5h6 f4g6 h7g6 f3f4 f8g7 f4e5 g6g5 e5e6 h6g8 f2e3 h8h7 h1f1 h7h8 f1f5 b8e8 c1b2 e8e6 e3f2 e6e2 f2e2 a8d8 b2c1 g7f8 d2d4 h8h7 e2f3 h7g6 a3a4 g8h6 a2g2 g6h5 g2g5 f6g5 f5f8 d8f8 f3e3 f8f1 e3d2 h5g6 d2c2 f1f2 c2d3 f2f1 d3c2 f1f2 c2b1 f2f6 a4a5 f6f5 c1g5 g6g5 d4d5 f5d5 a5a6 d5b5 b1c2 b5b6 a6a7 b6a6 h3h4 g5f4 c2d3 a6a4 c3c4 h6f5 c4c5 a4a7 d3c4 a7a8 c4d3 f4f3 d3d2 f3f4 d2d3 f5g3 c5c6 a8a3 d3c2 b7c6 h4h5 g3h5 c2b2 a3e3 b2c2 e3e2 c2b3 h5f6 b3b4 f6h5 b4c5 e2e4 c5c6 e4e8 c6d5 e8e3 d5d4 e3e8 d4d5 f4f5 d5c4 f5e4 c4b5 h5g3 b5a4 e8h8 a4b3 e4f3 b3c2 h8h6 c2d3 h6g6 d3d4 g3h1 d4d5 f3f4 d5c5 g6g3 c5c6 f4e5 c6c5 e5f5 c5b5 g3h3 b5c6 f5e6 c6c5 e6f5 c5c4 h3e3 c4d4 e3g3 d4c5 f5g5 c5c6 g3f3 c6c7 g5h5 c7d7 f3d3 d7e7 h5g5 e7f7 d3e3 f7g7 e3d3 g7f7 d3a3 f7e6 g5f4 e6f7 f4e5 f7g7
Warning; Bestmove does not match beginning of last PV - move c2f5 from B
Info; info depth 16 seldepth 30 multipv 1 score cp 741 nodes 120007 nps 398694 hashfull 39 tbhits 0 time 301 pv c2h7 d5c7 h7e7 f8g8 d6c7 d7d6 a1e1 b5e5 e1e5 d6e5 e7e8 g8h7 e8f8 b7b5 f8f7 h7h6
Position; fen rnbqk1nr/pppp1ppp/8/4p3/1b6/P7/2PPPPPP/RNBQKBNR w KQkq - 0 3
Moves; a3b4 g7g6 e2e4 c7c6 c1b2 h7h5 f1e2 d8b6 g1f3 e8e7 b2e5 e7d8 e1g1 b6b4 d2d4 b4b6 c2c4 f7f5 c4c5 b6b2 d4d5 b2e2 e5c7 d8e7 d5d6 e7e6 d1e2 f5e4 e2e4 e6f6 f1e1 a7a6 e4d4 f6f7 f3g5 f7f8 g5h7 h8h7 d4f4 h7f7 f4d2 f7f5 c7b8 f5c5 e1e8 f8e8 d2e2 e8f7 e2f3 g8f6 f3e3 c5e5 e3b3 f7f8 b1d2 g6g5 b8c7 e5b5 b3c2 f6d5
Warning; Bestmove does not match beginning of last PV - move f7f6 from B
Info; info depth 18 seldepth 26 multipv 1 score mate 13 nodes 287486 nps 958286 hashfull 104 tbhits 0 time 300 pv a6a2 d2c2 a8a4 c2c1 a2a1 b2a1 a4a1 c1c2 f3e4 c2b3 a1f1 h3h4 f1d1 b3b2 d1b1 b2a3 c7b5 a3a4 b5c3 a4a5 b1b4 a5a6 b4b7 a6a5 d6b4
Position; fen rnbqkbnr/p1ppppp1/B6p/1p6/8/4P3/PPPP1PPP/RNBQK1NR w KQkq - 0 3
Moves; d1f3 b8a6 b2b4 c7c6 c1b2 d7d5 b1c3 g8f6 c3d5 c6d5 c2c3 e7e6 g2g3 f8d6 a2a4 a6c7 f3d5 f6d5 a4b5 e8f8 a1a7 a8a7 b5b6 a7b7 f2f4 b7b6 b2a3 f8e8 g1f3 c8b7 h2h3 b6a6 e1d1 d5e3 d2e3 d8a8 a3b2 b7e4 d1d2 e4f3 h1f1
Warning; Bestmove does not match beginning of last PV - move g1f3 from B
Info; info depth 12 seldepth 12 multipv 1 score cp 0 nodes 101011 nps 336703 hashfull 37 tbhits 0 time 300 pv a8a7 e7e5 a2a4 b5b4 d2d4 f8d6 a4a5 d6b8 a7b6 b8c7 b6a7
Position; fen rnbqkbnr/p1ppppp1/B6p/1p6/8/4P3/PPPP1PPP/RNBQK1NR w KQkq - 0 3
Moves; d1f3 b8a6 f3a8 c7c6
Warning; Bestmove does not match beginning of last PV - move a3a7 from B
Info; info depth 54 seldepth 12 multipv 1 score mate 6 nodes 388739 nps 1295796 hashfull 77 tbhits 0 time 300 pv a3e3 f7g7 e3e7 g7f8 f5f6 f8g8 e7b7 g8h8 f6g6 h8g8 b7b8
Position; fen rnbqkbnr/1ppp1ppp/8/p3p3/8/2N2P2/PPPPP1PP/R1BQKBNR w KQkq - 0 3
Moves; c3b5 d7d5 b5c7 d8c7 a1b1 f8e7 b1a1 b8c6 c2c3 c8e6 d1b3 g8h6 g2g3 a5a4 b3d5 e6d5 a2a3 f7f6 e2e4 d5e6 h2h3 e6f7 g3g4 e8g8 g4g5 h6f5 g5f6 g7f6 e4f5 f8b8 f1c4 g8h8 c4f7 e7c5 a1a2 c6e7 f7e8 c5f2 e1f2 e7f5 e8a4 a8a4 b2b4 c7c6 b4b5 c6e8 b5b6 a4a8 g1e2 e8f8 e2f4 f5h6 f4g6 h7g6 f3f4 f8g7 f4e5 g6g5 e5e6 h6g8 f2e3 h8h7 h1f1 h7h8 f1f5 b8e8 c1b2 e8e6 e3f2 e6e2 f2e2 a8d8 b2c1 g7f8 d2d4 h8h7 e2f3 h7g6 a3a4 g8h6 a2g2 g6h5 g2g5 f6g5 f5f8 d8f8 f3e3 f8f1 e3d2 h5g6 d2c2 f1f2 c2d3 f2f1 d3c2 f1f2 c2b1 f2f6 a4a5 f6f5 c1g5 g6g5 d4d5 f5d5 a5a6 d5b5 b1c2 b5b6 a6a7 b6a6 h3h4 g5f4 c2d3 a6a4 c3c4 h6f5 c4c5 a4a7 d3c4 a7a8 c4d3 f4f3 d3d2 f3f4 d2d3 f5g3 c5c6 a8a3 d3c2 b7c6 h4h5 g3h5 c2b2 a3e3 b2c2 e3e2 c2b3 h5f6 b3b4 f6h5 b4c5 e2e4 c5c6 e4e8 c6d5 e8e3 d5d4 e3e8 d4d5 f4f5 d5c4 f5e4 c4b5 h5g3 b5a4 e8h8 a4b3 e4f3 b3c2 h8h6 c2d3 h6g6 d3d4 g3h1 d4d5 f3f4 d5c5 g6g3 c5c6 f4e5 c6c5 e5f5 c5b5 g3h3 b5c6 f5e6 c6c5 e6f5 c5c4 h3e3 c4d4 e3g3 d4c5 f5g5 c5c6 g3f3 c6c7 g5h5 c7d7 f3d3 d7e7 h5g5 e7f7 d3e3 f7g7 e3d3 g7f7 d3a3 f7e6 g5f4 e6f7 f4e5 f7g7 e5f5 g7f7
Warning; Bestmove does not match beginning of last PV - move f5d3 from B
Info; info depth 17 seldepth 18 multipv 1 score mate 9 nodes 129699 nps 432330 hashfull 41 tbhits 0 time 300 pv f5f6 f8g8 a1e1 b5b1 f6g6 g8f8 g6b1 a8b8 b1f5 f8g7 f5g5 g7f8 g5f6 f8g8 f6g6 g8f8 e1e8
Position; fen rnbqk1nr/pppp1ppp/8/4p3/1b6/P7/2PPPPPP/RNBQKBNR w KQkq - 0 3
Moves; a3b4 g7g6 e2e4 c7c6 c1b2 h7h5 f1e2 d8b6 g1f3 e8e7 b2e5 e7d8 e1g1 b6b4 d2d4 b4b6 c2c4 f7f5 c4c5 b6b2 d4d5 b2e2 e5c7 d8e7 d5d6 e7e6 d1e2 f5e4 e2e4 e6f6 f1e1 a7a6 e4d4 f6f7 f3g5 f7f8 g5h7 h8h7 d4f4 h7f7 f4d2 f7f5 c7b8 f5c5 e1e8 f8e8 d2e2 e8f7 e2f3 g8f6 f3e3 c5e5 e3b3 f7f8 b1d2 g6g5 b8c7 e5b5 b3c2 f6d5 c2f5 d5f6
Warning; Bestmove does not match beginning of last PV - move h8g8 from B
Info; info depth 21 seldepth 12 multipv 1 score mate 5 nodes 339672 nps 1132240 hashfull 127 tbhits 0 time 300 pv a6a3 f1c1 a8d5 d2e1 d5a2 e1f1 a2e2 f1g1 e2g2
Position; fen rnbqkbnr/p1ppppp1/B6p/1p6/8/4P3/PPPP1PPP/RNBQK1NR w KQkq - 0 3
Moves; d1f3 b8a6 b2b4 c7c6 c1b2 d7d5 b1c3 g8f6 c3d5 c6d5 c2c3 e7e6 g2g3 f8d6 a2a4 a6c7 f3d5 f6d5 a4b5 e8f8 a1a7 a8a7 b5b6 a7b7 f2f4 b7b6 b2a3 f8e8 g1f3 c8b7 h2h3 b6a6 e1d1 d5e3 d2e3 d8a8 a3b2 b7e4 d1d2 e4f3 h1f1 f7f6 b2a3
Warning; Bestmove does not match beginning of last PV - move a4b6 from B
Info; info depth 18 seldepth 30 multipv 1 score cp 967 nodes 324751 nps 1082503 hashfull 122 tbhits 0 time 300 pv a8b8 h3g5 b4c5 f2d2 b8b2 c2d1 b2b1 d1c2 b1b2 c2d1 b2d2 d1d2 g8h6 d2c2 c5b4 g5f3 e8e2 c2d3 d5f3 d3c4 e2e4 c4b3 a4c5 b3b2 e4e2 b2c1 c5d3 c1d1 d3f4
Position; fen rnbqkb1r/ppp1pppp/3p1n2/8/4P3/8/PPPPBPPP/RNBQK1NR w KQkq - 0 3
Moves; c2c3 e7e6 e4e5 f6d5 h2h4 d6e5 d1a4 c7c6 a4c6 b7c6 a2a4 d5f4 f2f3 d8h4 h1h4 c8a6 e2f1 a6d3 e1d1 g7g5 g2g3 g5h4 a4a5 h4g3 f1h3 d3b5 h3g4 f8d6 c3c4 b5c4 d2d4 c4b3 d1d2 h7h5 g4e6 f4e6 d4e5 d6e7 d2c3 b8d7 a5a6 b3d5 c1e3 f7f5 e5f6 d7f6 e3c5 e6c5 b2b4 g3g2 a1a2 e8d8 a2g2 c5a4 c3c2 h8e8 g2f2 f6g8 f3f4 e7b4 g1h3
Warning; Bestmove does not match beginning of last PV - move a7h7 from B
Info; info depth 63 seldepth 8 multipv 1 score mate 4 nodes 607884 nps 2026280 hashfull 62 tbhits 0 time 300 pv f5e6 f8g8 e6f6 g8h8 f6g6 h8g8 a7a8
Position; fen rnbqkbnr/1ppp1ppp/8/p3p3/8/2N2P2/PPPPP1PP/R1BQKBNR w KQkq - 0 3
Moves; c3b5 d7d5 b5c7 d8c7 a1b1 f8e7 b1a1 b8c6 c2c3 c8e6 d1b3 g8h6 g2g3 a5a4 b3d5 e6d5 a2a3 f7f6 e2e4 d5e6 h2h3 e6f7 g3g4 e8g8 g4g5 h6f5 g5f6 g7f6 e4f5 f8b8 f1c4 g8h8 c4f7 e7c5 a1a2 c6e7 f7e8 c5f2 e1f2 e7f5 e8a4 a8a4 b2b4 c7c6 b4b5 c6e8 b5b6 a4a8 g1e2 e8f8 e2f4 f5h6 f4g6 h7g6 f3f4 f8g7 f4e5 g6g5 e5e6 h6g8 f2e3 h8h7 h1f1 h7h8 f1f5 b8e8 c1b2 e8e6 e3f2 e6e2 f2e2 a8d8 b2c1 g7f8 d2d4 h8h7 e2f3 h7g6 a3a4 g8h6 a2g2 g6h5 g2g5 f6g5 f5f8 d8f8 f3e3 f8f1 e3d2 h5g6 d2c2 f1f2 c2d3 f2f1 d3c2 f1f2 c2b1 f2f6 a4a5 f6f5 c1g5 g6g5 d4d5 f5d5 a5a6 d5b5 b1c2 b5b6 a6a7 b6a6 h3h4 g5f4 c2d3 a6a4 c3c4 h6f5 c4c5 a4a7 d3c4 a7a8 c4d3 f4f3 d3d2 f3f4 d2d3 f5g3 c5c6 a8a3 d3c2 b7c6 h4h5 g3h5 c2b2 a3e3 b2c2 e3e2 c2b3 h5f6 b3b4 f6h5 b4c5 e2e4 c5c6 e4e8 c6d5 e8e3 d5d4 e3e8 d4d5 f4f5 d5c4 f5e4 c4b5 h5g3 b5a4 e8h8 a4b3 e4f3 b3c2 h8h6 c2d3 h6g6 d3d4 g3h1 d4d5 f3f4 d5c5 g6g3 c5c6 f4e5 c6c5 e5f5 c5b5 g3h3 b5c6 f5e6 c6c5 e6f5 c5c4 h3e3 c4d4 e3g3 d4c5 f5g5 c5c6 g3f3 c6c7 g5h5 c7d7 f3d3 d7e7 h5g5 e7f7 d3e3 f7g7 e3d3 g7f7 d3a3 f7e6 g5f4 e6f7 f4e5 f7g7 e5f5 g7f7 a3a7 f7f8
Warning; Bestmove does not match beginning of last PV - move a8a7 from B
Info; info depth 13 seldepth 23 multipv 1 score cp -59 nodes 82742 nps 275806 hashfull 33 tbhits 0 time 300 pv d2d4 c2a1 c1d2 d8c7 b1c3 c7b7 a8b7 c8b7 f1a1 g8f6 e3e4 d7d6 e4e5 f6d7 e5d6 e7d6
Position; fen rnbqkbnr/p1ppppp1/B6p/1p6/8/4P3/PPPP1PPP/RNBQK1NR w KQkq - 0 3
Moves; d1f3 b8a6 f3a8 c7c6 g1f3 a6b4 e1g1 b4c2
Warning; Bestmove does not match beginning of last PV - move f5e5 from B
Info; info depth 64 seldepth 12 multipv 1 score mate 6 nodes 551576 nps 1838586 hashfull 54 tbhits 0 time 300 pv f5f6 e8d8 f6e6 d8c8 e6d6 c8b8 d6c6 b8a8 c6b6 a8b8 h7h8
Position; fen rnbqkbnr/1ppp1ppp/8/p3p3/8/2N2P2/PPPPP1PP/R1BQKBNR w KQkq - 0 3
Moves; c3b5 d7d5 b5c7 d8c7 a1b1 f8e7 b1a1 b8c6 c2c3 c8e6 d1b3 g8h6 g2g3 a5a4 b3d5 e6d5 a2a3 f7f6 e2e4 d5e6 h2h3 e6f7 g3g4 e8g8 g4g5 h6f5 g5f6 g7f6 e4f5 f8b8 f1c4 g8h8 c4f7 e7c5 a1a2 c6e7 f7e8 c5f2 e1f2 e7f5 e8a4 a8a4 b2b4 c7c6 b4b5 c6e8 b5b6 a4a8 g1e2 e8f8 e2f4 f5h6 f4g6 h7g6 f3f4 f8g7 f4e5 g6g5 e5e6 h6g8 f2e3 h8h7 h1f1 h7h8 f1f5 b8e8 c1b2 e8e6 e3f2 e6e2 f2e2 a8d8 b2c1 g7f8 d2d4 h8h7 e2f3 h7g6 a3a4 g8h6 a2g2 g6h5 g2g5 f6g5 f5f8 d8f8 f3e3 f8f1 e3d2 h5g6 d2c2 f1f2 c2d3 f2f1 d3c2 f1f2 c2b1 f2f6 a4a5 f6f5 c1g5 g6g5 d4d5 f5d5 a5a6 d5b5 b1c2 b5b6 a6a7 b6a6 h3h4 g5f4 c2d3 a6a4 c3c4 h6f5 c4c5 a4a7 d3c4 a7a8 c4d3 f4f3 d3d2 f3f4 d2d3 f5g3 c5c6 a8a3 d3c2 b7c6 h4h5 g3h5 c2b2 a3e3 b2c2 e3e2 c2b3 h5f6 b3b4 f6h5 b4c5 e2e4 c5c6 e4e8 c6d5 e8e3 d5d4 e3e8 d4d5 f4f5 d5c4 f5e4 c4b5 h5g3 b5a4 e8h8 a4b3 e4f3 b3c2 h8h6 c2d3 h6g6 d3d4 g3h1 d4d5 f3f4 d5c5 g6g3 c5c6 f4e5 c6c5 e5f5 c5b5 g3h3 b5c6 f5e6 c6c5 e6f5 c5c4 h3e3 c4d4 e3g3 d4c5 f5g5 c5c6 g3f3 c6c7 g5h5 c7d7 f3d3 d7e7 h5g5 e7f7 d3e3 f7g7 e3d3 g7f7 d3a3 f7e6 g5f4 e6f7 f4e5 f7g7 e5f5 g7f7 a3a7 f7f8 a7h7 f8e8
Warning; Bestmove does not match beginning of last PV - move g6h6 from B
Info; info depth 19 seldepth 30 multipv 1 score mate 4 nodes 212015 nps 706716 hashfull 79 tbhits 0 time 300 pv a1e1 d5e3 e1e3 b5b1 d2b1 h5h4 e3e8
Position; fen rnbqk1nr/pppp1ppp/8/4p3/1b6/P7/2PPPPPP/RNBQKBNR w KQkq - 0 3
Moves; a3b4 g7g6 e2e4 c7c6 c1b2 h7h5 f1e2 d8b6 g1f3 e8e7 b2e5 e7d8 e1g1 b6b4 d2d4 b4b6 c2c4 f7f5 c4c5 b6b2 d4d5 b2e2 e5c7 d8e7 d5d6 e7e6 d1e2 f5e4 e2e4 e6f6 f1e1 a7a6 e4d4 f6f7 f3g5 f7f8 g5h7 h8h7 d4f4 h7f7 f4d2 f7f5 c7b8 f5c5 e1e8 f8e8 d2e2 e8f7 e2f3 g8f6 f3e3 c5e5 e3b3 f7f8 b1d2 g6g5 b8c7 e5b5 b3c2 f6d5 c2f5 d5f6 f5d3 f6d5 d3g6 g5g4
Finished game 13 (A vs B): 0-1 {Black mates}
Started game 15 of 16 (A vs B)
Warning; Bestmove does not match beginning of last PV - move f2e3 from B
Info; info depth 17 seldepth 27 multipv 1 score cp 437 nodes 167574 nps 556724 hashfull 67 tbhits 0 time 301 pv d2e3 e7e5 e3e4 g8f6 a2a4 f8d6 f1d1 d6c7 a4b5 e8g8 a7a3 c6b5 b1c3 c8b7
Position; fen rnbqkbnr/p1ppppp1/B6p/1p6/8/4P3/PPPP1PPP/RNBQK1NR w KQkq - 0 3
Moves; d1f3 b8a6 f3a8 c7c6 g1f3 a6b4 e1g1 b4c2 a8a7 c2e3
Warning; Bestmove does not match beginning of last PV - move b4c5 from B
Info; info depth 23 seldepth 14 multipv 1 score mate 7 nodes 373211 nps 1244036 hashfull 134 tbhits 0 time 300 pv e8e3 b3a4 b4c5 h3g5 a8b8 g5f7 d5f7 f2d2 c4d2 a4a5 d2b1 a5a4 e3a3
Position; fen rnbqkb1r/ppp1pppp/3p1n2/8/4P3/8/PPPPBPPP/RNBQK1NR w KQkq - 0 3
Moves; c2c3 e7e6 e4e5 f6d5 h2h4 d6e5 d1a4 c7c6 a4c6 b7c6 a2a4 d5f4 f2f3 d8h4 h1h4 c8a6 e2f1 a6d3 e1d1 g7g5 g2g3 g5h4 a4a5 h4g3 f1h3 d3b5 h3g4 f8d6 c3c4 b5c4 d2d4 c4b3 d1d2 h7h5 g4e6 f4e6 d4e5 d6e7 d2c3 b8d7 a5a6 b3d5 c1e3 f7f5 e5f6 d7f6 e3c5 e6c5 b2b4 g3g2 a1a2 e8d8 a2g2 c5a4 c3c2 h8e8 g2f2 f6g8 f3f4 e7b4 g1h3 a4b6 c2b2 b6c4 b2b3
Warning; Bestmove does not match beginning of last PV - move h7d7 from B
Info; info depth 64 seldepth 10 multipv 1 score mate 5 nodes 342345 nps 1141150 hashfull 35 tbhits 0 time 300 pv e5e6 f8g8 h7f7 g8h8 e6f6 h8g8 f6g6 g8h8 f7f8
Position; fen rnbqkbnr/1ppp1ppp/8/p3p3/8/2N2P2/PPPPP1PP/R1BQKBNR w KQkq - 0 3
Moves; c3b5 d7d5 b5c7 d8c7 a1b1 f8e7 b1a1 b8c6 c2c3 c8e6 d1b3 g8h6 g2g3 a5a4 b3d5 e6d5 a2a3 f7f6 e2e4 d5e6 h2h3 e6f7 g3g4 e8g8 g4g5 h6f5 g5f6 g7f6 e4f5 f8b8 f1c4 g8h8 c4f7 e7c5 a1a2 c6e7 f7e8 c5f2 e1f2 e7f5 e8a4 a8a4 b2b4 c7c6 b4b5 c6e8 b5b6 a4a8 g1e2 e8f8 e2f4 f5h6 f4g6 h7g6 f3f4 f8g7 f4e5 g6g5 e5e6 h6g8 f2e3 h8h7 h1f1 h7h8 f1f5 b8e8 c1b2 e8e6 e3f2 e6e2 f2e2 a8d8 b2c1 g7f8 d2d4 h8h7 e2f3 h7g6 a3a4 g8h6 a2g2 g6h5 g2g5 f6g5 f5f8 d8f8 f3e3 f8f1 e3d2 h5g6 d2c2 f1f2 c2d3 f2f1 d3c2 f1f2 c2b1 f2f6 a4a5 f6f5 c1g5 g6g5 d4d5 f5d5 a5a6 d5b5 b1c2 b5b6 a6a7 b6a6 h3h4 g5f4 c2d3 a6a4 c3c4 h6f5 c4c5 a4a7 d3c4 a7a8 c4d3 f4f3 d3d2 f3f4 d2d3 f5g3 c5c6 a8a3 d3c2 b7c6 h4h5 g3h5 c2b2 a3e3 b2c2 e3e2 c2b3 h5f6 b3b4 f6h5 b4c5 e2e4 c5c6 e4e8 c6d5 e8e3 d5d4 e3e8 d4d5 f4f5 d5c4 f5e4 c4b5 h5g3 b5a4 e8h8 a4b3 e4f3 b3c2 h8h6 c2d3 h6g6 d3d4 g3h1 d4d5 f3f4 d5c5 g6g3 c5c6 f4e5 c6c5 e5f5 c5b5 g3h3 b5c6 f5e6 c6c5 e6f5 c5c4 h3e3 c4d4 e3g3 d4c5 f5g5 c5c6 g3f3 c6c7 g5h5 c7d7 f3d3 d7e7 h5g5 e7f7 d3e3 f7g7 e3d3 g7f7 d3a3 f7e6 g5f4 e6f7 f4e5 f7g7 e5f5 g7f7 a3a7 f7f8 a7h7 f8e8 f5e5 e8f8
Warning; Bestmove does not match beginning of last PV - move h6h7 from B
Info; info depth 18 seldepth 28 multipv 1 score mate 13 nodes 151171 nps 500566 hashfull 62 tbhits 0 time 302 pv a1e1 d5e3 h6h7 f7f6 f2e3 b5b1 d2b1 f6e6 h7g6 e6d5 b1d2 d5e5 g6h5 e5f6 d2e4 f6e6 e4c5 e6f6 e1f1 f6g7 h5g5 g7h8 g5h6 h8g8 f1f8
Position; fen rnbqk1nr/pppp1ppp/8/4p3/1b6/P7/2PPPPPP/RNBQKBNR w KQkq - 0 3
Moves; a3b4 g7g6 e2e4 c7c6 c1b2 h7h5 f1e2 d8b6 g1f3 e8e7 b2e5 e7d8 e1g1 b6b4 d2d4 b4b6 c2c4 f7f5 c4c5 b6b2 d4d5 b2e2 e5c7 d8e7 d5d6 e7e6 d1e2 f5e4 e2e4 e6f6 f1e1 a7a6 e4d4 f6f7 f3g5 f7f8 g5h7 h8h7 d4f4 h7f7 f4d2 f7f5 c7b8 f5c5 e1e8 f8e8 d2e2 e8f7 e2f3 g8f6 f3e3 c5e5 e3b3 f7f8 b1d2 g6g5 b8c7 e5b5 b3c2 f6d5 c2f5 d5f6 f5d3 f6d5 d3g6 g5g4 g6h6 f8f7
Warning; Bestmove does not match beginning of last PV - move d7d5 from B
Info; info depth 13 seldepth 24 multipv 1 score cp 131 nodes 88687 nps 294641 hashfull 26 tbhits 0 time 301 pv f8b4 c2c3 b4e7 e2e4 c7c5 d2d4 c5d4 c3d4 b8c6 g1f3 e7b4 c1d2 g8f6 f1d3 d7d5 e4e5 f6e4 d2b4 c6b4 e1g1 e8g8 d3e4 d5e4
Position; fen rnbqkbnr/pppp1pp1/4p2p/8/P7/1P6/2PPPPPP/RNBQKBNR w KQkq - 0 3
Moves; b3b4
Warning; Bestmove does not match beginning of last PV - move g1f2 from B
Info; info depth 16 seldepth 25 multipv 1 score cp 490 nodes 159319 nps 531063 hashfull 59 tbhits 0 time 300 pv a7c5 d7d5 c5c6 c8d7 c6c2 e7e5 c2g6 e8e7 g6c2 e7e8 d2d4
Position; fen rnbqkbnr/p1ppppp1/B6p/1p6/8/4P3/PPPP1PPP/RNBQK1NR w KQkq - 0 3
Moves; d1f3 b8a6 f3a8 c7c6 g1f3 a6b4 e1g1 b4c2 a8a7 c2e3 f2e3 f7f6
Warning; Bestmove does not match beginning of last PV - move d5e4 from B
Info; info depth 19 seldepth 18 multipv 1 score mate 9 nodes 328541 nps 1095136 hashfull 122 tbhits 0 time 300 pv a8b8 f2f3 d5f3 c2c3 f3d5 h3g5 e8e3 c3c2 b8b2 c2d1 b2b1 d1c2 b1b2 c2d1 b2d2 d1c1 e3e1
Position; fen rnbqkb1r/ppp1pppp/3p1n2/8/4P3/8/PPPPBPPP/RNBQK1NR w KQkq - 0 3
Moves; c2c3 e7e6 e4e5 f6d5 h2h4 d6e5 d1a4 c7c6 a4c6 b7c6 a2a4 d5f4 f2f3 d8h4 h1h4 c8a6 e2f1 a6d3 e1d1 g7g5 g2g3 g5h4 a4a5 h4g3 f1h3 d3b5 h3g4 f8d6 c3c4 b5c4 d2d4 c4b3 d1d2 h7h5 g4e6 f4e6 d4e5 d6e7 d2c3 b8d7 a5a6 b3d5 c1e3 f7f5 e5f6 d7f6 e3c5 e6c5 b2b4 g3g2 a1a2 e8d8 a2g2 c5a4 c3c2 h8e8 g2f2 f6g8 f3f4 e7b4 g1h3 a4b6 c2b2 b6c4 b2b3 b4c5 b3c2
Warning; Bestmove does not match beginning of last PV - move d7g7 from B
Info; info depth 53 seldepth 10 multipv 1 score mate 5 nodes 253328 nps 844426 hashfull 44 tbhits 0 time 300 pv e5e6 e8f8 e6f6 f8g8 d7d3 g8h7 d3d8 h7h6 d8h8
Position; fen rnbqkbnr/1ppp1ppp/8/p3p3/8/2N2P2/PPPPP1PP/R1BQKBNR w KQkq - 0 3
Moves; c3b5 d7d5 b5c7 d8c7 a1b1 f8e7 b1a1 b8c6 c2c3 c8e6 d1b3 g8h6 g2g3 a5a4 b3d5 e6d5 a2a3 f7f6 e2e4 d5e6 h2h3 e6f7 g3g4 e8g8 g4g5 h6f5 g5f6 g7f6 e4f5 f8b8 f1c4 g8h8 c4f7 e7c5 a1a2 c6e7 f7e8 c5f2 e1f2 e7f5 e8a4 a8a4 b2b4 c7c6 b4b5 c6e8 b5b6 a4a8 g1e2 e8f8 e2f4 f5h6 f4g6 h7g6 f3f4 f8g7 f4e5 g6g5 e5e6 h6g8 f2e3 h8h7 h1f1 h7h8 f1f5 b8e8 c1b2 e8e6 e3f2 e6e2 f2e2 a8d8 b2c1 g7f8 d2d4 h8h7 e2f3 h7g6 a3a4 g8h6 a2g2 g6h5 g2g5 f6g5 f5f8 d8f8 f3e3 f8f1 e3d2 h5g6 d2c2 f1f2 c2d3 f2f1 d3c2 f1f2 c2b1 f2f6 a4a5 f6f5 c1g5 g6g5 d4d5 f5d5 a5a6 d5b5 b1c2 b5b6 a6a7 b6a6 h3h4 g5f4 c2d3 a6a4 c3c4 h6f5 c4c5 a4a7 d3c4 a7a8 c4d3 f4f3 d3d2 f3f4 d2d3 f5g3 c5c6 a8a3 d3c2 b7c6 h4h5 g3h5 c2b2 a3e3 b2c2 e3e2 c2b3 h5f6 b3b4 f6h5 b4c5 e2e4 c5c6 e4e8 c6d5 e8e3 d5d4 e3e8 d4d5 f4f5 d5c4 f5e4 c4b5 h5g3 b5a4 e8h8 a4b3 e4f3 b3c2 h8h6 c2d3 h6g6 d3d4 g3h1 d4d5 f3f4 d5c5 g6g3 c5c6 f4e5 c6c5 e5f5 c5b5 g3h3 b5c6 f5e6 c6c5 e6f5 c5c4 h3e3 c4d4 e3g3 d4c5 f5g5 c5c6 g3f3 c6c7 g5h5 c7d7 f3d3 d7e7 h5g5 e7f7 d3e3 f7g7 e3d3 g7f7 d3a3 f7e6 g5f4 e6f7 f4e5 f7g7 e5f5 g7f7 a3a7 f7f8 a7h7 f8e8 f5e5 e8f8 h7d7 f8e8
Warning; Bestmove does not match beginning of last PV - move g8f6 from B
Info; info depth 12 seldepth 16 multipv 1 score cp 109 nodes 62931 nps 207693 hashfull 16 tbhits 0 time 303 pv e6e5 e2e3 b8d7 d1b3 g8f6 d2d4 f8d6 b1d2 e8g8 c1a3 f8e8 b4b5 d6a3 b3a3
Position; fen rnbqkbnr/pppp1pp1/4p2p/8/P7/1P6/2PPPPPP/RNBQKBNR w KQkq - 0 3
Moves; b3b4 d7d5 c2c3
Warning; Bestmove does not match beginning of last PV - move a8b8 from B
Info; info depth 18 seldepth 30 multipv 1 score cp 1001 nodes 400081 nps 1333603 hashfull 159 tbhits 0 time 300 pv e4d5 f2d2 a8b8 h3f2 c4d2 b1d2 g8f6 d2c4
Position; fen rnbqkb1r/ppp1pppp/3p1n2/8/4P3/8/PPPPBPPP/RNBQK1NR w KQkq - 0 3
Moves; c2c3 e7e6 e4e5 f6d5 h2h4 d6e5 d1a4 c7c6 a4c6 b7c6 a2a4 d5f4 f2f3 d8h4 h1h4 c8a6 e2f1 a6d3 e1d1 g7g5 g2g3 g5h4 a4a5 h4g3 f1h3 d3b5 h3g4 f8d6 c3c4 b5c4 d2d4 c4b3 d1d2 h7h5 g4e6 f4e6 d4e5 d6e7 d2c3 b8d7 a5a6 b3d5 c1e3 f7f5 e5f6 d7f6 e3c5 e6c5 b2b4 g3g2 a1a2 e8d8 a2g2 c5a4 c3c2 h8e8 g2f2 f6g8 f3f4 e7b4 g1h3 a4b6 c2b2 b6c4 b2b3 b4c5 b3c2 d5e4 c2c3
Warning; Bestmove does not match beginning of last PV - move g7b7 from B
Info; info depth 65 seldepth 12 multipv 1 score mate 6 nodes 390978 nps 1303260 hashfull 57 tbhits 0 time 300 pv g7d7 f8e8 e5e6 e8f8 e6f6 f8g8 d7d3 g8h7 d3d8 h7h6 d8h8
Position; fen rnbqkbnr/1ppp1ppp/8/p3p3/8/2N2P2/PPPPP1PP/R1BQKBNR w KQkq - 0 3
Moves; c3b5 d7d5 b5c7 d8c7 a1b1 f8e7 b1a1 b8c6 c2c3 c8e6 d1b3 g8h6 g2g3 a5a4 b3d5 e6d5 a2a3 f7f6 e2e4 d5e6 h2h3 e6f7 g3g4 e8g8 g4g5 h6f5 g5f6 g7f6 e4f5 f8b8 f1c4 g8h8 c4f7 e7c5 a1a2 c6e7 f7e8 c5f2 e1f2 e7f5 e8a4 a8a4 b2b4 c7c6 b4b5 c6e8 b5b6 a4a8 g1e2 e8f8 e2f4 f5h6 f4g6 h7g6 f3f4 f8g7 f4e5 g6g5 e5e6 h6g8 f2e3 h8h7 h1f1 h7h8 f1f5 b8e8 c1b2 e8e6 e3f2 e6e2 f2e2 a8d8 b2c1 g7f8 d2d4 h8h7 e2f3 h7g6 a3a4 g8h6 a2g2 g6h5 g2g5 f6g5 f5f8 d8f8 f3e3 f8f1 e3d2 h5g6 d2c2 f1f2 c2d3 f2f1 d3c2 f1f2 c2b1 f2f6 a4a5 f6f5 c1g5 g6g5 d4d5 f5d5 a5a6 d5b5 b1c2 b5b6 a6a7 b6a6 h3h4 g5f4 c2d3 a6a4 c3c4 h6f5 c4c5 a4a7 d3c4 a7a8 c4d3 f4f3 d3d2 f3f4 d2d3 f5g3 c5c6 a8a3 d3c2 b7c6 h4h5 g3h5 c2b2 a3e3 b2c2 e3e2 c2b3 h5f6 b3b4 f6h5 b4c5 e2e4 c5c6 e4e8 c6d5 e8e3 d5d4 e3e8 d4d5 f4f5 d5c4 f5e4 c4b5 h5g3 b5a4 e8h8 a4b3 e4f3 b3c2 h8h6 c2d3 h6g6 d3d4 g3h1 d4d5 f3f4 d5c5 g6g3 c5c6 f4e5 c6c5 e5f5 c5b5 g3h3 b5c6 f5e6 c6c5 e6f5 c5c4 h3e3 c4d4 e3g3 d4c5 f5g5 c5c6 g3f3 c6c7 g5h5 c7d7 f3d3 d7e7 h5g5 e7f7 d3e3 f7g7 e3d3 g7f7 d3a3 f7e6 g5f4 e6f7 f4e5 f7g7 e5f5 g7f7 a3a7 f7f8 a7h7 f8e8 f5e5 e8f8 h7d7 f8e8 d7g7 e8f8
Warning; Bestmove does not match beginning of last PV - move f2f3 from B
Info; info depth 31 seldepth 8 multipv 1 score mate 4 nodes 170700 nps 569000 hashfull 47 tbhits 0 time 300 pv h7g6 e6e5 e1e3 e5d4 g6e4 d4c5 e4c4
Position; fen rnbqk1nr/pppp1ppp/8/4p3/1b6/P7/2PPPPPP/RNBQKBNR w KQkq - 0 3
Moves; a3b4 g7g6 e2e4 c7c6 c1b2 h7h5 f1e2 d8b6 g1f3 e8e7 b2e5 e7d8 e1g1 b6b4 d2d4 b4b6 c2c4 f7f5 c4c5 b6b2 d4d5 b2e2 e5c7 d8e7 d5d6 e7e6 d1e2 f5e4 e2e4 e6f6 f1e1 a7a6 e4d4 f6f7 f3g5 f7f8 g5h7 h8h7 d4f4 h7f7 f4d2 f7f5 c7b8 f5c5 e1e8 f8e8 d2e2 e8f7 e2f3 g8f6 f3e3 c5e5 e3b3 f7f8 b1d2 g6g5 b8c7 e5b5 b3c2 f6d5 c2f5 d5f6 f5d3 f6d5 d3g6 g5g4 g6h6 f8f7 h6h7 f7e6 a1e1 d5e3
Warning; Bestmove does not match beginning of last PV - move f8d6 from B
Info; info depth 12 seldepth 19 multipv 1 score cp 73 nodes 92563 nps 308543 hashfull 26 tbhits 0 time 300 pv e6e5 e2e3 a7a5 f1e2 a5b4 c3b4 e5e4 d2d4 f8d6 b4b5 d6a3 a1a3
Position; fen rnbqkbnr/pppp1pp1/4p2p/8/P7/1P6/2PPPPPP/RNBQKBNR w KQkq - 0 3
Moves; b3b4 d7d5 c2c3 g8f6 c1a3
Warning; Bestmove does not match beginning of last PV - move d2d3 from B
Info; info depth 16 seldepth 22 multipv 1 score cp 681 nodes 182880 nps 609600 hashfull 69 tbhits 0 time 300 pv a6d3 e7e6 d3g6 e8e7 b2b3 h6h5 g6c2 g8h6 f2e2 h6g4 d2d4 d8c7 a2a3
Position; fen rnbqkbnr/p1ppppp1/B6p/1p6/8/4P3/PPPP1PPP/RNBQK1NR w KQkq - 0 3
Moves; d1f3 b8a6 f3a8 c7c6 g1f3 a6b4 e1g1 b4c2 a8a7 c2e3 f2e3 f7f6 g1f2 c8a6 a7a6 b5b4
Warning; Bestmove does not match beginning of last PV - move a6a4 from B
Info; info depth 18 seldepth 21 multipv 1 score cp 750 nodes 255791 nps 852636 hashfull 97 tbhits 0 time 300 pv a2b3 e7e6 a6a8 d8a8 a1a8 e8f7 f2g1 g7g5 f3e5 f7g7 e5d7 f8d6 a8a7
Position; fen rnbqkbnr/p1ppppp1/B6p/1p6/8/4P3/PPPP1PPP/RNBQK1NR w KQkq - 0 3
Moves; d1f3 b8a6 f3a8 c7c6 g1f3 a6b4 e1g1 b4c2 a8a7 c2e3 f2e3 f7f6 g1f2 c8a6 a7a6 b5b4 d2d3 b4b3
Warning; Bestmove does not match beginning of last PV - move g8f6 from B
Info; info depth 19 seldepth 38 multipv 1 score cp 1297 nodes 318193 nps 1060643 hashfull 90 tbhits 0 time 300 pv e4d5 c4c3 e8e3 c3c2 e3h3 f4f5 g8f6 c2d1 f2c5 d1e2 h5h4 e2f1 h3h1 f1e2 h1h2 e2d3 h2d2 d3d2 b8b6 d2c2 h4h3 c2c3 h3h2 c3d3 h2h1q d3d2
Position; fen rnbqkb1r/ppp1pppp/3p1n2/8/4P3/8/PPPPBPPP/RNBQK1NR w KQkq - 0 3
Moves; c2c3 e7e6 e4e5 f6d5 h2h4 d6e5 d1a4 c7c6 a4c6 b7c6 a2a4 d5f4 f2f3 d8h4 h1h4 c8a6 e2f1 a6d3 e1d1 g7g5 g2g3 g5h4 a4a5 h4g3 f1h3 d3b5 h3g4 f8d6 c3c4 b5c4 d2d4 c4b3 d1d2 h7h5 g4e6 f4e6 d4e5 d6e7 d2c3 b8d7 a5a6 b3d5 c1e3 f7f5 e5f6 d7f6 e3c5 e6c5 b2b4 g3g2 a1a2 e8d8 a2g2 c5a4 c3c2 h8e8 g2f2 f6g8 f3f4 e7b4 g1h3 a4b6 c2b2 b6c4 b2b3 b4c5 b3c2 d5e4 c2c3 a8b8 c3c4 c5f2 b1d2
Warning; Bestmove does not match beginning of last PV - move g6d3 from B
Info; info depth 27 seldepth 6 multipv 1 score mate 3 nodes 175620 nps 585400 hashfull 67 tbhits 0 time 300 pv g6e4 d5c5 e1c1 e3c4 c1c4
Position; fen rnbqk1nr/pppp1ppp/8/4p3/1b6/P7/2PPPPPP/RNBQKBNR w KQkq - 0 3
Moves; a3b4 g7g6 e2e4 c7c6 c1b2 h7h5 f1e2 d8b6 g1f3 e8e7 b2e5 e7d8 e1g1 b6b4 d2d4 b4b6 c2c4 f7f5 c4c5 b6b2 d4d5 b2e2 e5c7 d8e7 d5d6 e7e6 d1e2 f5e4 e2e4 e6f6 f1e1 a7a6 e4d4 f6f7 f3g5 f7f8 g5h7 h8h7 d4f4 h7f7 f4d2 f7f5 c7b8 f5c5 e1e8 f8e8 d2e2 e8f7 e2f3 g8f6 f3e3 c5e5 e3b3 f7f8 b1d2 g6g5 b8c7 e5b5 b3c2 f6d5 c2f5 d5f6 f5d3 f6d5 d3g6 g5g4 g6h6 f8f7 h6h7 f7e6 a1e1 d5e3 f2f3 g4f3 h7g6 e6d5
Warning; Bestmove does not match beginning of last PV - move a4e4 from B
Info; info depth 18 seldepth 31 multipv 1 score cp 709 nodes 257063 nps 856876 hashfull 101 tbhits 0 time 300 pv a4a2 e7e6 a2a8 f8e7 f2e2 g7g5 a8d8 e7d8 c1d2 g8e7 d2c3 e8g8 g2g4 e7d5
Position; fen rnbqkbnr/p1ppppp1/B6p/1p6/8/4P3/PPPP1PPP/RNBQK1NR w KQkq - 0 3
Moves; d1f3 b8a6 f3a8 c7c6 g1f3 a6b4 e1g1 b4c2 a8a7 c2e3 f2e3 f7f6 g1f2 c8a6 a7a6 b5b4 d2d3 b4b3 a6a4 b3a2
Warning; Bestmove does not match beginning of last PV - move e6e5 from B
Info; info depth 174 seldepth 6 multipv 1 score mate 3 nodes 616890 nps 2056300 hashfull 12 tbhits 0 time 300 pv e6f6 g8h8 f6g6 h8g8 b7b8
Position; fen rnbqkbnr/1ppp1ppp/8/p3p3/8/2N2P2/PPPPP1PP/R1BQKBNR w KQkq - 0 3
Moves; c3b5 d7d5 b5c7 d8c7 a1b1 f8e7 b1a1 b8c6 c2c3 c8e6 d1b3 g8h6 g2g3 a5a4 b3d5 e6d5 a2a3 f7f6 e2e4 d5e6 h2h3 e6f7 g3g4 e8g8 g4g5 h6f5 g5f6 g7f6 e4f5 f8b8 f1c4 g8h8 c4f7 e7c5 a1a2 c6e7 f7e8 c5f2 e1f2 e7f5 e8a4 a8a4 b2b4 c7c6 b4b5 c6e8 b5b6 a4a8 g1e2 e8f8 e2f4 f5h6 f4g6 h7g6 f3f4 f8g7 f4e5 g6g5 e5e6 h6g8 f2e3 h8h7 h1f1 h7h8 f1f5 b8e8 c1b2 e8e6 e3f2 e6e2 f2e2 a8d8 b2c1 g7f8 d2d4 h8h7 e2f3 h7g6 a3a4 g8h6 a2g2 g6h5 g2g5 f6g5 f5f8 d8f8 f3e3 f8f1 e3d2 h5g6 d2c2 f1f2 c2d3 f2f1 d3c2 f1f2 c2b1 f2f6 a4a5 f6f5 c1g5 g6g5 d4d5 f5d5 a5a6 d5b5 b1c2 b5b6 a6a7 b6a6 h3h4 g5f4 c2d3 a6a4 c3c4 h6f5 c4c5 a4a7 d3c4 a7a8 c4d3 f4f3 d3d2 f3f4 d2d3 f5g3 c5c6 a8a3 d3c2 b7c6 h4h5 g3h5 c2b2 a3e3 b2c2 e3e2 c2b3 h5f6 b3b4 f6h5 b4c5 e2e4 c5c6 e4e8 c6d5 e8e3 d5d4 e3e8 d4d5 f4f5 d5c4 f5e4 c4b5 h5g3 b5a4 e8h8 a4b3 e4f3 b3c2 h8h6 c2d3 h6g6 d3d4 g3h1 d4d5 f3f4 d5c5 g6g3 c5c6 f4e5 c6c5 e5f5 c5b5 g3h3 b5c6 f5e6 c6c5 e6f5 c5c4 h3e3 c4d4 e3g3 d4c5 f5g5 c5c6 g3f3 c6c7 g5h5 c7d7 f3d3 d7e7 h5g5 e7f7 d3e3 f7g7 e3d3 g7f7 d3a3 f7e6 g5f4 e6f7 f4e5 f7g7 e5f5 g7f7 a3a7 f7f8 a7h7 f8e8 f5e5 e8f8 h7d7 f8e8 d7g7 e8f8 g7b7 f8e8 e5d6 e8f8 d6e6 f8g8
Warning; Bestmove does not match beginning of last PV - move f2b6 from B
Info; info depth 20 seldepth 14 multipv 1 score mate 6 nodes 406154 nps 1353846 hashfull 144 tbhits 0 time 300 pv f2e1 f1e3 b8b4 c4c5 f6d7 c5d6 b4d4 e3d5 e4d5 h3g5 e1b4
Position; fen rnbqkb1r/ppp1pppp/3p1n2/8/4P3/8/PPPPBPPP/RNBQK1NR w KQkq - 0 3
Moves; c2c3 e7e6 e4e5 f6d5 h2h4 d6e5 d1a4 c7c6 a4c6 b7c6 a2a4 d5f4 f2f3 d8h4 h1h4 c8a6 e2f1 a6d3 e1d1 g7g5 g2g3 g5h4 a4a5 h4g3 f1h3 d3b5 h3g4 f8d6 c3c4 b5c4 d2d4 c4b3 d1d2 h7h5 g4e6 f4e6 d4e5 d6e7 d2c3 b8d7 a5a6 b3d5 c1e3 f7f5 e5f6 d7f6 e3c5 e6c5 b2b4 g3g2 a1a2 e8d8 a2g2 c5a4 c3c2 h8e8 g2f2 f6g8 f3f4 e7b4 g1h3 a4b6 c2b2 b6c4 b2b3 b4c5 b3c2 d5e4 c2c3 a8b8 c3c4 c5f2 b1d2 g8f6 d2f1
Warning; Bestmove does not match beginning of last PV - move c8f5 from B
Info; info depth 13 seldepth 17 multipv 1 score cp 221 nodes 52032 nps 170596 hashfull 15 tbhits 0 time 305 pv e8g8 b4b5 c7c5 b5c6 b8c6 a3d6 d8d6 f1e2 c8f5 c1a3 d6e6
Position; fen rnbqkbnr/pppp1pp1/4p2p/8/P7/1P6/2PPPPPP/RNBQKBNR w KQkq - 0 3
Moves; b3b4 d7d5 c2c3 g8f6 c1a3 f8d6 e2e3 e6e5 h2h4 a7a6 d1c1
Warning; Bestmove does not match beginning of last PV - move e4a4 from B
Info; info depth 17 seldepth 28 multipv 1 score cp 698 nodes 172471 nps 574903 hashfull 71 tbhits 0 time 300 pv e4f5 e7e6 f5g6 e8e7 a1a2 g8f6 f2g1 d8b8 g6g3 b8g3 h2g3 f6h5 b2b3 h5g3
Position; fen rnbqkbnr/p1ppppp1/B6p/1p6/8/4P3/PPPP1PPP/RNBQK1NR w KQkq - 0 3
Moves; d1f3 b8a6 f3a8 c7c6 g1f3 a6b4 e1g1 b4c2 a8a7 c2e3 f2e3 f7f6 g1f2 c8a6 a7a6 b5b4 d2d3 b4b3 a6a4 b3a2 a4e4 f6f5
Warning; Bestmove does not match beginning of last PV - move e5f6 from B
Info; info depth 61 seldepth 8 multipv 1 score mate 4 nodes 518153 nps 1727176 hashfull 54 tbhits 0 time 300 pv e5e6 f8g8 e6f6 g8h8 f6g6 h8g8 b7b8
Position; fen rnbqkbnr/1ppp1ppp/8/p3p3/8/2N2P2/PPPPP1PP/R1BQKBNR w KQkq - 0 3
Moves; c3b5 d7d5 b5c7 d8c7 a1b1 f8e7 b1a1 b8c6 c2c3 c8e6 d1b3 g8h6 g2g3 a5a4 b3d5 e6d5 a2a3 f7f6 e2e4 d5e6 h2h3 e6f7 g3g4 e8g8 g4g5 h6f5 g5f6 g7f6 e4f5 f8b8 f1c4 g8h8 c4f7 e7c5 a1a2 c6e7 f7e8 c5f2 e1f2 e7f5 e8a4 a8a4 b2b4 c7c6 b4b5 c6e8 b5b6 a4a8 g1e2 e8f8 e2f4 f5h6 f4g6 h7g6 f3f4 f8g7 f4e5 g6g5 e5e6 h6g8 f2e3 h8h7 h1f1 h7h8 f1f5 b8e8 c1b2 e8e6 e3f2 e6e2 f2e2 a8d8 b2c1 g7f8 d2d4 h8h7 e2f3 h7g6 a3a4 g8h6 a2g2 g6h5 g2g5 f6g5 f5f8 d8f8 f3e3 f8f1 e3d2 h5g6 d2c2 f1f2 c2d3 f2f1 d3c2 f1f2 c2b1 f2f6 a4a5 f6f5 c1g5 g6g5 d4d5 f5d5 a5a6 d5b5 b1c2 b5b6 a6a7 b6a6 h3h4 g5f4 c2d3 a6a4 c3c4 h6f5 c4c5 a4a7 d3c4 a7a8 c4d3 f4f3 d3d2 f3f4 d2d3 f5g3 c5c6 a8a3 d3c2 b7c6 h4h5 g3h5 c2b2 a3e3 b2c2 e3e2 c2b3 h5f6 b3b4 f6h5 b4c5 e2e4 c5c6 e4e8 c6d5 e8e3 d5d4 e3e8 d4d5 f4f5 d5c4 f5e4 c4b5 h5g3 b5a4 e8h8 a4b3 e4f3 b3c2 h8h6 c2d3 h6g6 d3d4 g3h1 d4d5 f3f4 d5c5 g6g3 c5c6 f4e5 c6c5 e5f5 c5b5 g3h3 b5c6 f5e6 c6c5 e6f5 c5c4 h3e3 c4d4 e3g3 d4c5 f5g5 c5c6 g3f3 c6c7 g5h5 c7d7 f3d3 d7e7 h5g5 e7f7 d3e3 f7g7 e3d3 g7f7 d3a3 f7e6 g5f4 e6f7 f4e5 f7g7 e5f5 g7f7 a3a7 f7f8 a7h7 f8e8 f5e5 e8f8 h7d7 f8e8 d7g7 e8f8 g7b7 f8e8 e5d6 e8f8 d6e6 f8g8 e6e5 g8f8
Warning; Bestmove does not match beginning of last PV - move b8d7 from B
Info; info depth 14 seldepth 24 multipv 1 score cp 284 nodes 64812 nps 216040 hashfull 23 tbhits 0 time 300 pv b8c6 g1f3 e8g8 c1d1 f5g4 b4b5 a6b5 a4b5 c6e7 a3d6 d8d6 a1a8 f8a8 f1e2
Position; fen rnbqkbnr/pppp1pp1/4p2p/8/P7/1P6/2PPPPPP/RNBQKBNR w KQkq - 0 3
Moves; b3b4 d7d5 c2c3 g8f6 c1a3 f8d6 e2e3 e6e5 h2h4 a7a6 d1c1 c8f5 g2g3
Warning; Bestmove does not match beginning of last PV - move e4e3 from B
Info; info depth 36 seldepth 4 multipv 1 score mate 2 nodes 238394 nps 794646 hashfull 33 tbhits 0 time 300 pv e1c1 e3c4 c1c4
Position; fen rnbqk1nr/pppp1ppp/8/4p3/1b6/P7/2PPPPPP/RNBQKBNR w KQkq - 0 3
Moves; a3b4 g7g6 e2e4 c7c6 c1b2 h7h5 f1e2 d8b6 g1f3 e8e7 b2e5 e7d8 e1g1 b6b4 d2d4 b4b6 c2c4 f7f5 c4c5 b6b2 d4d5 b2e2 e5c7 d8e7 d5d6 e7e6 d1e2 f5e4 e2e4 e6f6 f1e1 a7a6 e4d4 f6f7 f3g5 f7f8 g5h7 h8h7 d4f4 h7f7 f4d2 f7f5 c7b8 f5c5 e1e8 f8e8 d2e2 e8f7 e2f3 g8f6 f3e3 c5e5 e3b3 f7f8 b1d2 g6g5 b8c7 e5b5 b3c2 f6d5 c2f5 d5f6 f5d3 f6d5 d3g6 g5g4 g6h6 f8f7 h6h7 f7e6 a1e1 d5e3 f2f3 g4f3 h7g6 e6d5 g6d3 d5e6 d3g6 e6d5 g6e4 d5c5
Warning; Bestmove does not match beginning of last PV - move b7c7 from B
Info; info depth 55 seldepth 12 multipv 1 score mate 6 nodes 445571 nps 1485236 hashfull 67 tbhits 0 time 300 pv b7h7 e8d8 f6e6 d8c8 e6d6 c8b8 d6c6 b8a8 c6b6 a8b8 h7h8
Position; fen rnbqkbnr/1ppp1ppp/8/p3p3/8/2N2P2/PPPPP1PP/R1BQKBNR w KQkq - 0 3
Moves; c3b5 d7d5 b5c7 d8c7 a1b1 f8e7 b1a1 b8c6 c2c3 c8e6 d1b3 g8h6 g2g3 a5a4 b3d5 e6d5 a2a3 f7f6 e2e4 d5e6 h2h3 e6f7 g3g4 e8g8 g4g5 h6f5 g5f6 g7f6 e4f5 f8b8 f1c4 g8h8 c4f7 e7c5 a1a2 c6e7 f7e8 c5f2 e1f2 e7f5 e8a4 a8a4 b2b4 c7c6 b4b5 c6e8 b5b6 a4a8 g1e2 e8f8 e2f4 f5h6 f4g6 h7g6 f3f4 f8g7 f4e5 g6g5 e5e6 h6g8 f2e3 h8h7 h1f1 h7h8 f1f5 b8e8 c1b2 e8e6 e3f2 e6e2 f2e2 a8d8 b2c1 g7f8 d2d4 h8h7 e2f3 h7g6 a3a4 g8h6 a2g2 g6h5 g2g5 f6g5 f5f8 d8f8 f3e3 f8f1 e3d2 h5g6 d2c2 f1f2 c2d3 f2f1 d3c2 f1f2 c2b1 f2f6 a4a5 f6f5 c1g5 g6g5 d4d5 f5d5 a5a6 d5b5 b1c2 b5b6 a6a7 b6a6 h3h4 g5f4 c2d3 a6a4 c3c4 h6f5 c4c5 a4a7 d3c4 a7a8 c4d3 f4f3 d3d2 f3f4 d2d3 f5g3 c5c6 a8a3 d3c2 b7c6 h4h5 g3h5 c2b2 a3e3 b2c2 e3e2 c2b3 h5f6 b3b4 f6h5 b4c5 e2e4 c5c6 e4e8 c6d5 e8e3 d5d4 e3e8 d4d5 f4f5 d5c4 f5e4 c4b5 h5g3 b5a4 e8h8 a4b3 e4f3 b3c2 h8h6 c2d3 h6g6 d3d4 g3h1 d4d5 f3f4 d5c5 g6g3 c5c6 f4e5 c6c5 e5f5 c5b5 g3h3 b5c6 f5e6 c6c5 e6f5 c5c4 h3e3 c4d4 e3g3 d4c5 f5g5 c5c6 g3f3 c6c7 g5h5 c7d7 f3d3 d7e7 h5g5 e7f7 d3e3 f7g7 e3d3 g7f7 d3a3 f7e6 g5f4 e6f7 f4e5 f7g7 e5f5 g7f7 a3a7 f7f8 a7h7 f8e8 f5e5 e8f8 h7d7 f8e8 d7g7 e8f8 g7b7 f8e8 e5d6 e8f8 d6e6 f8g8 e6e5 g8f8 e5f6 f8e8
Warning; Bestmove does not match beginning of last PV - move e4d5 from B
Info; info depth 35 seldepth 8 multipv 1 score mate 4 nodes 405416 nps 1351386 hashfull 109 tbhits 0 time 300 pv b8b3 f1e3 b3c3 e3c4 c3d3 d4c5 f6d7
Position; fen rnbqkb1r/ppp1pppp/3p1n2/8/4P3/8/PPPPBPPP/RNBQK1NR w KQkq - 0 3
Moves; c2c3 e7e6 e4e5 f6d5 h2h4 d6e5 d1a4 c7c6 a4c6 b7c6 a2a4 d5f4 f2f3 d8h4 h1h4 c8a6 e2f1 a6d3 e1d1 g7g5 g2g3 g5h4 a4a5 h4g3 f1h3 d3b5 h3g4 f8d6 c3c4 b5c4 d2d4 c4b3 d1d2 h7h5 g4e6 f4e6 d4e5 d6e7 d2c3 b8d7 a5a6 b3d5 c1e3 f7f5 e5f6 d7f6 e3c5 e6c5 b2b4 g3g2 a1a2 e8d8 a2g2 c5a4 c3c2 h8e8 g2f2 f6g8 f3f4 e7b4 g1h3 a4b6 c2b2 b6c4 b2b3 b4c5 b3c2 d5e4 c2c3 a8b8 c3c4 c5f2 b1d2 g8f6 d2f1 f2b6 c4c3 b6a5 c3d4
Warning; Bestmove does not match beginning of last PV - move e1e5 from B
Info; info depth 245 seldepth 2 multipv 1 score mate 1 nodes 569143 nps 3671890 hashfull 6 tbhits 0 time 155 pv b3c4
Position; fen rnbqk1nr/pppp1ppp/8/4p3/1b6/P7/2PPPPPP/RNBQKBNR w KQkq - 0 3
Moves; a3b4 g7g6 e2e4 c7c6 c1b2 h7h5 f1e2 d8b6 g1f3 e8e7 b2e5 e7d8 e1g1 b6b4 d2d4 b4b6 c2c4 f7f5 c4c5 b6b2 d4d5 b2e2 e5c7 d8e7 d5d6 e7e6 d1e2 f5e4 e2e4 e6f6 f1e1 a7a6 e4d4 f6f7 f3g5 f7f8 g5h7 h8h7 d4f4 h7f7 f4d2 f7f5 c7b8 f5c5 e1e8 f8e8 d2e2 e8f7 e2f3 g8f6 f3e3 c5e5 e3b3 f7f8 b1d2 g6g5 b8c7 e5b5 b3c2 f6d5 c2f5 d5f6 f5d3 f6d5 d3g6 g5g4 g6h6 f8f7 h6h7 f7e6 a1e1 d5e3 f2f3 g4f3 h7g6 e6d5 g6d3 d5e6 d3g6 e6d5 g6e4 d5c5 e4e3 c5b4 e3b3 b4c5
Warning; Bestmove does not match beginning of last PV - move a8a6 from B
Info; info depth 16 seldepth 21 multipv 1 score cp 687 nodes 76400 nps 254666 hashfull 27 tbhits 0 time 300 pv b7a6 c3c4 d5c4 e3e4 f5g4 f2f3 g4e6 d2d4 e5d4 b1d2 c4c3
Position; fen rnbqkbnr/pppp1pp1/4p2p/8/P7/1P6/2PPPPPP/RNBQKBNR w KQkq - 0 3
Moves; b3b4 d7d5 c2c3 g8f6 c1a3 f8d6 e2e3 e6e5 h2h4 a7a6 d1c1 c8f5 g2g3 b8d7 f1a6
Warning; Bestmove does not match beginning of last PV - move c1d2 from B
Info; info depth 18 seldepth 24 multipv 1 score cp 650 nodes 208848 nps 696160 hashfull 72 tbhits 0 time 300 pv a4a8 b6d8 a8d8 e8d8 f3e5 g7g5 e5f7 d8e8 f7h8 f8g7 b1a1 g7h8 f2e1 h8g7 f1f5 g8f6
Position; fen rnbqkbnr/p1ppppp1/B6p/1p6/8/4P3/PPPP1PPP/RNBQK1NR w KQkq - 0 3
Moves; d1f3 b8a6 f3a8 c7c6 g1f3 a6b4 e1g1 b4c2 a8a7 c2e3 f2e3 f7f6 g1f2 c8a6 a7a6 b5b4 d2d3 b4b3 a6a4 b3a2 a4e4 f6f5 e4a4 a2b1q a1b1 d8b6
Warning; Bestmove does not match beginning of last PV - move c7g7 from B
Info; info depth 50 seldepth 12 multipv 1 score mate 6 nodes 366545 nps 1221816 hashfull 39 tbhits 0 time 300 pv c7c5 d8d7 h1f2 d7d6 f2e4 d6d7 c5c1 d7e8 c1d1 e8f8 d1d8
Position; fen rnbqkbnr/1ppp1ppp/8/p3p3/8/2N2P2/PPPPP1PP/R1BQKBNR w KQkq - 0 3
Moves; c3b5 d7d5 b5c7 d8c7 a1b1 f8e7 b1a1 b8c6 c2c3 c8e6 d1b3 g8h6 g2g3 a5a4 b3d5 e6d5 a2a3 f7f6 e2e4 d5e6 h2h3 e6f7 g3g4 e8g8 g4g5 h6f5 g5f6 g7f6 e4f5 f8b8 f1c4 g8h8 c4f7 e7c5 a1a2 c6e7 f7e8 c5f2 e1f2 e7f5 e8a4 a8a4 b2b4 c7c6 b4b5 c6e8 b5b6 a4a8 g1e2 e8f8 e2f4 f5h6 f4g6 h7g6 f3f4 f8g7 f4e5 g6g5 e5e6 h6g8 f2e3 h8h7 h1f1 h7h8 f1f5 b8e8 c1b2 e8e6 e3f2 e6e2 f2e2 a8d8 b2c1 g7f8 d2d4 h8h7 e2f3 h7g6 a3a4 g8h6 a2g2 g6h5 g2g5 f6g5 f5f8 d8f8 f3e3 f8f1 e3d2 h5g6 d2c2 f1f2 c2d3 f2f1 d3c2 f1f2 c2b1 f2f6 a4a5 f6f5 c1g5 g6g5 d4d5 f5d5 a5a6 d5b5 b1c2 b5b6 a6a7 b6a6 h3h4 g5f4 c2d3 a6a4 c3c4 h6f5 c4c5 a4a7 d3c4 a7a8 c4d3 f4f3 d3d2 f3f4 d2d3 f5g3 c5c6 a8a3 d3c2 b7c6 h4h5 g3h5 c2b2 a3e3 b2c2 e3e2 c2b3 h5f6 b3b4 f6h5 b4c5 e2e4 c5c6 e4e8 c6d5 e8e3 d5d4 e3e8 d4d5 f4f5 d5c4 f5e4 c4b5 h5g3 b5a4 e8h8 a4b3 e4f3 b3c2 h8h6 c2d3 h6g6 d3d4 g3h1 d4d5 f3f4 d5c5 g6g3 c5c6 f4e5 c6c5 e5f5 c5b5 g3h3 b5c6 f5e6 c6c5 e6f5 c5c4 h3e3 c4d4 e3g3 d4c5 f5g5 c5c6 g3f3 c6c7 g5h5 c7d7 f3d3 d7e7 h5g5 e7f7 d3e3 f7g7 e3d3 g7f7 d3a3 f7e6 g5f4 e6f7 f4e5 f7g7 e5f5 g7f7 a3a7 f7f8 a7h7 f8e8 f5e5 e8f8 h7d7 f8e8 d7g7 e8f8 g7b7 f8e8 e5d6 e8f8 d6e6 f8g8 e6e5 g8f8 e5f6 f8e8 b7c7 e8d8
Finished game 10 (B vs A): 1-0 {White mates}
Started game 16 of 16 (B vs A)
Warning; Bestmove does not match beginning of last PV - move b8b3 from B
Info; info depth 36 seldepth 4 multipv 1 score mate 2 nodes 350691 nps 1168970 hashfull 94 tbhits 0 time 300 pv b8b2 e3d5 b2d2
Position; fen rnbqkb1r/ppp1pppp/3p1n2/8/4P3/8/PPPPBPPP/RNBQK1NR w KQkq - 0 3
Moves; c2c3 e7e6 e4e5 f6d5 h2h4 d6e5 d1a4 c7c6 a4c6 b7c6 a2a4 d5f4 f2f3 d8h4 h1h4 c8a6 e2f1 a6d3 e1d1 g7g5 g2g3 g5h4 a4a5 h4g3 f1h3 d3b5 h3g4 f8d6 c3c4 b5c4 d2d4 c4b3 d1d2 h7h5 g4e6 f4e6 d4e5 d6e7 d2c3 b8d7 a5a6 b3d5 c1e3 f7f5 e5f6 d7f6 e3c5 e6c5 b2b4 g3g2 a1a2 e8d8 a2g2 c5a4 c3c2 h8e8 g2f2 f6g8 f3f4 e7b4 g1h3 a4b6 c2b2 b6c4 b2b3 b4c5 b3c2 d5e4 c2c3 a8b8 c3c4 c5f2 b1d2 g8f6 d2f1 f2b6 c4c3 b6a5 c3d4 e4d5 f1e3 e8e4 d4d3
Warning; Bestmove does not match beginning of last PV - move a6a8 from B
Info; info depth 14 seldepth 18 multipv 1 score cp 704 nodes 63728 nps 211720 hashfull 19 tbhits 0 time 301 pv a6a4 d2d4 e8g8 a3d6 a4a1 d4e5 c7d6 e5f6 d7f6 g1e2 a1a8 b1d2 g8h8
Position; fen rnbqkbnr/pppp1pp1/4p2p/8/P7/1P6/2PPPPPP/RNBQKBNR w KQkq - 0 3
Moves; b3b4 d7d5 c2c3 g8f6 c1a3 f8d6 e2e3 e6e5 h2h4 a7a6 d1c1 c8f5 g2g3 b8d7 f1a6 a8a6 b4b5
Warning; Bestmove does not match beginning of last PV - move f2e2 from B
Info; info depth 17 seldepth 24 multipv 1 score cp 590 nodes 180991 nps 603303 hashfull 68 tbhits 0 time 300 pv a4a8 b6d8 a8d8 e8d8 f3e5 d8e8 b1a1 f8e7 a1a8 e7d8 f2g1 g8f6 e5f3 e8e7 d2b4 d7d6 a8a7 e7e8 b4d6
Position; fen rnbqkbnr/p1ppppp1/B6p/1p6/8/4P3/PPPP1PPP/RNBQK1NR w KQkq - 0 3
Moves; d1f3 b8a6 f3a8 c7c6 g1f3 a6b4 e1g1 b4c2 a8a7 c2e3 f2e3 f7f6 g1f2 c8a6 a7a6 b5b4 d2d3 b4b3 a6a4 b3a2 a4e4 f6f5 e4a4 a2b1q a1b1 d8b6 c1d2 e7e6
Warning; Bestmove does not match beginning of last PV - move g7e7 from B
Info; info depth 51 seldepth 12 multipv 1 score mate 6 nodes 425917 nps 1419723 hashfull 37 tbhits 0 time 300 pv f6f5 c8b8 f5e6 b8c8 e6d6 c8b8 d6c6 b8a8 c6b6 a8b8 g7g8
Position; fen rnbqkbnr/1ppp1ppp/8/p3p3/8/2N2P2/PPPPP1PP/R1BQKBNR w KQkq - 0 3
Moves; c3b5 d7d5 b5c7 d8c7 a1b1 f8e7 b1a1 b8c6 c2c3 c8e6 d1b3 g8h6 g2g3 a5a4 b3d5 e6d5 a2a3 f7f6 e2e4 d5e6 h2h3 e6f7 g3g4 e8g8 g4g5 h6f5 g5f6 g7f6 e4f5 f8b8 f1c4 g8h8 c4f7 e7c5 a1a2 c6e7 f7e8 c5f2 e1f2 e7f5 e8a4 a8a4 b2b4 c7c6 b4b5 c6e8 b5b6 a4a8 g1e2 e8f8 e2f4 f5h6 f4g6 h7g6 f3f4 f8g7 f4e5 g6g5 e5e6 h6g8 f2e3 h8h7 h1f1 h7h8 f1f5 b8e8 c1b2 e8e6 e3f2 e6e2 f2e2 a8d8 b2c1 g7f8 d2d4 h8h7 e2f3 h7g6 a3a4 g8h6 a2g2 g6h5 g2g5 f6g5 f5f8 d8f8 f3e3 f8f1 e3d2 h5g6 d2c2 f1f2 c2d3 f2f1 d3c2 f1f2 c2b1 f2f6 a4a5 f6f5 c1g5 g6g5 d4d5 f5d5 a5a6 d5b5 b1c2 b5b6 a6a7 b6a6 h3h4 g5f4 c2d3 a6a4 c3c4 h6f5 c4c5 a4a7 d3c4 a7a8 c4d3 f4f3 d3d2 f3f4 d2d3 f5g3 c5c6 a8a3 d3c2 b7c6 h4h5 g3h5 c2b2 a3e3 b2c2 e3e2 c2b3 h5f6 b3b4 f6h5 b4c5 e2e4 c5c6 e4e8 c6d5 e8e3 d5d4 e3e8 d4d5 f4f5 d5c4 f5e4 c4b5 h5g3 b5a4 e8h8 a4b3 e4f3 b3c2 h8h6 c2d3 h6g6 d3d4 g3h1 d4d5 f3f4 d5c5 g6g3 c5c6 f4e5 c6c5 e5f5 c5b5 g3h3 b5c6 f5e6 c6c5 e6f5 c5c4 h3e3 c4d4 e3g3 d4c5 f5g5 c5c6 g3f3 c6c7 g5h5 c7d7 f3d3 d7e7 h5g5 e7f7 d3e3 f7g7 e3d3 g7f7 d3a3 f7e6 g5f4 e6f7 f4e5 f7g7 e5f5 g7f7 a3a7 f7f8 a7h7 f8e8 f5e5 e8f8 h7d7 f8e8 d7g7 e8f8 g7b7 f8e8 e5d6 e8f8 d6e6 f8g8 e6e5 g8f8 e5f6 f8e8 b7c7 e8d8 c7g7 d8c8
Warning; Bestmove does not match beginning of last PV - move g2g3 from B
Info; info depth 13 seldepth 20 multipv 1 score cp 19 nodes 78486 nps 260750 hashfull 24 tbhits 0 time 301 pv f2f4 g8f6 e2e3 c6c5 g1f3 f8e7 f1d3 b8c6 b1a3 d7d5 f3e5 e8g8 d1e2 a7a6 e5c6 b7c6
Position; fen rnbqkbnr/pppp1pp1/4p2p/8/P7/1P6/2PPPPPP/RNBQKBNR w KQkq - 0 3
Moves; c1b2 c7c6
Warning; Bestmove does not match beginning of last PV - move b1a1 from B
Info; info depth 17 seldepth 28 multipv 1 score cp 629 nodes 179996 nps 599986 hashfull 63 tbhits 0 time 300 pv a4a8 b6d8 a8d8 e8d8 f3e5 h8h7 e3f4 g8f6 d3d4 f8d6 b1a1 f6d5
Position; fen rnbqkbnr/p1ppppp1/B6p/1p6/8/4P3/PPPP1PPP/RNBQK1NR w KQkq - 0 3
Moves; d1f3 b8a6 f3a8 c7c6 g1f3 a6b4 e1g1 b4c2 a8a7 c2e3 f2e3 f7f6 g1f2 c8a6 a7a6 b5b4 d2d3 b4b3 a6a4 b3a2 a4e4 f6f5 e4a4 a2b1q a1b1 d8b6 c1d2 e7e6 f2e2 f5f4
Warning; Bestmove does not match beginning of last PV - move f6g7 from B
Info; info depth 14 seldepth 13 multipv 1 score cp 194 nodes 441158 nps 1470526 hashfull 50 tbhits 0 time 300 pv e7h7 b8a8
Position; fen rnbqkbnr/1ppp1ppp/8/p3p3/8/2N2P2/PPPPP1PP/R1BQKBNR w KQkq - 0 3
Moves; c3b5 d7d5 b5c7 d8c7 a1b1 f8e7 b1a1 b8c6 c2c3 c8e6 d1b3 g8h6 g2g3 a5a4 b3d5 e6d5 a2a3 f7f6 e2e4 d5e6 h2h3 e6f7 g3g4 e8g8 g4g5 h6f5 g5f6 g7f6 e4f5 f8b8 f1c4 g8h8 c4f7 e7c5 a1a2 c6e7 f7e8 c5f2 e1f2 e7f5 e8a4 a8a4 b2b4 c7c6 b4b5 c6e8 b5b6 a4a8 g1e2 e8f8 e2f4 f5h6 f4g6 h7g6 f3f4 f8g7 f4e5 g6g5 e5e6 h6g8 f2e3 h8h7 h1f1 h7h8 f1f5 b8e8 c1b2 e8e6 e3f2 e6e2 f2e2 a8d8 b2c1 g7f8 d2d4 h8h7 e2f3 h7g6 a3a4 g8h6 a2g2 g6h5 g2g5 f6g5 f5f8 d8f8 f3e3 f8f1 e3d2 h5g6 d2c2 f1f2 c2d3 f2f1 d3c2 f1f2 c2b1 f2f6 a4a5 f6f5 c1g5 g6g5 d4d5 f5d5 a5a6 d5b5 b1c2 b5b6 a6a7 b6a6 h3h4 g5f4 c2d3 a6a4 c3c4 h6f5 c4c5 a4a7 d3c4 a7a8 c4d3 f4f3 d3d2 f3f4 d2d3 f5g3 c5c6 a8a3 d3c2 b7c6 h4h5 g3h5 c2b2 a3e3 b2c2 e3e2 c2b3 h5f6 b3b4 f6h5 b4c5 e2e4 c5c6 e4e8 c6d5 e8e3 d5d4 e3e8 d4d5 f4f5 d5c4 f5e4 c4b5 h5g3 b5a4 e8h8 a4b3 e4f3 b3c2 h8h6 c2d3 h6g6 d3d4 g3h1 d4d5 f3f4 d5c5 g6g3 c5c6 f4e5 c6c5 e5f5 c5b5 g3h3 b5c6 f5e6 c6c5 e6f5 c5c4 h3e3 c4d4 e3g3 d4c5 f5g5 c5c6 g3f3 c6c7 g5h5 c7d7 f3d3 d7e7 h5g5 e7f7 d3e3 f7g7 e3d3 g7f7 d3a3 f7e6 g5f4 e6f7 f4e5 f7g7 e5f5 g7f7 a3a7 f7f8 a7h7 f8e8 f5e5 e8f8 h7d7 f8e8 d7g7 e8f8 g7b7 f8e8 e5d6 e8f8 d6e6 f8g8 e6e5 g8f8 e5f6 f8e8 b7c7 e8d8 c7g7 d8c8 g7e7 c8b8
Warning; Bestmove does not match beginning of last PV - move b3b8 from B
Info; info depth 61 seldepth 8 multipv 1 score mate 4 nodes 931115 nps 3103716 hashfull 43 tbhits 0 time 300 pv e3e2 c2c1 e2f2 f4f5 b3b6 c1d1 b6b1
Position; fen rnbqkb1r/ppp1pppp/3p1n2/8/4P3/8/PPPPBPPP/RNBQK1NR w KQkq - 0 3
Moves; c2c3 e7e6 e4e5 f6d5 h2h4 d6e5 d1a4 c7c6 a4c6 b7c6 a2a4 d5f4 f2f3 d8h4 h1h4 c8a6 e2f1 a6d3 e1d1 g7g5 g2g3 g5h4 a4a5 h4g3 f1h3 d3b5 h3g4 f8d6 c3c4 b5c4 d2d4 c4b3 d1d2 h7h5 g4e6 f4e6 d4e5 d6e7 d2c3 b8d7 a5a6 b3d5 c1e3 f7f5 e5f6 d7f6 e3c5 e6c5 b2b4 g3g2 a1a2 e8d8 a2g2 c5a4 c3c2 h8e8 g2f2 f6g8 f3f4 e7b4 g1h3 a4b6 c2b2 b6c4 b2b3 b4c5 b3c2 d5e4 c2c3 a8b8 c3c4 c5f2 b1d2 g8f6 d2f1 f2b6 c4c3 b6a5 c3d4 e4d5 f1e3 e8e4 d4d3 b8b3 d3c2 e4e3 h3f2
Warning; Bestmove does not match beginning of last PV - move e4h7 from B
Info; info depth 15 seldepth 22 multipv 1 score cp 799 nodes 75461 nps 251536 hashfull 29 tbhits 0 time 300 pv d6a3 g1f3 a3d6 a4a5 a8a5 a1a5 e8g8 a5a7 d6e7 a7b7
Position; fen rnbqkbnr/pppp1pp1/4p2p/8/P7/1P6/2PPPPPP/RNBQKBNR w KQkq - 0 3
Moves; b3b4 d7d5 c2c3 g8f6 c1a3 f8d6 e2e3 e6e5 h2h4 a7a6 d1c1 c8f5 g2g3 b8d7 f1a6 a8a6 b4b5 a6a8 e3e4 f5e4 c1d1
Warning; Bestmove does not match beginning of last PV - move e7f7 from B
Info; info depth 12 seldepth 11 multipv 1 score cp 48 nodes 533761 nps 1779203 hashfull 46 tbhits 0 time 300 pv g7f8 c8b8 h1f2 b8a8 f2d1 a8b8 e7h7
Position; fen rnbqkbnr/1ppp1ppp/8/p3p3/8/2N2P2/PPPPP1PP/R1BQKBNR w KQkq - 0 3
Moves; c3b5 d7d5 b5c7 d8c7 a1b1 f8e7 b1a1 b8c6 c2c3 c8e6 d1b3 g8h6 g2g3 a5a4 b3d5 e6d5 a2a3 f7f6 e2e4 d5e6 h2h3 e6f7 g3g4 e8g8 g4g5 h6f5 g5f6 g7f6 e4f5 f8b8 f1c4 g8h8 c4f7 e7c5 a1a2 c6e7 f7e8 c5f2 e1f2 e7f5 e8a4 a8a4 b2b4 c7c6 b4b5 c6e8 b5b6 a4a8 g1e2 e8f8 e2f4 f5h6 f4g6 h7g6 f3f4 f8g7 f4e5 g6g5 e5e6 h6g8 f2e3 h8h7 h1f1 h7h8 f1f5 b8e8 c1b2 e8e6 e3f2 e6e2 f2e2 a8d8 b2c1 g7f8 d2d4 h8h7 e2f3 h7g6 a3a4 g8h6 a2g2 g6h5 g2g5 f6g5 f5f8 d8f8 f3e3 f8f1 e3d2 h5g6 d2c2 f1f2 c2d3 f2f1 d3c2 f1f2 c2b1 f2f6 a4a5 f6f5 c1g5 g6g5 d4d5 f5d5 a5a6 d5b5 b1c2 b5b6 a6a7 b6a6 h3h4 g5f4 c2d3 a6a4 c3c4 h6f5 c4c5 a4a7 d3c4 a7a8 c4d3 f4f3 d3d2 f3f4 d2d3 f5g3 c5c6 a8a3 d3c2 b7c6 h4h5 g3h5 c2b2 a3e3 b2c2 e3e2 c2b3 h5f6 b3b4 f6h5 b4c5 e2e4 c5c6 e4e8 c6d5 e8e3 d5d4 e3e8 d4d5 f4f5 d5c4 f5e4 c4b5 h5g3 b5a4 e8h8 a4b3 e4f3 b3c2 h8h6 c2d3 h6g6 d3d4 g3h1 d4d5 f3f4 d5c5 g6g3 c5c6 f4e5 c6c5 e5f5 c5b5 g3h3 b5c6 f5e6 c6c5 e6f5 c5c4 h3e3 c4d4 e3g3 d4c5 f5g5 c5c6 g3f3 c6c7 g5h5 c7d7 f3d3 d7e7 h5g5 e7f7 d3e3 f7g7 e3d3 g7f7 d3a3 f7e6 g5f4 e6f7 f4e5 f7g7 e5f5 g7f7 a3a7 f7f8 a7h7 f8e8 f5e5 e8f8 h7d7 f8e8 d7g7 e8f8 g7b7 f8e8 e5d6 e8f8 d6e6 f8g8 e6e5 g8f8 e5f6 f8e8 b7c7 e8d8 c7g7 d8c8 g7e7 c8b8 f6g7 b8c8
Warning; Bestmove does not match beginning of last PV - move e3f3 from B
Info; info depth 45 seldepth 6 multipv 1 score mate 3 nodes 531584 nps 1771946 hashfull 75 tbhits 0 time 300 pv d5e4 c2c1 e4d3 c1d1 e3e1
Position; fen rnbqkb1r/ppp1pppp/3p1n2/8/4P3/8/PPPPBPPP/RNBQK1NR w KQkq - 0 3
Moves; c2c3 e7e6 e4e5 f6d5 h2h4 d6e5 d1a4 c7c6 a4c6 b7c6 a2a4 d5f4 f2f3 d8h4 h1h4 c8a6 e2f1 a6d3 e1d1 g7g5 g2g3 g5h4 a4a5 h4g3 f1h3 d3b5 h3g4 f8d6 c3c4 b5c4 d2d4 c4b3 d1d2 h7h5 g4e6 f4e6 d4e5 d6e7 d2c3 b8d7 a5a6 b3d5 c1e3 f7f5 e5f6 d7f6 e3c5 e6c5 b2b4 g3g2 a1a2 e8d8 a2g2 c5a4 c3c2 h8e8 g2f2 f6g8 f3f4 e7b4 g1h3 a4b6 c2b2 b6c4 b2b3 b4c5 b3c2 d5e4 c2c3 a8b8 c3c4 c5f2 b1d2 g8f6 d2f1 f2b6 c4c3 b6a5 c3d4 e4d5 f1e3 e8e4 d4d3 b8b3 d3c2 e4e3 h3f2 b3b8 f2d3
Warning; Bestmove does not match beginning of last PV - move h7e4 from B
Info; info depth 15 seldepth 17 multipv 1 score cp 788 nodes 69038 nps 227848 hashfull 25 tbhits 0 time 303 pv e8g8 g1f3 f8e8 e1g1 e5e4 d2d4 d6a3 b3a3 e4f3
Position; fen rnbqkbnr/pppp1pp1/4p2p/8/P7/1P6/2PPPPPP/RNBQKBNR w KQkq - 0 3
Moves; b3b4 d7d5 c2c3 g8f6 c1a3 f8d6 e2e3 e6e5 h2h4 a7a6 d1c1 c8f5 g2g3 b8d7 f1a6 a8a6 b4b5 a6a8 e3e4 f5e4 c1d1 e4h7 d1b3
Warning; Bestmove does not match beginning of last PV - move a1a6 from B
Info; info depth 16 seldepth 31 multipv 1 score cp 667 nodes 128162 nps 425787 hashfull 48 tbhits 0 time 301 pv a8a3 e7e8 a3a8 e8e7 f3e5 g8f6 d2c3 b6b3 a8a3 b3a3 a1a3 h8g8 a3a8 e7d6 e5c4 d6c7 f1a1 f8d6
Position; fen rnbqkbnr/p1ppppp1/B6p/1p6/8/4P3/PPPP1PPP/RNBQK1NR w KQkq - 0 3
Moves; d1f3 b8a6 f3a8 c7c6 g1f3 a6b4 e1g1 b4c2 a8a7 c2e3 f2e3 f7f6 g1f2 c8a6 a7a6 b5b4 d2d3 b4b3 a6a4 b3a2 a4e4 f6f5 e4a4 a2b1q a1b1 d8b6 c1d2 e7e6 f2e2 f5f4 b1a1 f4e3 a4a8 e8e7
Warning; Bestmove does not match beginning of last PV - move f7f3 from B
Info; info depth 17 seldepth 9 multipv 1 score cp 0 nodes 548028 nps 1826760 hashfull 24 tbhits 0 time 300 pv h1f2 d8e8 f7c7 e8d8
Position; fen rnbqkbnr/1ppp1ppp/8/p3p3/8/2N2P2/PPPPP1PP/R1BQKBNR w KQkq - 0 3
Moves; c3b5 d7d5 b5c7 d8c7 a1b1 f8e7 b1a1 b8c6 c2c3 c8e6 d1b3 g8h6 g2g3 a5a4 b3d5 e6d5 a2a3 f7f6 e2e4 d5e6 h2h3 e6f7 g3g4 e8g8 g4g5 h6f5 g5f6 g7f6 e4f5 f8b8 f1c4 g8h8 c4f7 e7c5 a1a2 c6e7 f7e8 c5f2 e1f2 e7f5 e8a4 a8a4 b2b4 c7c6 b4b5 c6e8 b5b6 a4a8 g1e2 e8f8 e2f4 f5h6 f4g6 h7g6 f3f4 f8g7 f4e5 g6g5 e5e6 h6g8 f2e3 h8h7 h1f1 h7h8 f1f5 b8e8 c1b2 e8e6 e3f2 e6e2 f2e2 a8d8 b2c1 g7f8 d2d4 h8h7 e2f3 h7g6 a3a4 g8h6 a2g2 g6h5 g2g5 f6g5 f5f8 d8f8 f3e3 f8f1 e3d2 h5g6 d2c2 f1f2 c2d3 f2f1 d3c2 f1f2 c2b1 f2f6 a4a5 f6f5 c1g5 g6g5 d4d5 f5d5 a5a6 d5b5 b1c2 b5b6 a6a7 b6a6 h3h4 g5f4 c2d3 a6a4 c3c4 h6f5 c4c5 a4a7 d3c4 a7a8 c4d3 f4f3 d3d2 f3f4 d2d3 f5g3 c5c6 a8a3 d3c2 b7c6 h4h5 g3h5 c2b2 a3e3 b2c2 e3e2 c2b3 h5f6 b3b4 f6h5 b4c5 e2e4 c5c6 e4e8 c6d5 e8e3 d5d4 e3e8 d4d5 f4f5 d5c4 f5e4 c4b5 h5g3 b5a4 e8h8 a4b3 e4f3 b3c2 h8h6 c2d3 h6g6 d3d4 g3h1 d4d5 f3f4 d5c5 g6g3 c5c6 f4e5 c6c5 e5f5 c5b5 g3h3 b5c6 f5e6 c6c5 e6f5 c5c4 h3e3 c4d4 e3g3 d4c5 f5g5 c5c6 g3f3 c6c7 g5h5 c7d7 f3d3 d7e7 h5g5 e7f7 d3e3 f7g7 e3d3 g7f7 d3a3 f7e6 g5f4 e6f7 f4e5 f7g7 e5f5 g7f7 a3a7 f7f8 a7h7 f8e8 f5e5 e8f8 h7d7 f8e8 d7g7 e8f8 g7b7 f8e8 e5d6 e8f8 d6e6 f8g8 e6e5 g8f8 e5f6 f8e8 b7c7 e8d8 c7g7 d8c8 g7e7 c8b8 f6g7 b8c8 e7f7 c8d8
Warning; Bestmove does not match beginning of last PV - move f3c3 from B
Info; info depth 69 seldepth 8 multipv 1 score mate 4 nodes 698316 nps 2327720 hashfull 19 tbhits 0 time 300 pv b8b4 f4f5 b4b3 c2c1 f3f2 c1d1 b3b1
Position; fen rnbqkb1r/ppp1pppp/3p1n2/8/4P3/8/PPPPBPPP/RNBQK1NR w KQkq - 0 3
Moves; c2c3 e7e6 e4e5 f6d5 h2h4 d6e5 d1a4 c7c6 a4c6 b7c6 a2a4 d5f4 f2f3 d8h4 h1h4 c8a6 e2f1 a6d3 e1d1 g7g5 g2g3 g5h4 a4a5 h4g3 f1h3 d3b5 h3g4 f8d6 c3c4 b5c4 d2d4 c4b3 d1d2 h7h5 g4e6 f4e6 d4e5 d6e7 d2c3 b8d7 a5a6 b3d5 c1e3 f7f5 e5f6 d7f6 e3c5 e6c5 b2b4 g3g2 a1a2 e8d8 a2g2 c5a4 c3c2 h8e8 g2f2 f6g8 f3f4 e7b4 g1h3 a4b6 c2b2 b6c4 b2b3 b4c5 b3c2 d5e4 c2c3 a8b8 c3c4 c5f2 b1d2 g8f6 d2f1 f2b6 c4c3 b6a5 c3d4 e4d5 f1e3 e8e4 d4d3 b8b3 d3c2 e4e3 h3f2 b3b8 f2d3 e3f3 d3b4
Warning; Bestmove does not match beginning of last PV - move e8g8 from B
Info; info depth 15 seldepth 23 multipv 1 score cp 784 nodes 75818 nps 247771 hashfull 31 tbhits 0 time 306 pv e4h1 a3d6 c7d6 b1a3 d8b6 a3b5 b6c6 f2f3 e8g8
Position; fen rnbqkbnr/pppp1pp1/4p2p/8/P7/1P6/2PPPPPP/RNBQKBNR w KQkq - 0 3
Moves; b3b4 d7d5 c2c3 g8f6 c1a3 f8d6 e2e3 e6e5 h2h4 a7a6 d1c1 c8f5 g2g3 b8d7 f1a6 a8a6 b4b5 a6a8 e3e4 f5e4 c1d1 e4h7 d1b3 h7e4 b5b6
Warning; Bestmove does not match beginning of last PV - move a6a1 from B
Info; info depth 16 seldepth 26 multipv 1 score cp 591 nodes 87203 nps 290676 hashfull 35 tbhits 0 time 300 pv a6a2 b2b5 f3e5 g8f6 d2c3 b5b3 a8a3 b3a3 a2a3 h8g8 c3b4 c6c5 b4c5 d7d6
Position; fen rnbqkbnr/p1ppppp1/B6p/1p6/8/4P3/PPPP1PPP/RNBQK1NR w KQkq - 0 3
Moves; d1f3 b8a6 f3a8 c7c6 g1f3 a6b4 e1g1 b4c2 a8a7 c2e3 f2e3 f7f6 g1f2 c8a6 a7a6 b5b4 d2d3 b4b3 a6a4 b3a2 a4e4 f6f5 e4a4 a2b1q a1b1 d8b6 c1d2 e7e6 f2e2 f5f4 b1a1 f4e3 a4a8 e8e7 a1a6 b6b2
Warning; Bestmove does not match beginning of last PV - move f3g3 from B
Info; info depth 19 seldepth 7 multipv 1 score cp 0 nodes 405329 nps 1351096 hashfull 18 tbhits 0 time 300 pv h1g3 c7c6 g7g8 c6c5 g3f5 c5b6
Position; fen rnbqkbnr/1ppp1ppp/8/p3p3/8/2N2P2/PPPPP1PP/R1BQKBNR w KQkq - 0 3
Moves; c3b5 d7d5 b5c7 d8c7 a1b1 f8e7 b1a1 b8c6 c2c3 c8e6 d1b3 g8h6 g2g3 a5a4 b3d5 e6d5 a2a3 f7f6 e2e4 d5e6 h2h3 e6f7 g3g4 e8g8 g4g5 h6f5 g5f6 g7f6 e4f5 f8b8 f1c4 g8h8 c4f7 e7c5 a1a2 c6e7 f7e8 c5f2 e1f2 e7f5 e8a4 a8a4 b2b4 c7c6 b4b5 c6e8 b5b6 a4a8 g1e2 e8f8 e2f4 f5h6 f4g6 h7g6 f3f4 f8g7 f4e5 g6g5 e5e6 h6g8 f2e3 h8h7 h1f1 h7h8 f1f5 b8e8 c1b2 e8e6 e3f2 e6e2 f2e2 a8d8 b2c1 g7f8 d2d4 h8h7 e2f3 h7g6 a3a4 g8h6 a2g2 g6h5 g2g5 f6g5 f5f8 d8f8 f3e3 f8f1 e3d2 h5g6 d2c2 f1f2 c2d3 f2f1 d3c2 f1f2 c2b1 f2f6 a4a5 f6f5 c1g5 g6g5 d4d5 f5d5 a5a6 d5b5 b1c2 b5b6 a6a7 b6a6 h3h4 g5f4 c2d3 a6a4 c3c4 h6f5 c4c5 a4a7 d3c4 a7a8 c4d3 f4f3 d3d2 f3f4 d2d3 f5g3 c5c6 a8a3 d3c2 b7c6 h4h5 g3h5 c2b2 a3e3 b2c2 e3e2 c2b3 h5f6 b3b4 f6h5 b4c5 e2e4 c5c6 e4e8 c6d5 e8e3 d5d4 e3e8 d4d5 f4f5 d5c4 f5e4 c4b5 h5g3 b5a4 e8h8 a4b3 e4f3 b3c2 h8h6 c2d3 h6g6 d3d4 g3h1 d4d5 f3f4 d5c5 g6g3 c5c6 f4e5 c6c5 e5f5 c5b5 g3h3 b5c6 f5e6 c6c5 e6f5 c5c4 h3e3 c4d4 e3g3 d4c5 f5g5 c5c6 g3f3 c6c7 g5h5 c7d7 f3d3 d7e7 h5g5 e7f7 d3e3 f7g7 e3d3 g7f7 d3a3 f7e6 g5f4 e6f7 f4e5 f7g7 e5f5 g7f7 a3a7 f7f8 a7h7 f8e8 f5e5 e8f8 h7d7 f8e8 d7g7 e8f8 g7b7 f8e8 e5d6 e8f8 d6e6 f8g8 e6e5 g8f8 e5f6 f8e8 b7c7 e8d8 c7g7 d8c8 g7e7 c8b8 f6g7 b8c8 e7f7 c8d8 f7f3 d8c7
Warning; Bestmove does not match beginning of last PV - move a5b4 from B
Info; info depth 34 seldepth 12 multipv 1 score mate 6 nodes 426801 nps 1422670 hashfull 112 tbhits 0 time 300 pv f6g4 c3d3 b8b4 d3c2 b4b3 c2c1 g4e3 f4f5 d5e4 f5f6 b3b1
Position; fen rnbqkb1r/ppp1pppp/3p1n2/8/4P3/8/PPPPBPPP/RNBQK1NR w KQkq - 0 3
Moves; c2c3 e7e6 e4e5 f6d5 h2h4 d6e5 d1a4 c7c6 a4c6 b7c6 a2a4 d5f4 f2f3 d8h4 h1h4 c8a6 e2f1 a6d3 e1d1 g7g5 g2g3 g5h4 a4a5 h4g3 f1h3 d3b5 h3g4 f8d6 c3c4 b5c4 d2d4 c4b3 d1d2 h7h5 g4e6 f4e6 d4e5 d6e7 d2c3 b8d7 a5a6 b3d5 c1e3 f7f5 e5f6 d7f6 e3c5 e6c5 b2b4 g3g2 a1a2 e8d8 a2g2 c5a4 c3c2 h8e8 g2f2 f6g8 f3f4 e7b4 g1h3 a4b6 c2b2 b6c4 b2b3 b4c5 b3c2 d5e4 c2c3 a8b8 c3c4 c5f2 b1d2 g8f6 d2f1 f2b6 c4c3 b6a5 c3d4 e4d5 f1e3 e8e4 d4d3 b8b3 d3c2 e4e3 h3f2 b3b8 f2d3 e3f3 d3b4 f3c3 c2c3
Warning; Bestmove does not match beginning of last PV - move e4h1 from B
Info; info depth 16 seldepth 20 multipv 1 score cp 803 nodes 92091 nps 306970 hashfull 32 tbhits 0 time 300 pv c7d6 f2f3 d7c5 b3a3 c5d3 e1f1 e4h7 a4a5 a8a6 f1g2 d8d7 g1e2 e5e4
Position; fen rnbqkbnr/pppp1pp1/4p2p/8/P7/1P6/2PPPPPP/RNBQKBNR w KQkq - 0 3
Moves; b3b4 d7d5 c2c3 g8f6 c1a3 f8d6 e2e3 e6e5 h2h4 a7a6 d1c1 c8f5 g2g3 b8d7 f1a6 a8a6 b4b5 a6a8 e3e4 f5e4 c1d1 e4h7 d1b3 h7e4 b5b6 e8g8 a3d6
Warning; Bestmove does not match beginning of last PV - move f1d1 from B
Info; info depth 11 seldepth 24 multipv 1 score cp 140 nodes 69208 nps 230693 hashfull 21 tbhits 0 time 300 pv a8a3 b2a3 a1a3 g8f6 f3e5 e7d6 e5f7 d6c7 a3a7 c7b6 f1a1 h8g8 a7a8
Position; fen rnbqkbnr/p1ppppp1/B6p/1p6/8/4P3/PPPP1PPP/RNBQK1NR w KQkq - 0 3
Moves; d1f3 b8a6 f3a8 c7c6 g1f3 a6b4 e1g1 b4c2 a8a7 c2e3 f2e3 f7f6 g1f2 c8a6 a7a6 b5b4 d2d3 b4b3 a6a4 b3a2 a4e4 f6f5 e4a4 a2b1q a1b1 d8b6 c1d2 e7e6 f2e2 f5f4 b1a1 f4e3 a4a8 e8e7 a1a6 b6b2 a6a1 e3d2
Warning; Bestmove does not match beginning of last PV - move h1f2 from B
Info; info depth 47 seldepth 5 multipv 1 score cp 0 nodes 407730 nps 1359100 hashfull 17 tbhits 0 time 300 pv g3h3 b7b6 h3h5 b6b7
Position; fen rnbqkbnr/1ppp1ppp/8/p3p3/8/2N2P2/PPPPP1PP/R1BQKBNR w KQkq - 0 3
Moves; c3b5 d7d5 b5c7 d8c7 a1b1 f8e7 b1a1 b8c6 c2c3 c8e6 d1b3 g8h6 g2g3 a5a4 b3d5 e6d5 a2a3 f7f6 e2e4 d5e6 h2h3 e6f7 g3g4 e8g8 g4g5 h6f5 g5f6 g7f6 e4f5 f8b8 f1c4 g8h8 c4f7 e7c5 a1a2 c6e7 f7e8 c5f2 e1f2 e7f5 e8a4 a8a4 b2b4 c7c6 b4b5 c6e8 b5b6 a4a8 g1e2 e8f8 e2f4 f5h6 f4g6 h7g6 f3f4 f8g7 f4e5 g6g5 e5e6 h6g8 f2e3 h8h7 h1f1 h7h8 f1f5 b8e8 c1b2 e8e6 e3f2 e6e2 f2e2 a8d8 b2c1 g7f8 d2d4 h8h7 e2f3 h7g6 a3a4 g8h6 a2g2 g6h5 g2g5 f6g5 f5f8 d8f8 f3e3 f8f1 e3d2 h5g6 d2c2 f1f2 c2d3 f2f1 d3c2 f1f2 c2b1 f2f6 a4a5 f6f5 c1g5 g6g5 d4d5 f5d5 a5a6 d5b5 b1c2 b5b6 a6a7 b6a6 h3h4 g5f4 c2d3 a6a4 c3c4 h6f5 c4c5 a4a7 d3c4 a7a8 c4d3 f4f3 d3d2 f3f4 d2d3 f5g3 c5c6 a8a3 d3c2 b7c6 h4h5 g3h5 c2b2 a3e3 b2c2 e3e2 c2b3 h5f6 b3b4 f6h5 b4c5 e2e4 c5c6 e4e8 c6d5 e8e3 d5d4 e3e8 d4d5 f4f5 d5c4 f5e4 c4b5 h5g3 b5a4 e8h8 a4b3 e4f3 b3c2 h8h6 c2d3 h6g6 d3d4 g3h1 d4d5 f3f4 d5c5 g6g3 c5c6 f4e5 c6c5 e5f5 c5b5 g3h3 b5c6 f5e6 c6c5 e6f5 c5c4 h3e3 c4d4 e3g3 d4c5 f5g5 c5c6 g3f3 c6c7 g5h5 c7d7 f3d3 d7e7 h5g5 e7f7 d3e3 f7g7 e3d3 g7f7 d3a3 f7e6 g5f4 e6f7 f4e5 f7g7 e5f5 g7f7 a3a7 f7f8 a7h7 f8e8 f5e5 e8f8 h7d7 f8e8 d7g7 e8f8 g7b7 f8e8 e5d6 e8f8 d6e6 f8g8 e6e5 g8f8 e5f6 f8e8 b7c7 e8d8 c7g7 d8c8 g7e7 c8b8 f6g7 b8c8 e7f7 c8d8 f7f3 d8c7 f3g3 c7b7
Warning; Bestmove does not match beginning of last PV - move f2d1 from B
Info; info depth 245 seldepth 3 multipv 1 score cp 0 nodes 98588 nps 1263948 hashfull 16 tbhits 0 time 78 pv f2h1 b8b7
Position; fen rnbqkbnr/1ppp1ppp/8/p3p3/8/2N2P2/PPPPP1PP/R1BQKBNR w KQkq - 0 3
Moves; c3b5 d7d5 b5c7 d8c7 a1b1 f8e7 b1a1 b8c6 c2c3 c8e6 d1b3 g8h6 g2g3 a5a4 b3d5 e6d5 a2a3 f7f6 e2e4 d5e6 h2h3 e6f7 g3g4 e8g8 g4g5 h6f5 g5f6 g7f6 e4f5 f8b8 f1c4 g8h8 c4f7 e7c5 a1a2 c6e7 f7e8 c5f2 e1f2 e7f5 e8a4 a8a4 b2b4 c7c6 b4b5 c6e8 b5b6 a4a8 g1e2 e8f8 e2f4 f5h6 f4g6 h7g6 f3f4 f8g7 f4e5 g6g5 e5e6 h6g8 f2e3 h8h7 h1f1 h7h8 f1f5 b8e8 c1b2 e8e6 e3f2 e6e2 f2e2 a8d8 b2c1 g7f8 d2d4 h8h7 e2f3 h7g6 a3a4 g8h6 a2g2 g6h5 g2g5 f6g5 f5f8 d8f8 f3e3 f8f1 e3d2 h5g6 d2c2 f1f2 c2d3 f2f1 d3c2 f1f2 c2b1 f2f6 a4a5 f6f5 c1g5 g6g5 d4d5 f5d5 a5a6 d5b5 b1c2 b5b6 a6a7 b6a6 h3h4 g5f4 c2d3 a6a4 c3c4 h6f5 c4c5 a4a7 d3c4 a7a8 c4d3 f4f3 d3d2 f3f4 d2d3 f5g3 c5c6 a8a3 d3c2 b7c6 h4h5 g3h5 c2b2 a3e3 b2c2 e3e2 c2b3 h5f6 b3b4 f6h5 b4c5 e2e4 c5c6 e4e8 c6d5 e8e3 d5d4 e3e8 d4d5 f4f5 d5c4 f5e4 c4b5 h5g3 b5a4 e8h8 a4b3 e4f3 b3c2 h8h6 c2d3 h6g6 d3d4 g3h1 d4d5 f3f4 d5c5 g6g3 c5c6 f4e5 c6c5 e5f5 c5b5 g3h3 b5c6 f5e6 c6c5 e6f5 c5c4 h3e3 c4d4 e3g3 d4c5 f5g5 c5c6 g3f3 c6c7 g5h5 c7d7 f3d3 d7e7 h5g5 e7f7 d3e3 f7g7 e3d3 g7f7 d3a3 f7e6 g5f4 e6f7 f4e5 f7g7 e5f5 g7f7 a3a7 f7f8 a7h7 f8e8 f5e5 e8f8 h7d7 f8e8 d7g7 e8f8 g7b7 f8e8 e5d6 e8f8 d6e6 f8g8 e6e5 g8f8 e5f6 f8e8 b7c7 e8d8 c7g7 d8c8 g7e7 c8b8 f6g7 b8c8 e7f7 c8d8 f7f3 d8c7 f3g3 c7b7 h1f2 b7b8
Finished game 5 (A vs B): 1/2-1/2 {Draw by fifty moves rule}
Warning; Bestmove does not match beginning of last PV - move b8b6 from B
Info; info depth 35 seldepth 12 multipv 1 score mate 6 nodes 312088 nps 1040293 hashfull 89 tbhits 0 time 300 pv f6g4 f4f5 b4a5 f5f6 b8b3 d4c5 a5b6 c5d6 b3c3 f6f7 b6c5
Position; fen rnbqkb1r/ppp1pppp/3p1n2/8/4P3/8/PPPPBPPP/RNBQK1NR w KQkq - 0 3
Moves; c2c3 e7e6 e4e5 f6d5 h2h4 d6e5 d1a4 c7c6 a4c6 b7c6 a2a4 d5f4 f2f3 d8h4 h1h4 c8a6 e2f1 a6d3 e1d1 g7g5 g2g3 g5h4 a4a5 h4g3 f1h3 d3b5 h3g4 f8d6 c3c4 b5c4 d2d4 c4b3 d1d2 h7h5 g4e6 f4e6 d4e5 d6e7 d2c3 b8d7 a5a6 b3d5 c1e3 f7f5 e5f6 d7f6 e3c5 e6c5 b2b4 g3g2 a1a2 e8d8 a2g2 c5a4 c3c2 h8e8 g2f2 f6g8 f3f4 e7b4 g1h3 a4b6 c2b2 b6c4 b2b3 b4c5 b3c2 d5e4 c2c3 a8b8 c3c4 c5f2 b1d2 g8f6 d2f1 f2b6 c4c3 b6a5 c3d4 e4d5 f1e3 e8e4 d4d3 b8b3 d3c2 e4e3 h3f2 b3b8 f2d3 e3f3 d3b4 f3c3 c2c3 a5b4 c3d4
Warning; Bestmove does not match beginning of last PV - move g8f8 from B
Info; info depth 15 seldepth 21 multipv 1 score cp 599 nodes 81211 nps 269803 hashfull 35 tbhits 0 time 301 pv d7f8 d2d4 c7b6 g1e2 f6e4 a4a5 f8e6 b1d2
Position; fen rnbqkbnr/pppp1pp1/4p2p/8/P7/1P6/2PPPPPP/RNBQKBNR w KQkq - 0 3
Moves; b3b4 d7d5 c2c3 g8f6 c1a3 f8d6 e2e3 e6e5 h2h4 a7a6 d1c1 c8f5 g2g3 b8d7 f1a6 a8a6 b4b5 a6a8 e3e4 f5e4 c1d1 e4h7 d1b3 h7e4 b5b6 e8g8 a3d6 e4h1 d6f8
Warning; Bestmove does not match beginning of last PV - move b5c6 from B
Info; info depth 17 seldepth 22 multipv 1 score cp 784 nodes 289239 nps 964130 hashfull 110 tbhits 0 time 300 pv h8b2 d7d5 b5c6 b7c6 a1a4 f7f6 h2h4 e6e5 b2c3 c8f5 f1d3
Position; fen rnbqkbnr/pppp1pp1/4p2p/8/P7/1P6/2PPPPPP/RNBQKBNR w KQkq - 0 3
Moves; c1b2 c7c6 g2g3 b8a6 e2e3 a6c7 g1f3 g7g6 b2h8 c7b5 a4b5 a7a5
Warning; Bestmove does not match beginning of last PV - move a8b7 from B
Info; info depth 12 seldepth 25 multipv 1 score cp 223 nodes 104506 nps 347196 hashfull 38 tbhits 0 time 301 pv a1a3 c3c1 a3a1 c1b2 d1d2 b2c3 a1a3 c3c1 a8a5 e7f6 a3a1 c1c5 a5c5 f8c5 a1a8
Position; fen rnbqkbnr/p1ppppp1/B6p/1p6/8/4P3/PPPP1PPP/RNBQK1NR w KQkq - 0 3
Moves; d1f3 b8a6 f3a8 c7c6 g1f3 a6b4 e1g1 b4c2 a8a7 c2e3 f2e3 f7f6 g1f2 c8a6 a7a6 b5b4 d2d3 b4b3 a6a4 b3a2 a4e4 f6f5 e4a4 a2b1q a1b1 d8b6 c1d2 e7e6 f2e2 f5f4 b1a1 f4e3 a4a8 e8e7 a1a6 b6b2 a6a1 e3d2 f1d1 b2c3
Warning; Bestmove does not match beginning of last PV - move b6b5 from B
Info; info depth 37 seldepth 10 multipv 1 score mate 5 nodes 439407 nps 1464690 hashfull 112 tbhits 0 time 300 pv b4a5 f4f5 f6g4 f5f6 b6b2 d3d4 a5b4 f6f7 b2d2
Position; fen rnbqkb1r/ppp1pppp/3p1n2/8/4P3/8/PPPPBPPP/RNBQK1NR w KQkq - 0 3
Moves; c2c3 e7e6 e4e5 f6d5 h2h4 d6e5 d1a4 c7c6 a4c6 b7c6 a2a4 d5f4 f2f3 d8h4 h1h4 c8a6 e2f1 a6d3 e1d1 g7g5 g2g3 g5h4 a4a5 h4g3 f1h3 d3b5 h3g4 f8d6 c3c4 b5c4 d2d4 c4b3 d1d2 h7h5 g4e6 f4e6 d4e5 d6e7 d2c3 b8d7 a5a6 b3d5 c1e3 f7f5 e5f6 d7f6 e3c5 e6c5 b2b4 g3g2 a1a2 e8d8 a2g2 c5a4 c3c2 h8e8 g2f2 f6g8 f3f4 e7b4 g1h3 a4b6 c2b2 b6c4 b2b3 b4c5 b3c2 d5e4 c2c3 a8b8 c3c4 c5f2 b1d2 g8f6 d2f1 f2b6 c4c3 b6a5 c3d4 e4d5 f1e3 e8e4 d4d3 b8b3 d3c2 e4e3 h3f2 b3b8 f2d3 e3f3 d3b4 f3c3 c2c3 a5b4 c3d4 b8b6 d4d3
Warning; Bestmove does not match beginning of last PV - move d1e2 from B
Info; info depth 16 seldepth 20 multipv 1 score cp 795 nodes 290055 nps 966850 hashfull 116 tbhits 0 time 300 pv h8b2 g8f6 f1g2 b7b5 e1g1 c8a6 f1e1 f6d5 d2d4 d8c7 b1d2 a8d8 h2h3 f8g7
Position; fen rnbqkbnr/pppp1pp1/4p2p/8/P7/1P6/2PPPPPP/RNBQKBNR w KQkq - 0 3
Moves; c1b2 c7c6 g2g3 b8a6 e2e3 a6c7 g1f3 g7g6 b2h8 c7b5 a4b5 a7a5 b5c6 d7c6
Warning; Bestmove does not match beginning of last PV - move f8g8 from B
Info; info depth 15 seldepth 23 multipv 1 score cp 667 nodes 104652 nps 348840 hashfull 40 tbhits 0 time 300 pv d5d4 b1a3 d4d3 a3b5 c7c6 b3a3 f8g8 b5d6 h1d5 d6f5
Position; fen rnbqkbnr/pppp1pp1/4p2p/8/P7/1P6/2PPPPPP/RNBQKBNR w KQkq - 0 3
Moves; b3b4 d7d5 c2c3 g8f6 c1a3 f8d6 e2e3 e6e5 h2h4 a7a6 d1c1 c8f5 g2g3 b8d7 f1a6 a8a6 b4b5 a6a8 e3e4 f5e4 c1d1 e4h7 d1b3 h7e4 b5b6 e8g8 a3d6 e4h1 d6f8 g8f8 b6c7 d8c7 a1a2
Warning; Bestmove does not match beginning of last PV - move h8d4 from B
Info; info depth 17 seldepth 22 multipv 1 score cp 751 nodes 270491 nps 901636 hashfull 114 tbhits 0 time 300 pv f1g2 f7f6 e1g1 e6e5 f3e5 f6e5 h8e5 d8d7 e5b2 c8a6 e2d3 d7d3 c2d3
Position; fen rnbqkbnr/pppp1pp1/4p2p/8/P7/1P6/2PPPPPP/RNBQKBNR w KQkq - 0 3
Moves; c1b2 c7c6 g2g3 b8a6 e2e3 a6c7 g1f3 g7g6 b2h8 c7b5 a4b5 a7a5 b5c6 d7c6 d1e2 b7b5
Warning; Bestmove does not match beginning of last PV - move a1a4 from B
Info; info depth 15 seldepth 19 multipv 1 score cp 426 nodes 101090 nps 334735 hashfull 36 tbhits 0 time 302 pv d7e8 g7g5 f3d2 f6g7 a1a7 c3c5 d1f1 h8h7 f1f8 c5e5 e2d1
Position; fen rnbqkbnr/p1ppppp1/B6p/1p6/8/4P3/PPPP1PPP/RNBQK1NR w KQkq - 0 3
Moves; d1f3 b8a6 f3a8 c7c6 g1f3 a6b4 e1g1 b4c2 a8a7 c2e3 f2e3 f7f6 g1f2 c8a6 a7a6 b5b4 d2d3 b4b3 a6a4 b3a2 a4e4 f6f5 e4a4 a2b1q a1b1 d8b6 c1d2 e7e6 f2e2 f5f4 b1a1 f4e3 a4a8 e8e7 a1a6 b6b2 a6a1 e3d2 f1d1 b2c3 a8b7 e7f6 b7d7 f8e7
Warning; Bestmove does not match beginning of last PV - move f6d7 from B
Info; info depth 42 seldepth 8 multipv 1 score mate 4 nodes 530288 nps 1767626 hashfull 100 tbhits 0 time 300 pv f6g4 e3d4 b5b2 f5f6 a5b4 f6f7 b2d2
Position; fen rnbqkb1r/ppp1pppp/3p1n2/8/4P3/8/PPPPBPPP/RNBQK1NR w KQkq - 0 3
Moves; c2c3 e7e6 e4e5 f6d5 h2h4 d6e5 d1a4 c7c6 a4c6 b7c6 a2a4 d5f4 f2f3 d8h4 h1h4 c8a6 e2f1 a6d3 e1d1 g7g5 g2g3 g5h4 a4a5 h4g3 f1h3 d3b5 h3g4 f8d6 c3c4 b5c4 d2d4 c4b3 d1d2 h7h5 g4e6 f4e6 d4e5 d6e7 d2c3 b8d7 a5a6 b3d5 c1e3 f7f5 e5f6 d7f6 e3c5 e6c5 b2b4 g3g2 a1a2 e8d8 a2g2 c5a4 c3c2 h8e8 g2f2 f6g8 f3f4 e7b4 g1h3 a4b6 c2b2 b6c4 b2b3 b4c5 b3c2 d5e4 c2c3 a8b8 c3c4 c5f2 b1d2 g8f6 d2f1 f2b6 c4c3 b6a5 c3d4 e4d5 f1e3 e8e4 d4d3 b8b3 d3c2 e4e3 h3f2 b3b8 f2d3 e3f3 d3b4 f3c3 c2c3 a5b4 c3d4 b8b6 d4d3 b6b5 f4f5 b4a5 d3e3
Warning; Bestmove does not match beginning of last PV - move a8a6 from B
Info; info depth 15 seldepth 20 multipv 1 score cp 703 nodes 106019 nps 352222 hashfull 45 tbhits 0 time 301 pv h1e4 d2d4 e5d4 c3d4 c7c1 b1c3 c1g1 c3e4 f6e4 b3b7 g1f2 e2d1 f2a2 b7a8 g8h7
Position; fen rnbqkbnr/pppp1pp1/4p2p/8/P7/1P6/2PPPPPP/RNBQKBNR w KQkq - 0 3
Moves; b3b4 d7d5 c2c3 g8f6 c1a3 f8d6 e2e3 e6e5 h2h4 a7a6 d1c1 c8f5 g2g3 b8d7 f1a6 a8a6 b4b5 a6a8 e3e4 f5e4 c1d1 e4h7 d1b3 h7e4 b5b6 e8g8 a3d6 e4h1 d6f8 g8f8 b6c7 d8c7 a1a2 f8g8 e1e2
Warning; Bestmove does not match beginning of last PV - move b1a3 from B
Info; info depth 17 seldepth 23 multipv 1 score cp 727 nodes 284806 nps 949353 hashfull 113 tbhits 0 time 300 pv b1c3 a5a4 f1g2 c8a6 d4f6 d8f6 f3d4 b5b4 g2c6 e8d8 c3b5 a4b3 c2b3
Position; fen rnbqkbnr/pppp1pp1/4p2p/8/P7/1P6/2PPPPPP/RNBQKBNR w KQkq - 0 3
Moves; c1b2 c7c6 g2g3 b8a6 e2e3 a6c7 g1f3 g7g6 b2h8 c7b5 a4b5 a7a5 b5c6 d7c6 d1e2 b7b5 h8d4 g8f6
Warning; Bestmove does not match beginning of last PV - move a4a7 from B
Info; info depth 16 seldepth 34 multipv 1 score cp 536 nodes 117623 nps 392076 hashfull 45 tbhits 0 time 300 pv a4f4 f6g6 d7e8 g6h7 f4f8 c3b4 e8b8 b4g4 b8g3 g4g3 h2g3 g8e7 f3g5 h6g5 d1h1 h7g6 f8h8 e7f5 e2d2 f5g3 h1a1 g5g4 a1a8 c6c5
Position; fen rnbqkbnr/p1ppppp1/B6p/1p6/8/4P3/PPPP1PPP/RNBQK1NR w KQkq - 0 3
Moves; d1f3 b8a6 f3a8 c7c6 g1f3 a6b4 e1g1 b4c2 a8a7 c2e3 f2e3 f7f6 g1f2 c8a6 a7a6 b5b4 d2d3 b4b3 a6a4 b3a2 a4e4 f6f5 e4a4 a2b1q a1b1 d8b6 c1d2 e7e6 f2e2 f5f4 b1a1 f4e3 a4a8 e8e7 a1a6 b6b2 a6a1 e3d2 f1d1 b2c3 a8b7 e7f6 b7d7 f8e7 a1a4 e7f8
Warning; Bestmove does not match beginning of last PV - move a5b4 from B
Info; info depth 39 seldepth 12 multipv 1 score mate 6 nodes 475940 nps 1586466 hashfull 119 tbhits 0 time 300 pv a5d2 f4g3 d2e3 f5f6 d7f6 g3h2 f6g4 h2h3 e3g5 h3g3 b5b3
Position; fen rnbqkb1r/ppp1pppp/3p1n2/8/4P3/8/PPPPBPPP/RNBQK1NR w KQkq - 0 3
Moves; c2c3 e7e6 e4e5 f6d5 h2h4 d6e5 d1a4 c7c6 a4c6 b7c6 a2a4 d5f4 f2f3 d8h4 h1h4 c8a6 e2f1 a6d3 e1d1 g7g5 g2g3 g5h4 a4a5 h4g3 f1h3 d3b5 h3g4 f8d6 c3c4 b5c4 d2d4 c4b3 d1d2 h7h5 g4e6 f4e6 d4e5 d6e7 d2c3 b8d7 a5a6 b3d5 c1e3 f7f5 e5f6 d7f6 e3c5 e6c5 b2b4 g3g2 a1a2 e8d8 a2g2 c5a4 c3c2 h8e8 g2f2 f6g8 f3f4 e7b4 g1h3 a4b6 c2b2 b6c4 b2b3 b4c5 b3c2 d5e4 c2c3 a8b8 c3c4 c5f2 b1d2 g8f6 d2f1 f2b6 c4c3 b6a5 c3d4 e4d5 f1e3 e8e4 d4d3 b8b3 d3c2 e4e3 h3f2 b3b8 f2d3 e3f3 d3b4 f3c3 c2c3 a5b4 c3d4 b8b6 d4d3 b6b5 f4f5 b4a5 d3e3 f6d7 e3f4
Warning; Bestmove does not match beginning of last PV - move c7c8 from B
Info; info depth 16 seldepth 20 multipv 1 score cp 720 nodes 120954 nps 401840 hashfull 49 tbhits 0 time 301 pv a6b6 b3c2 h1g2 h3g1 e5e4 b1a3 f6g4 a2b2 d7e5 b2b4
Position; fen rnbqkbnr/pppp1pp1/4p2p/8/P7/1P6/2PPPPPP/RNBQKBNR w KQkq - 0 3
Moves; b3b4 d7d5 c2c3 g8f6 c1a3 f8d6 e2e3 e6e5 h2h4 a7a6 d1c1 c8f5 g2g3 b8d7 f1a6 a8a6 b4b5 a6a8 e3e4 f5e4 c1d1 e4h7 d1b3 h7e4 b5b6 e8g8 a3d6 e4h1 d6f8 g8f8 b6c7 d8c7 a1a2 f8g8 e1e2 a8a6 g1h3
Warning; Bestmove does not match beginning of last PV - move f1g2 from B
Info; info depth 17 seldepth 23 multipv 1 score cp 666 nodes 189693 nps 632310 hashfull 73 tbhits 0 time 300 pv a1a3 b5b4 a3a4 e6e5 f3e5 c8a6 e5d3 a6d3 e2d3 c6c5
Position; fen rnbqkbnr/pppp1pp1/4p2p/8/P7/1P6/2PPPPPP/RNBQKBNR w KQkq - 0 3
Moves; c1b2 c7c6 g2g3 b8a6 e2e3 a6c7 g1f3 g7g6 b2h8 c7b5 a4b5 a7a5 b5c6 d7c6 d1e2 b7b5 h8d4 g8f6 b1a3 f8a3
Warning; Bestmove does not match beginning of last PV - move d7e8 from B
Info; info depth 14 seldepth 22 multipv 1 score cp 409 nodes 88710 nps 294717 hashfull 35 tbhits 0 time 301 pv d1d2 c3c5 e2f1 c5d5 d7e8 h6h5 d2e2 d5d3 f3d2 h5h4 d2e4 d3e4 e2e4
Position; fen rnbqkbnr/p1ppppp1/B6p/1p6/8/4P3/PPPP1PPP/RNBQK1NR w KQkq - 0 3
Moves; d1f3 b8a6 f3a8 c7c6 g1f3 a6b4 e1g1 b4c2 a8a7 c2e3 f2e3 f7f6 g1f2 c8a6 a7a6 b5b4 d2d3 b4b3 a6a4 b3a2 a4e4 f6f5 e4a4 a2b1q a1b1 d8b6 c1d2 e7e6 f2e2 f5f4 b1a1 f4e3 a4a8 e8e7 a1a6 b6b2 a6a1 e3d2 f1d1 b2c3 a8b7 e7f6 b7d7 f8e7 a1a4 e7f8 a4a7 g8e7
Warning; Bestmove does not match beginning of last PV - move b4a5 from B
Info; info depth 36 seldepth 10 multipv 1 score mate 5 nodes 408668 nps 1362226 hashfull 96 tbhits 0 time 300 pv b4d2 g5g6 b5b4 f5f6 b4g4 g6h7 d7f6 h7h8 g4g8
Position; fen rnbqkb1r/ppp1pppp/3p1n2/8/4P3/8/PPPPBPPP/RNBQK1NR w KQkq - 0 3
Moves; c2c3 e7e6 e4e5 f6d5 h2h4 d6e5 d1a4 c7c6 a4c6 b7c6 a2a4 d5f4 f2f3 d8h4 h1h4 c8a6 e2f1 a6d3 e1d1 g7g5 g2g3 g5h4 a4a5 h4g3 f1h3 d3b5 h3g4 f8d6 c3c4 b5c4 d2d4 c4b3 d1d2 h7h5 g4e6 f4e6 d4e5 d6e7 d2c3 b8d7 a5a6 b3d5 c1e3 f7f5 e5f6 d7f6 e3c5 e6c5 b2b4 g3g2 a1a2 e8d8 a2g2 c5a4 c3c2 h8e8 g2f2 f6g8 f3f4 e7b4 g1h3 a4b6 c2b2 b6c4 b2b3 b4c5 b3c2 d5e4 c2c3 a8b8 c3c4 c5f2 b1d2 g8f6 d2f1 f2b6 c4c3 b6a5 c3d4 e4d5 f1e3 e8e4 d4d3 b8b3 d3c2 e4e3 h3f2 b3b8 f2d3 e3f3 d3b4 f3c3 c2c3 a5b4 c3d4 b8b6 d4d3 b6b5 f4f5 b4a5 d3e3 f6d7 e3f4 a5b4 f4g5
Warning; Bestmove does not match beginning of last PV - move a1a3 from B
Info; info depth 16 seldepth 19 multipv 1 score cp 589 nodes 169109 nps 563696 hashfull 55 tbhits 0 time 300 pv f3e5 f6d5 a1a3 a5a4 e2f3
Position; fen rnbqkbnr/pppp1pp1/4p2p/8/P7/1P6/2PPPPPP/RNBQKBNR w KQkq - 0 3
Moves; c1b2 c7c6 g2g3 b8a6 e2e3 a6c7 g1f3 g7g6 b2h8 c7b5 a4b5 a7a5 b5c6 d7c6 d1e2 b7b5 h8d4 g8f6 b1a3 f8a3 f1g2 b5b4
Warning; Bestmove does not match beginning of last PV - move a5e1 from B
Info; info depth 40 seldepth 10 multipv 1 score mate 5 nodes 450514 nps 1501713 hashfull 98 tbhits 0 time 300 pv a5d2 h5g6 b5b4 f5f6 b4g4 g6h7 g4g8 f6f7 d7f6
Position; fen rnbqkb1r/ppp1pppp/3p1n2/8/4P3/8/PPPPBPPP/RNBQK1NR w KQkq - 0 3
Moves; c2c3 e7e6 e4e5 f6d5 h2h4 d6e5 d1a4 c7c6 a4c6 b7c6 a2a4 d5f4 f2f3 d8h4 h1h4 c8a6 e2f1 a6d3 e1d1 g7g5 g2g3 g5h4 a4a5 h4g3 f1h3 d3b5 h3g4 f8d6 c3c4 b5c4 d2d4 c4b3 d1d2 h7h5 g4e6 f4e6 d4e5 d6e7 d2c3 b8d7 a5a6 b3d5 c1e3 f7f5 e5f6 d7f6 e3c5 e6c5 b2b4 g3g2 a1a2 e8d8 a2g2 c5a4 c3c2 h8e8 g2f2 f6g8 f3f4 e7b4 g1h3 a4b6 c2b2 b6c4 b2b3 b4c5 b3c2 d5e4 c2c3 a8b8 c3c4 c5f2 b1d2 g8f6 d2f1 f2b6 c4c3 b6a5 c3d4 e4d5 f1e3 e8e4 d4d3 b8b3 d3c2 e4e3 h3f2 b3b8 f2d3 e3f3 d3b4 f3c3 c2c3 a5b4 c3d4 b8b6 d4d3 b6b5 f4f5 b4a5 d3e3 f6d7 e3f4 a5b4 f4g5 b4a5 g5h5
Warning; Bestmove does not match beginning of last PV - move g7g6 from B
Info; info depth 17 seldepth 8 multipv 1 score mate 4 nodes 148963 nps 494893 hashfull 53 tbhits 0 time 301 pv c8h3 f1e1 c5d3 e1e2 h3g4 e2d3 g4e4
Position; fen rnbqkbnr/pppp1pp1/4p2p/8/P7/1P6/2PPPPPP/RNBQKBNR w KQkq - 0 3
Moves; b3b4 d7d5 c2c3 g8f6 c1a3 f8d6 e2e3 e6e5 h2h4 a7a6 d1c1 c8f5 g2g3 b8d7 f1a6 a8a6 b4b5 a6a8 e3e4 f5e4 c1d1 e4h7 d1b3 h7e4 b5b6 e8g8 a3d6 e4h1 d6f8 g8f8 b6c7 d8c7 a1a2 f8g8 e1e2 a8a6 g1h3 c7c8 e2f1 d7c5 b3d1
Warning; Bestmove does not match beginning of last PV - move e1g1 from B
Info; info depth 15 seldepth 24 multipv 1 score cp 476 nodes 128066 nps 426886 hashfull 42 tbhits 0 time 300 pv f3e5 a5a4 e1g1 c8a6 d2d3 c6c5 d4a1 a4b3 c2b3 c5c4 g2c6 e8f8 d3c4 f8g8 c6a8 d8a8 e2f3 a8f3 e5f3 f6e4 h2h3
Position; fen rnbqkbnr/pppp1pp1/4p2p/8/P7/1P6/2PPPPPP/RNBQKBNR w KQkq - 0 3
Moves; c1b2 c7c6 g2g3 b8a6 e2e3 a6c7 g1f3 g7g6 b2h8 c7b5 a4b5 a7a5 b5c6 d7c6 d1e2 b7b5 h8d4 g8f6 b1a3 f8a3 f1g2 b5b4 a1a3 b4a3
Warning; Bestmove does not match beginning of last PV - move e8f7 from B
Info; info depth 18 seldepth 30 multipv 1 score cp 1049 nodes 339283 nps 1130943 hashfull 133 tbhits 0 time 300 pv e5d7 f6g5 d7f8 h8f8 e8f8 e6e5 e2d2 e5e4 d3e4 h6h5 e4f5 h5h4 f8g7 g5f5
Position; fen rnbqkbnr/p1ppppp1/B6p/1p6/8/4P3/PPPP1PPP/RNBQK1NR w KQkq - 0 3
Moves; d1f3 b8a6 f3a8 c7c6 g1f3 a6b4 e1g1 b4c2 a8a7 c2e3 f2e3 f7f6 g1f2 c8a6 a7a6 b5b4 d2d3 b4b3 a6a4 b3a2 a4e4 f6f5 e4a4 a2b1q a1b1 d8b6 c1d2 e7e6 f2e2 f5f4 b1a1 f4e3 a4a8 e8e7 a1a6 b6b2 a6a1 e3d2 f1d1 b2c3 a8b7 e7f6 b7d7 f8e7 a1a4 e7f8 a4a7 g8e7 d7e8 c3e5 f3e5 e7f5
Warning; Bestmove does not match beginning of last PV - move e1b4 from B
Info; info depth 42 seldepth 10 multipv 1 score mate 5 nodes 448985 nps 1496616 hashfull 98 tbhits 0 time 300 pv d5f3 h5g6 e1d2 g6g7 b5g5 g7h8 d7f8 f6f7 d2c3
Position; fen rnbqkb1r/ppp1pppp/3p1n2/8/4P3/8/PPPPBPPP/RNBQK1NR w KQkq - 0 3
Moves; c2c3 e7e6 e4e5 f6d5 h2h4 d6e5 d1a4 c7c6 a4c6 b7c6 a2a4 d5f4 f2f3 d8h4 h1h4 c8a6 e2f1 a6d3 e1d1 g7g5 g2g3 g5h4 a4a5 h4g3 f1h3 d3b5 h3g4 f8d6 c3c4 b5c4 d2d4 c4b3 d1d2 h7h5 g4e6 f4e6 d4e5 d6e7 d2c3 b8d7 a5a6 b3d5 c1e3 f7f5 e5f6 d7f6 e3c5 e6c5 b2b4 g3g2 a1a2 e8d8 a2g2 c5a4 c3c2 h8e8 g2f2 f6g8 f3f4 e7b4 g1h3 a4b6 c2b2 b6c4 b2b3 b4c5 b3c2 d5e4 c2c3 a8b8 c3c4 c5f2 b1d2 g8f6 d2f1 f2b6 c4c3 b6a5 c3d4 e4d5 f1e3 e8e4 d4d3 b8b3 d3c2 e4e3 h3f2 b3b8 f2d3 e3f3 d3b4 f3c3 c2c3 a5b4 c3d4 b8b6 d4d3 b6b5 f4f5 b4a5 d3e3 f6d7 e3f4 a5b4 f4g5 b4a5 g5h5 a5e1 f5f6
Warning; Bestmove does not match beginning of last PV - move h1g2 from B
Info; info depth 18 seldepth 6 multipv 1 score mate 3 nodes 199652 nps 665506 hashfull 76 tbhits 0 time 300 pv c8g4 f2f3 g4f3 e2e1 c5d3
Position; fen rnbqkbnr/pppp1pp1/4p2p/8/P7/1P6/2PPPPPP/RNBQKBNR w KQkq - 0 3
Moves; b3b4 d7d5 c2c3 g8f6 c1a3 f8d6 e2e3 e6e5 h2h4 a7a6 d1c1 c8f5 g2g3 b8d7 f1a6 a8a6 b4b5 a6a8 e3e4 f5e4 c1d1 e4h7 d1b3 h7e4 b5b6 e8g8 a3d6 e4h1 d6f8 g8f8 b6c7 d8c7 a1a2 f8g8 e1e2 a8a6 g1h3 c7c8 e2f1 d7c5 b3d1 g7g6 f1e2
Warning; Bestmove does not match beginning of last PV - move d2d3 from B
Info; info depth 15 seldepth 23 multipv 1 score cp 509 nodes 119060 nps 394238 hashfull 41 tbhits 0 time 302 pv f1a1 a5a4 f3e5 f6d5 e2c4 a4b3 c2b3 c8a6
Position; fen rnbqkbnr/pppp1pp1/4p2p/8/P7/1P6/2PPPPPP/RNBQKBNR w KQkq - 0 3
Moves; c1b2 c7c6 g2g3 b8a6 e2e3 a6c7 g1f3 g7g6 b2h8 c7b5 a4b5 a7a5 b5c6 d7c6 d1e2 b7b5 h8d4 g8f6 b1a3 f8a3 f1g2 b5b4 a1a3 b4a3 e1g1 a3a2
Warning; Bestmove does not match beginning of last PV - move a7a5 from B
Info; info depth 18 seldepth 26 multipv 1 score cp 746 nodes 253339 nps 844463 hashfull 100 tbhits 0 time 300 pv a7a4 e5d5 f7d7 f8d6 a4e4 h8f8 d7e6 d5c5 e4e5 c5b6 e5f5 f8f5 e6d6 f5b5 d6b8 b6c5 b8e5 c5b6
Position; fen rnbqkbnr/p1ppppp1/B6p/1p6/8/4P3/PPPP1PPP/RNBQK1NR w KQkq - 0 3
Moves; d1f3 b8a6 f3a8 c7c6 g1f3 a6b4 e1g1 b4c2 a8a7 c2e3 f2e3 f7f6 g1f2 c8a6 a7a6 b5b4 d2d3 b4b3 a6a4 b3a2 a4e4 f6f5 e4a4 a2b1q a1b1 d8b6 c1d2 e7e6 f2e2 f5f4 b1a1 f4e3 a4a8 e8e7 a1a6 b6b2 a6a1 e3d2 f1d1 b2c3 a8b7 e7f6 b7d7 f8e7 a1a4 e7f8 a4a7 g8e7 d7e8 c3e5 f3e5 e7f5 e8f7 f6e5
Warning; Bestmove does not match beginning of last PV - move d8c7 from B
Info; info depth 39 seldepth 10 multipv 1 score mate 5 nodes 403488 nps 1344960 hashfull 90 tbhits 0 time 300 pv d5f3 h5g6 d7f8 g6h6 b5h5 h6g7 b4c3 g7g8 h5h8
Position; fen rnbqkb1r/ppp1pppp/3p1n2/8/4P3/8/PPPPBPPP/RNBQK1NR w KQkq - 0 3
Moves; c2c3 e7e6 e4e5 f6d5 h2h4 d6e5 d1a4 c7c6 a4c6 b7c6 a2a4 d5f4 f2f3 d8h4 h1h4 c8a6 e2f1 a6d3 e1d1 g7g5 g2g3 g5h4 a4a5 h4g3 f1h3 d3b5 h3g4 f8d6 c3c4 b5c4 d2d4 c4b3 d1d2 h7h5 g4e6 f4e6 d4e5 d6e7 d2c3 b8d7 a5a6 b3d5 c1e3 f7f5 e5f6 d7f6 e3c5 e6c5 b2b4 g3g2 a1a2 e8d8 a2g2 c5a4 c3c2 h8e8 g2f2 f6g8 f3f4 e7b4 g1h3 a4b6 c2b2 b6c4 b2b3 b4c5 b3c2 d5e4 c2c3 a8b8 c3c4 c5f2 b1d2 g8f6 d2f1 f2b6 c4c3 b6a5 c3d4 e4d5 f1e3 e8e4 d4d3 b8b3 d3c2 e4e3 h3f2 b3b8 f2d3 e3f3 d3b4 f3c3 c2c3 a5b4 c3d4 b8b6 d4d3 b6b5 f4f5 b4a5 d3e3 f6d7 e3f4 a5b4 f4g5 b4a5 g5h5 a5e1 f5f6 e1b4 f6f7
Warning; Bestmove does not match beginning of last PV - move c8f5 from B
Info; info depth 17 seldepth 28 multipv 1 score cp 1171 nodes 262961 nps 876536 hashfull 105 tbhits 0 time 300 pv c8g4 e2f2 f6e4 f2g1 g4d1 g1g2 d1e2 g2g1 e2e1 g1g2 e1g3 g2f1 g3h3 f1e2 g8h7 e2d1 h3h1 d1c2 e4f2 b1a3
Position; fen rnbqkbnr/pppp1pp1/4p2p/8/P7/1P6/2PPPPPP/RNBQKBNR w KQkq - 0 3
Moves; b3b4 d7d5 c2c3 g8f6 c1a3 f8d6 e2e3 e6e5 h2h4 a7a6 d1c1 c8f5 g2g3 b8d7 f1a6 a8a6 b4b5 a6a8 e3e4 f5e4 c1d1 e4h7 d1b3 h7e4 b5b6 e8g8 a3d6 e4h1 d6f8 g8f8 b6c7 d8c7 a1a2 f8g8 e1e2 a8a6 g1h3 c7c8 e2f1 d7c5 b3d1 g7g6 f1e2 h1g2 f2f4
Warning; Bestmove does not match beginning of last PV - move e2d2 from B
Info; info depth 15 seldepth 22 multipv 1 score cp 514 nodes 126081 nps 418873 hashfull 43 tbhits 0 time 301 pv d4a1 a5a4 h2h3 g4e3 e2e3 a4a3 f3e5 a8a5 g2c6 e8f8
Position; fen rnbqkbnr/pppp1pp1/4p2p/8/P7/1P6/2PPPPPP/RNBQKBNR w KQkq - 0 3
Moves; c1b2 c7c6 g2g3 b8a6 e2e3 a6c7 g1f3 g7g6 b2h8 c7b5 a4b5 a7a5 b5c6 d7c6 d1e2 b7b5 h8d4 g8f6 b1a3 f8a3 f1g2 b5b4 a1a3 b4a3 e1g1 a3a2 d2d3 f6g4
Warning; Bestmove does not match beginning of last PV - move a5a6 from B
Info; info depth 17 seldepth 28 multipv 1 score cp 769 nodes 252263 nps 840876 hashfull 91 tbhits 0 time 300 pv f7a7 f8e7 g2g4 h8f8 g4f5 e6f5 h2h3 f8e8 a7c5 d6d7 a5a7 d7e6 c5c6 e6f7
Position; fen rnbqkbnr/p1ppppp1/B6p/1p6/8/4P3/PPPP1PPP/RNBQK1NR w KQkq - 0 3
Moves; d1f3 b8a6 f3a8 c7c6 g1f3 a6b4 e1g1 b4c2 a8a7 c2e3 f2e3 f7f6 g1f2 c8a6 a7a6 b5b4 d2d3 b4b3 a6a4 b3a2 a4e4 f6f5 e4a4 a2b1q a1b1 d8b6 c1d2 e7e6 f2e2 f5f4 b1a1 f4e3 a4a8 e8e7 a1a6 b6b2 a6a1 e3d2 f1d1 b2c3 a8b7 e7f6 b7d7 f8e7 a1a4 e7f8 a4a7 g8e7 d7e8 c3e5 f3e5 e7f5 e8f7 f6e5 a7a5 e5d6
Warning; Bestmove does not match beginning of last PV - move d5e6 from B
Info; info depth 32 seldepth 14 multipv 1 score mate 7 nodes 378643 nps 1262143 hashfull 112 tbhits 0 time 300 pv b4d2 g5g4 b5b4 g4f5 b4f4 f5g5 d5f7 g5h6 d7f8 h6g7 f8e6 g7h8 f4h4
Position; fen rnbqkb1r/ppp1pppp/3p1n2/8/4P3/8/PPPPBPPP/RNBQK1NR w KQkq - 0 3
Moves; c2c3 e7e6 e4e5 f6d5 h2h4 d6e5 d1a4 c7c6 a4c6 b7c6 a2a4 d5f4 f2f3 d8h4 h1h4 c8a6 e2f1 a6d3 e1d1 g7g5 g2g3 g5h4 a4a5 h4g3 f1h3 d3b5 h3g4 f8d6 c3c4 b5c4 d2d4 c4b3 d1d2 h7h5 g4e6 f4e6 d4e5 d6e7 d2c3 b8d7 a5a6 b3d5 c1e3 f7f5 e5f6 d7f6 e3c5 e6c5 b2b4 g3g2 a1a2 e8d8 a2g2 c5a4 c3c2 h8e8 g2f2 f6g8 f3f4 e7b4 g1h3 a4b6 c2b2 b6c4 b2b3 b4c5 b3c2 d5e4 c2c3 a8b8 c3c4 c5f2 b1d2 g8f6 d2f1 f2b6 c4c3 b6a5 c3d4 e4d5 f1e3 e8e4 d4d3 b8b3 d3c2 e4e3 h3f2 b3b8 f2d3 e3f3 d3b4 f3c3 c2c3 a5b4 c3d4 b8b6 d4d3 b6b5 f4f5 b4a5 d3e3 f6d7 e3f4 a5b4 f4g5 b4a5 g5h5 a5e1 f5f6 e1b4 f6f7 d8c7 h5g5
Warning; Bestmove does not match beginning of last PV - move g2h3 from B
Info; info depth 18 seldepth 28 multipv 1 score mate 12 nodes 231705 nps 772350 hashfull 91 tbhits 0 time 300 pv f5h3 d1e2 c5e4 e2e4 f6e4 f2e2 h3h1 f4e5 h1f1 e2e3 f1f3 e3d4 f3f2 d4d3 e4c5 d3c2 g2e4 c2c1 f2f1 c1b2 f1b1 b2a3 a6a4
Position; fen rnbqkbnr/pppp1pp1/4p2p/8/P7/1P6/2PPPPPP/RNBQKBNR w KQkq - 0 3
Moves; b3b4 d7d5 c2c3 g8f6 c1a3 f8d6 e2e3 e6e5 h2h4 a7a6 d1c1 c8f5 g2g3 b8d7 f1a6 a8a6 b4b5 a6a8 e3e4 f5e4 c1d1 e4h7 d1b3 h7e4 b5b6 e8g8 a3d6 e4h1 d6f8 g8f8 b6c7 d8c7 a1a2 f8g8 e1e2 a8a6 g1h3 c7c8 e2f1 d7c5 b3d1 g7g6 f1e2 h1g2 f2f4 c8f5 e2f2
Warning; Bestmove does not match beginning of last PV - move d4c3 from B
Info; info depth 16 seldepth 26 multipv 1 score cp 522 nodes 129476 nps 430152 hashfull 46 tbhits 0 time 301 pv h2h3 a5a4 d4a1 a4b3 c2b3 c8a6 f3d4 c6c5 g2c6 e8f8 d4e6 f7e6 d2c3 e6e5 c3c5 f8g8 h3g4 d8d3 c5d5 d3d5 c6d5 g8f8 d5a8 a6f1 g1f1
Position; fen rnbqkbnr/pppp1pp1/4p2p/8/P7/1P6/2PPPPPP/RNBQKBNR w KQkq - 0 3
Moves; c1b2 c7c6 g2g3 b8a6 e2e3 a6c7 g1f3 g7g6 b2h8 c7b5 a4b5 a7a5 b5c6 d7c6 d1e2 b7b5 h8d4 g8f6 b1a3 f8a3 f1g2 b5b4 a1a3 b4a3 e1g1 a3a2 d2d3 f6g4 e2d2 g6g5
Warning; Bestmove does not match beginning of last PV - move e2e3 from B
Info; info depth 18 seldepth 26 multipv 1 score cp 682 nodes 241177 nps 803923 hashfull 86 tbhits 0 time 300 pv e2d2 f8e7 f7g7 e7g5 d2e1 d4c2 e1e2 h8c8 a6a7 g5e3 a7d7 d6c5 g7c3 c5b6 d1b1 b6a6
Position; fen rnbqkbnr/p1ppppp1/B6p/1p6/8/4P3/PPPP1PPP/RNBQK1NR w KQkq - 0 3
Moves; d1f3 b8a6 f3a8 c7c6 g1f3 a6b4 e1g1 b4c2 a8a7 c2e3 f2e3 f7f6 g1f2 c8a6 a7a6 b5b4 d2d3 b4b3 a6a4 b3a2 a4e4 f6f5 e4a4 a2b1q a1b1 d8b6 c1d2 e7e6 f2e2 f5f4 b1a1 f4e3 a4a8 e8e7 a1a6 b6b2 a6a1 e3d2 f1d1 b2c3 a8b7 e7f6 b7d7 f8e7 a1a4 e7f8 a4a7 g8e7 d7e8 c3e5 f3e5 e7f5 e8f7 f6e5 a7a5 e5d6 a5a6 f5d4
Warning; Bestmove does not match beginning of last PV - move b4d2 from B
Info; info depth 49 seldepth 8 multipv 1 score mate 4 nodes 392049 nps 1306830 hashfull 45 tbhits 0 time 300 pv b4f8 h6g6 e6a2 g6h7 a2f7 h7h8 b5h5
Position; fen rnbqkb1r/ppp1pppp/3p1n2/8/4P3/8/PPPPBPPP/RNBQK1NR w KQkq - 0 3
Moves; c2c3 e7e6 e4e5 f6d5 h2h4 d6e5 d1a4 c7c6 a4c6 b7c6 a2a4 d5f4 f2f3 d8h4 h1h4 c8a6 e2f1 a6d3 e1d1 g7g5 g2g3 g5h4 a4a5 h4g3 f1h3 d3b5 h3g4 f8d6 c3c4 b5c4 d2d4 c4b3 d1d2 h7h5 g4e6 f4e6 d4e5 d6e7 d2c3 b8d7 a5a6 b3d5 c1e3 f7f5 e5f6 d7f6 e3c5 e6c5 b2b4 g3g2 a1a2 e8d8 a2g2 c5a4 c3c2 h8e8 g2f2 f6g8 f3f4 e7b4 g1h3 a4b6 c2b2 b6c4 b2b3 b4c5 b3c2 d5e4 c2c3 a8b8 c3c4 c5f2 b1d2 g8f6 d2f1 f2b6 c4c3 b6a5 c3d4 e4d5 f1e3 e8e4 d4d3 b8b3 d3c2 e4e3 h3f2 b3b8 f2d3 e3f3 d3b4 f3c3 c2c3 a5b4 c3d4 b8b6 d4d3 b6b5 f4f5 b4a5 d3e3 f6d7 e3f4 a5b4 f4g5 b4a5 g5h5 a5e1 f5f6 e1b4 f6f7 d8c7 h5g5 d5e6 g5h6
Warning; Bestmove does not match beginning of last PV - move f5d7 from B
Info; info depth 18 seldepth 19 multipv 1 score cp 875 nodes 263180 nps 877266 hashfull 104 tbhits 0 time 300 pv f5d3 g1h2 e5f4 d1g1 a6e6 h2h3 d3f5 h3g2 f4f3 g2h2 e6e2 g1f2 e2f2 h2g1 f5b1 g1f2 b1a2
Position; fen rnbqkbnr/pppp1pp1/4p2p/8/P7/1P6/2PPPPPP/RNBQKBNR w KQkq - 0 3
Moves; b3b4 d7d5 c2c3 g8f6 c1a3 f8d6 e2e3 e6e5 h2h4 a7a6 d1c1 c8f5 g2g3 b8d7 f1a6 a8a6 b4b5 a6a8 e3e4 f5e4 c1d1 e4h7 d1b3 h7e4 b5b6 e8g8 a3d6 e4h1 d6f8 g8f8 b6c7 d8c7 a1a2 f8g8 e1e2 a8a6 g1h3 c7c8 e2f1 d7c5 b3d1 g7g6 f1e2 h1g2 f2f4 c8f5 e2f2 g2h3 f2g1
Warning; Bestmove does not match beginning of last PV - move c3b2 from B
Info; info depth 16 seldepth 22 multipv 1 score cp 548 nodes 146369 nps 487896 hashfull 57 tbhits 0 time 300 pv h2h3 g4f2 d2f2 a5a4 f3d2 f7f5 f1a1 a4b3 d2b3 b8b3 c2b3 d8d3 g1h2 d3c3 a1a2
Position; fen rnbqkbnr/pppp1pp1/4p2p/8/P7/1P6/2PPPPPP/RNBQKBNR w KQkq - 0 3
Moves; c1b2 c7c6 g2g3 b8a6 e2e3 a6c7 g1f3 g7g6 b2h8 c7b5 a4b5 a7a5 b5c6 d7c6 d1e2 b7b5 h8d4 g8f6 b1a3 f8a3 f1g2 b5b4 a1a3 b4a3 e1g1 a3a2 d2d3 f6g4 e2d2 g6g5 d4c3 a8b8
Warning; Bestmove does not match beginning of last PV - move g2g3 from B
Info; info depth 19 seldepth 24 multipv 1 score cp 1066 nodes 297222 nps 990740 hashfull 109 tbhits 0 time 300 pv e3d4 f8g7 f7g7 h8h7 g7h7 e6e5 d4e3 e5e4 h7e4 d6c7 e4c6 c7d8
Position; fen rnbqkbnr/p1ppppp1/B6p/1p6/8/4P3/PPPP1PPP/RNBQK1NR w KQkq - 0 3
Moves; d1f3 b8a6 f3a8 c7c6 g1f3 a6b4 e1g1 b4c2 a8a7 c2e3 f2e3 f7f6 g1f2 c8a6 a7a6 b5b4 d2d3 b4b3 a6a4 b3a2 a4e4 f6f5 e4a4 a2b1q a1b1 d8b6 c1d2 e7e6 f2e2 f5f4 b1a1 f4e3 a4a8 e8e7 a1a6 b6b2 a6a1 e3d2 f1d1 b2c3 a8b7 e7f6 b7d7 f8e7 a1a4 e7f8 a4a7 g8e7 d7e8 c3e5 f3e5 e7f5 e8f7 f6e5 a7a5 e5d6 a5a6 f5d4 e2e3 g7g5
Warning; Bestmove does not match beginning of last PV - move d7f8 from B
Info; info depth 51 seldepth 8 multipv 1 score mate 4 nodes 415665 nps 1385550 hashfull 39 tbhits 0 time 300 pv b5g5 g6h7 d7f8 h7h6 g5g6 h6h5 g6h6
Position; fen rnbqkb1r/ppp1pppp/3p1n2/8/4P3/8/PPPPBPPP/RNBQK1NR w KQkq - 0 3
Moves; c2c3 e7e6 e4e5 f6d5 h2h4 d6e5 d1a4 c7c6 a4c6 b7c6 a2a4 d5f4 f2f3 d8h4 h1h4 c8a6 e2f1 a6d3 e1d1 g7g5 g2g3 g5h4 a4a5 h4g3 f1h3 d3b5 h3g4 f8d6 c3c4 b5c4 d2d4 c4b3 d1d2 h7h5 g4e6 f4e6 d4e5 d6e7 d2c3 b8d7 a5a6 b3d5 c1e3 f7f5 e5f6 d7f6 e3c5 e6c5 b2b4 g3g2 a1a2 e8d8 a2g2 c5a4 c3c2 h8e8 g2f2 f6g8 f3f4 e7b4 g1h3 a4b6 c2b2 b6c4 b2b3 b4c5 b3c2 d5e4 c2c3 a8b8 c3c4 c5f2 b1d2 g8f6 d2f1 f2b6 c4c3 b6a5 c3d4 e4d5 f1e3 e8e4 d4d3 b8b3 d3c2 e4e3 h3f2 b3b8 f2d3 e3f3 d3b4 f3c3 c2c3 a5b4 c3d4 b8b6 d4d3 b6b5 f4f5 b4a5 d3e3 f6d7 e3f4 a5b4 f4g5 b4a5 g5h5 a5e1 f5f6 e1b4 f6f7 d8c7 h5g5 d5e6 g5h6 b4d2 h6g6
Warning; Bestmove does not match beginning of last PV - move d5d4 from B
Info; info depth 17 seldepth 23 multipv 1 score cp 729 nodes 164135 nps 547116 hashfull 68 tbhits 0 time 300 pv c5d3 h4h5 d3e5 d2d4 e5g4 h5g6 f7g6 a2e2 a6e6 b1d2 e6e2 d1e2 g8h7 e2e1
Position; fen rnbqkbnr/pppp1pp1/4p2p/8/P7/1P6/2PPPPPP/RNBQKBNR w KQkq - 0 3
Moves; b3b4 d7d5 c2c3 g8f6 c1a3 f8d6 e2e3 e6e5 h2h4 a7a6 d1c1 c8f5 g2g3 b8d7 f1a6 a8a6 b4b5 a6a8 e3e4 f5e4 c1d1 e4h7 d1b3 h7e4 b5b6 e8g8 a3d6 e4h1 d6f8 g8f8 b6c7 d8c7 a1a2 f8g8 e1e2 a8a6 g1h3 c7c8 e2f1 d7c5 b3d1 g7g6 f1e2 h1g2 f2f4 c8f5 e2f2 g2h3 f2g1 f5d7 f4e5
Warning; Bestmove does not match beginning of last PV - move f7f6 from B
Info; info depth 18 seldepth 37 multipv 1 score cp 887 nodes 254327 nps 847756 hashfull 91 tbhits 0 time 300 pv a6a7 h8g8 f7g8 d4f5 e3d2 f8e7 g8g6 d6c5 g6f5 c5b6 a7e7
Position; fen rnbqkbnr/p1ppppp1/B6p/1p6/8/4P3/PPPP1PPP/RNBQK1NR w KQkq - 0 3
Moves; d1f3 b8a6 f3a8 c7c6 g1f3 a6b4 e1g1 b4c2 a8a7 c2e3 f2e3 f7f6 g1f2 c8a6 a7a6 b5b4 d2d3 b4b3 a6a4 b3a2 a4e4 f6f5 e4a4 a2b1q a1b1 d8b6 c1d2 e7e6 f2e2 f5f4 b1a1 f4e3 a4a8 e8e7 a1a6 b6b2 a6a1 e3d2 f1d1 b2c3 a8b7 e7f6 b7d7 f8e7 a1a4 e7f8 a4a7 g8e7 d7e8 c3e5 f3e5 e7f5 e8f7 f6e5 a7a5 e5d6 a5a6 f5d4 e2e3 g7g5 g2g3 e6e5
Warning; Bestmove does not match beginning of last PV - move a6f6 from B
Info; info depth 17 seldepth 20 multipv 1 score cp 760 nodes 132628 nps 440624 hashfull 51 tbhits 0 time 301 pv d7d5 d2d3 d5a2 b1d2 d4c3 d1e2 c3d2 g1h2 g8h7 h4h5 a6f6 h5g6 f6g6 d3d4
Position; fen rnbqkbnr/pppp1pp1/4p2p/8/P7/1P6/2PPPPPP/RNBQKBNR w KQkq - 0 3
Moves; b3b4 d7d5 c2c3 g8f6 c1a3 f8d6 e2e3 e6e5 h2h4 a7a6 d1c1 c8f5 g2g3 b8d7 f1a6 a8a6 b4b5 a6a8 e3e4 f5e4 c1d1 e4h7 d1b3 h7e4 b5b6 e8g8 a3d6 e4h1 d6f8 g8f8 b6c7 d8c7 a1a2 f8g8 e1e2 a8a6 g1h3 c7c8 e2f1 d7c5 b3d1 g7g6 f1e2 h1g2 f2f4 c8f5 e2f2 g2h3 f2g1 f5d7 f4e5 d5d4 e5f6
Warning; Bestmove does not match beginning of last PV - move d2c3 from B
Info; info depth 16 seldepth 23 multipv 1 score cp 608 nodes 156104 nps 518617 hashfull 55 tbhits 0 time 301 pv h2h3 a5a4 a1a2 a4b3 a2a1 b3c2 d2c2 g4f6 f3e5 f8g8 e3e4 b6b2 c2b2 c8b7
Position; fen rnbqkbnr/pppp1pp1/4p2p/8/P7/1P6/2PPPPPP/RNBQKBNR w KQkq - 0 3
Moves; c1b2 c7c6 g2g3 b8a6 e2e3 a6c7 g1f3 g7g6 b2h8 c7b5 a4b5 a7a5 b5c6 d7c6 d1e2 b7b5 h8d4 g8f6 b1a3 f8a3 f1g2 b5b4 a1a3 b4a3 e1g1 a3a2 d2d3 f6g4 e2d2 g6g5 d4c3 a8b8 c3b2 e8f8 f1a1 b8b6
Warning; Bestmove does not match beginning of last PV - move d7d4 from B
Info; info depth 18 seldepth 26 multipv 1 score mate 12 nodes 199528 nps 662883 hashfull 78 tbhits 0 time 301 pv c5d3 b1c3 d7d4 g1h1 h3d7 d1e2 d7c6 e2g2 f6f1 h1h2 f1f2 c3e4 f2g2 h2g2 c6e4 g2h3 d4f2 h4h5 f2f1 h3h4 f1h1 h4g4 h1h5
Position; fen rnbqkbnr/pppp1pp1/4p2p/8/P7/1P6/2PPPPPP/RNBQKBNR w KQkq - 0 3
Moves; b3b4 d7d5 c2c3 g8f6 c1a3 f8d6 e2e3 e6e5 h2h4 a7a6 d1c1 c8f5 g2g3 b8d7 f1a6 a8a6 b4b5 a6a8 e3e4 f5e4 c1d1 e4h7 d1b3 h7e4 b5b6 e8g8 a3d6 e4h1 d6f8 g8f8 b6c7 d8c7 a1a2 f8g8 e1e2 a8a6 g1h3 c7c8 e2f1 d7c5 b3d1 g7g6 f1e2 h1g2 f2f4 c8f5 e2f2 g2h3 f2g1 f5d7 f4e5 d5d4 e5f6 a6f6 c3d4
Warning; Bestmove does not match beginning of last PV - move c3g7 from B
Info; info depth 18 seldepth 12 multipv 1 score mate 5 nodes 237112 nps 790373 hashfull 93 tbhits 0 time 300 pv c3h8 f8e7 b2f6 e7d6 h8d8 d6c5 d8d4 c5b5 d4c4
Position; fen rnbqkbnr/pppp1pp1/4p2p/8/P7/1P6/2PPPPPP/RNBQKBNR w KQkq - 0 3
Moves; c1b2 c7c6 g2g3 b8a6 e2e3 a6c7 g1f3 g7g6 b2h8 c7b5 a4b5 a7a5 b5c6 d7c6 d1e2 b7b5 h8d4 g8f6 b1a3 f8a3 f1g2 b5b4 a1a3 b4a3 e1g1 a3a2 d2d3 f6g4 e2d2 g6g5 d4c3 a8b8 c3b2 e8f8 f1a1 b8b6 d2c3 g4h2
Finished game 11 (A vs B): 0-1 {Black mates}
Warning; Bestmove does not match beginning of last PV - move g7g8 from B
Info; info depth 17 seldepth 22 multipv 1 score cp 697 nodes 217712 nps 725706 hashfull 77 tbhits 0 time 300 pv g1h2 d8e7 b2f6 e7f8 g7f8 e8f8 a1a2 b6b5 g3g4 c8a6 f6c3 c6c5 c3a5 f8e7
Position; fen rnbqkbnr/pppp1pp1/4p2p/8/P7/1P6/2PPPPPP/RNBQKBNR w KQkq - 0 3
Moves; c1b2 c7c6 g2g3 b8a6 e2e3 a6c7 g1f3 g7g6 b2h8 c7b5 a4b5 a7a5 b5c6 d7c6 d1e2 b7b5 h8d4 g8f6 b1a3 f8a3 f1g2 b5b4 a1a3 b4a3 e1g1 a3a2 d2d3 f6g4 e2d2 g6g5 d4c3 a8b8 c3b2 e8f8 f1a1 b8b6 d2c3 g4h2 c3g7 f8e8
Warning; Bestmove does not match beginning of last PV - move f7a7 from B
Info; info depth 24 seldepth 14 multipv 1 score mate 7 nodes 242535 nps 808450 hashfull 98 tbhits 0 time 300 pv f7c4 c5d6 c4d4 d6e6 d4e4 e6d7 e4c6 d7d8 a6a8 d8e7 a8a7 e7d8 c6d7
Position; fen rnbqkbnr/p1ppppp1/B6p/1p6/8/4P3/PPPP1PPP/RNBQK1NR w KQkq - 0 3
Moves; d1f3 b8a6 f3a8 c7c6 g1f3 a6b4 e1g1 b4c2 a8a7 c2e3 f2e3 f7f6 g1f2 c8a6 a7a6 b5b4 d2d3 b4b3 a6a4 b3a2 a4e4 f6f5 e4a4 a2b1q a1b1 d8b6 c1d2 e7e6 f2e2 f5f4 b1a1 f4e3 a4a8 e8e7 a1a6 b6b2 a6a1 e3d2 f1d1 b2c3 a8b7 e7f6 b7d7 f8e7 a1a4 e7f8 a4a7 g8e7 d7e8 c3e5 f3e5 e7f5 e8f7 f6e5 a7a5 e5d6 a5a6 f5d4 e2e3 g7g5 g2g3 e6e5 f7f6 d6d5 f6f7 d5c5 e3d2 e5e4
Finished game 15 (A vs B): 0-1 {Black mates}
Warning; Bestmove does not match beginning of last PV - move b2a3 from B
Info; info depth 18 seldepth 35 multipv 1 score cp 739 nodes 287673 nps 958910 hashfull 110 tbhits 0 time 300 pv b2f6 e7f6 g8d8 f6g7 g1h2 b6b5 d8c8 g5g4 f3d4 b5h5 h2g1 a5a4 c8c6 a4b3 c2b3 e6e5 a1a2 e5d4 e3d4 f7f6
Position; fen rnbqkbnr/pppp1pp1/4p2p/8/P7/1P6/2PPPPPP/RNBQKBNR w KQkq - 0 3
Moves; c1b2 c7c6 g2g3 b8a6 e2e3 a6c7 g1f3 g7g6 b2h8 c7b5 a4b5 a7a5 b5c6 d7c6 d1e2 b7b5 h8d4 g8f6 b1a3 f8a3 f1g2 b5b4 a1a3 b4a3 e1g1 a3a2 d2d3 f6g4 e2d2 g6g5 d4c3 a8b8 c3b2 e8f8 f1a1 b8b6 d2c3 g4h2 c3g7 f8e8 g7g8 e8e7
Warning; Bestmove does not match beginning of last PV - move d3e4 from B
Info; info depth 19 seldepth 24 multipv 1 score cp 1129 nodes 358012 nps 1193373 hashfull 137 tbhits 0 time 300 pv a6a5 d5e6 a7d4 f8b4 d4b4 e4e3 d2e3 h8d8 a5a7 c6c5 b4e4 e6d6 e4e7 d6d5 e7d8 d5e5 d8e7 e5d5 a7d7 d5c6 e7e6 c6b5
Position; fen rnbqkbnr/p1ppppp1/B6p/1p6/8/4P3/PPPP1PPP/RNBQK1NR w KQkq - 0 3
Moves; d1f3 b8a6 f3a8 c7c6 g1f3 a6b4 e1g1 b4c2 a8a7 c2e3 f2e3 f7f6 g1f2 c8a6 a7a6 b5b4 d2d3 b4b3 a6a4 b3a2 a4e4 f6f5 e4a4 a2b1q a1b1 d8b6 c1d2 e7e6 f2e2 f5f4 b1a1 f4e3 a4a8 e8e7 a1a6 b6b2 a6a1 e3d2 f1d1 b2c3 a8b7 e7f6 b7d7 f8e7 a1a4 e7f8 a4a7 g8e7 d7e8 c3e5 f3e5 e7f5 e8f7 f6e5 a7a5 e5d6 a5a6 f5d4 e2e3 g7g5 g2g3 e6e5 f7f6 d6d5 f6f7 d5c5 e3d2 e5e4 f7a7 c5d5
Warning; Bestmove does not match beginning of last PV - move a7d7 from B
Info; info depth 26 seldepth 10 multipv 1 score mate 5 nodes 200054 nps 666846 hashfull 72 tbhits 0 time 300 pv d2d3 f8g7 a7g7 d4e2 g7d7 d5c5 d7c6 c5b4 c6c4
Position; fen rnbqkbnr/p1ppppp1/B6p/1p6/8/4P3/PPPP1PPP/RNBQK1NR w KQkq - 0 3
Moves; d1f3 b8a6 f3a8 c7c6 g1f3 a6b4 e1g1 b4c2 a8a7 c2e3 f2e3 f7f6 g1f2 c8a6 a7a6 b5b4 d2d3 b4b3 a6a4 b3a2 a4e4 f6f5 e4a4 a2b1q a1b1 d8b6 c1d2 e7e6 f2e2 f5f4 b1a1 f4e3 a4a8 e8e7 a1a6 b6b2 a6a1 e3d2 f1d1 b2c3 a8b7 e7f6 b7d7 f8e7 a1a4 e7f8 a4a7 g8e7 d7e8 c3e5 f3e5 e7f5 e8f7 f6e5 a7a5 e5d6 a5a6 f5d4 e2e3 g7g5 g2g3 e6e5 f7f6 d6d5 f6f7 d5c5 e3d2 e5e4 f7a7 c5d5 d3e4 d5e4 d1e1 e4d5
Warning; Bestmove does not match beginning of last PV - move a6c6 from B
Info; info depth 29 seldepth 8 multipv 1 score mate 4 nodes 193679 nps 645596 hashfull 61 tbhits 0 time 300 pv e1c1 d4c2 c1c2 c4b3 d7d3 b3b4 d3c4
Position; fen rnbqkbnr/p1ppppp1/B6p/1p6/8/4P3/PPPP1PPP/RNBQK1NR w KQkq - 0 3
Moves; d1f3 b8a6 f3a8 c7c6 g1f3 a6b4 e1g1 b4c2 a8a7 c2e3 f2e3 f7f6 g1f2 c8a6 a7a6 b5b4 d2d3 b4b3 a6a4 b3a2 a4e4 f6f5 e4a4 a2b1q a1b1 d8b6 c1d2 e7e6 f2e2 f5f4 b1a1 f4e3 a4a8 e8e7 a1a6 b6b2 a6a1 e3d2 f1d1 b2c3 a8b7 e7f6 b7d7 f8e7 a1a4 e7f8 a4a7 g8e7 d7e8 c3e5 f3e5 e7f5 e8f7 f6e5 a7a5 e5d6 a5a6 f5d4 e2e3 g7g5 g2g3 e6e5 f7f6 d6d5 f6f7 d5c5 e3d2 e5e4 f7a7 c5d5 d3e4 d5e4 d1e1 e4d5 a7d7 d5c4
Warning; Bestmove does not match beginning of last PV - move h2g1 from B
Info; info depth 18 seldepth 33 multipv 1 score cp 739 nodes 411999 nps 1373330 hashfull 144 tbhits 0 time 300 pv a1a2 d8c7 f3d2 e6e5 d2c4 c7b8 c4a5 c8d7 a5c6 d7c6 g2c6 b8c7 a2a6 f6f5 c6g2 h6h5 a6f6
Position; fen rnbqkbnr/pppp1pp1/4p2p/8/P7/1P6/2PPPPPP/RNBQKBNR w KQkq - 0 3
Moves; c1b2 c7c6 g2g3 b8a6 e2e3 a6c7 g1f3 g7g6 b2h8 c7b5 a4b5 a7a5 b5c6 d7c6 d1e2 b7b5 h8d4 g8f6 b1a3 f8a3 f1g2 b5b4 a1a3 b4a3 e1g1 a3a2 d2d3 f6g4 e2d2 g6g5 d4c3 a8b8 c3b2 e8f8 f1a1 b8b6 d2c3 g4h2 c3g7 f8e8 g7g8 e8e7 b2a3 b6b4 a3b4 a5b4 g8d8 e7d8 g1h2 f7f6
Warning; Bestmove does not match beginning of last PV - move e1c1 from B
Info; info depth 20 seldepth 8 multipv 1 score mate 4 nodes 250327 nps 834423 hashfull 72 tbhits 0 time 300 pv d7c6 f8c5 c6a6 c4d5 a6e6 d5d4 e1e4
Position; fen rnbqkbnr/p1ppppp1/B6p/1p6/8/4P3/PPPP1PPP/RNBQK1NR w KQkq - 0 3
Moves; d1f3 b8a6 f3a8 c7c6 g1f3 a6b4 e1g1 b4c2 a8a7 c2e3 f2e3 f7f6 g1f2 c8a6 a7a6 b5b4 d2d3 b4b3 a6a4 b3a2 a4e4 f6f5 e4a4 a2b1q a1b1 d8b6 c1d2 e7e6 f2e2 f5f4 b1a1 f4e3 a4a8 e8e7 a1a6 b6b2 a6a1 e3d2 f1d1 b2c3 a8b7 e7f6 b7d7 f8e7 a1a4 e7f8 a4a7 g8e7 d7e8 c3e5 f3e5 e7f5 e8f7 f6e5 a7a5 e5d6 a5a6 f5d4 e2e3 g7g5 g2g3 e6e5 f7f6 d6d5 f6f7 d5c5 e3d2 e5e4 f7a7 c5d5 d3e4 d5e4 d1e1 e4d5 a7d7 d5c4 a6c6 d4c6
Warning; Bestmove does not match beginning of last PV - move d7f7 from B
Info; info depth 29 seldepth 10 multipv 1 score mate 5 nodes 257089 nps 856963 hashfull 73 tbhits 0 time 300 pv d7d3 b3a4 c1a1 a4b4 a1b1 b4a4 d3b3 a4a5 b3b5
Position; fen rnbqkbnr/p1ppppp1/B6p/1p6/8/4P3/PPPP1PPP/RNBQK1NR w KQkq - 0 3
Moves; d1f3 b8a6 f3a8 c7c6 g1f3 a6b4 e1g1 b4c2 a8a7 c2e3 f2e3 f7f6 g1f2 c8a6 a7a6 b5b4 d2d3 b4b3 a6a4 b3a2 a4e4 f6f5 e4a4 a2b1q a1b1 d8b6 c1d2 e7e6 f2e2 f5f4 b1a1 f4e3 a4a8 e8e7 a1a6 b6b2 a6a1 e3d2 f1d1 b2c3 a8b7 e7f6 b7d7 f8e7 a1a4 e7f8 a4a7 g8e7 d7e8 c3e5 f3e5 e7f5 e8f7 f6e5 a7a5 e5d6 a5a6 f5d4 e2e3 g7g5 g2g3 e6e5 f7f6 d6d5 f6f7 d5c5 e3d2 e5e4 f7a7 c5d5 d3e4 d5e4 d1e1 e4d5 a7d7 d5c4 a6c6 d4c6 e1c1 c4b3
Warning; Bestmove does not match beginning of last PV - move c1c2 from B
Info; info depth 19 seldepth 14 multipv 1 score mate 7 nodes 285119 nps 950396 hashfull 94 tbhits 0 time 300 pv f7f6 b2b3 f6c3 b3a4 c3c6 a4a5 c1a1 f8a3 a1a3 a5b4 a3a4 b4b3 c6c2
Position; fen rnbqkbnr/p1ppppp1/B6p/1p6/8/4P3/PPPP1PPP/RNBQK1NR w KQkq - 0 3
Moves; d1f3 b8a6 f3a8 c7c6 g1f3 a6b4 e1g1 b4c2 a8a7 c2e3 f2e3 f7f6 g1f2 c8a6 a7a6 b5b4 d2d3 b4b3 a6a4 b3a2 a4e4 f6f5 e4a4 a2b1q a1b1 d8b6 c1d2 e7e6 f2e2 f5f4 b1a1 f4e3 a4a8 e8e7 a1a6 b6b2 a6a1 e3d2 f1d1 b2c3 a8b7 e7f6 b7d7 f8e7 a1a4 e7f8 a4a7 g8e7 d7e8 c3e5 f3e5 e7f5 e8f7 f6e5 a7a5 e5d6 a5a6 f5d4 e2e3 g7g5 g2g3 e6e5 f7f6 d6d5 f6f7 d5c5 e3d2 e5e4 f7a7 c5d5 d3e4 d5e4 d1e1 e4d5 a7d7 d5c4 a6c6 d4c6 e1c1 c4b3 d7f7 b3b2
Warning; Bestmove does not match beginning of last PV - move a2a1 from B
Info; info depth 18 seldepth 28 multipv 1 score cp 768 nodes 417497 nps 1391656 hashfull 133 tbhits 0 time 300 pv g1h2 c7b6 d2c4 b6c7 a2a5 c7b8 d3d4 b8c7 a5c5 c7b8 c5h5 b7a6 h5h6 a6c4 b3c4 e6e5
Position; fen rnbqkbnr/pppp1pp1/4p2p/8/P7/1P6/2PPPPPP/RNBQKBNR w KQkq - 0 3
Moves; c1b2 c7c6 g2g3 b8a6 e2e3 a6c7 g1f3 g7g6 b2h8 c7b5 a4b5 a7a5 b5c6 d7c6 d1e2 b7b5 h8d4 g8f6 b1a3 f8a3 f1g2 b5b4 a1a3 b4a3 e1g1 a3a2 d2d3 f6g4 e2d2 g6g5 d4c3 a8b8 c3b2 e8f8 f1a1 b8b6 d2c3 g4h2 c3g7 f8e8 g7g8 e8e7 b2a3 b6b4 a3b4 a5b4 g8d8 e7d8 g1h2 f7f6 h2g1 g5g4 f3d2 d8c7 a1a2 c8b7
Warning; Bestmove does not match beginning of last PV - move g1h1 from B
Info; info depth 18 seldepth 26 multipv 1 score cp 773 nodes 404005 nps 1346683 hashfull 151 tbhits 0 time 300 pv g1h2 c7b8 d3d4 b8c8 d2e4 f6f5 e4c5 c8c7 c5e6 c7b6 e6c5 b6c7
Position; fen rnbqkbnr/pppp1pp1/4p2p/8/P7/1P6/2PPPPPP/RNBQKBNR w KQkq - 0 3
Moves; c1b2 c7c6 g2g3 b8a6 e2e3 a6c7 g1f3 g7g6 b2h8 c7b5 a4b5 a7a5 b5c6 d7c6 d1e2 b7b5 h8d4 g8f6 b1a3 f8a3 f1g2 b5b4 a1a3 b4a3 e1g1 a3a2 d2d3 f6g4 e2d2 g6g5 d4c3 a8b8 c3b2 e8f8 f1a1 b8b6 d2c3 g4h2 c3g7 f8e8 g7g8 e8e7 b2a3 b6b4 a3b4 a5b4 g8d8 e7d8 g1h2 f7f6 h2g1 g5g4 f3d2 d8c7 a1a2 c8b7 a2a1 h6h5
Warning; Bestmove does not match beginning of last PV - move d2e4 from B
Info; info depth 19 seldepth 24 multipv 1 score cp 784 nodes 394830 nps 1316100 hashfull 128 tbhits 0 time 300 pv g3h4 e6e5 h4h5 f6f5 h5h6 f5f4 h1g1 b7c8 e3f4 e5f4 h6h7 f4f3 g2f1 c8f5 a1a7 c7b6 a7f7
Position; fen rnbqkbnr/pppp1pp1/4p2p/8/P7/1P6/2PPPPPP/RNBQKBNR w KQkq - 0 3
Moves; c1b2 c7c6 g2g3 b8a6 e2e3 a6c7 g1f3 g7g6 b2h8 c7b5 a4b5 a7a5 b5c6 d7c6 d1e2 b7b5 h8d4 g8f6 b1a3 f8a3 f1g2 b5b4 a1a3 b4a3 e1g1 a3a2 d2d3 f6g4 e2d2 g6g5 d4c3 a8b8 c3b2 e8f8 f1a1 b8b6 d2c3 g4h2 c3g7 f8e8 g7g8 e8e7 b2a3 b6b4 a3b4 a5b4 g8d8 e7d8 g1h2 f7f6 h2g1 g5g4 f3d2 d8c7 a1a2 c8b7 a2a1 h6h5 g1h1 h5h4
Warning; Bestmove does not match beginning of last PV - move e4d2 from B
Info; info depth 19 seldepth 28 multipv 1 score cp 744 nodes 389806 nps 1299353 hashfull 141 tbhits 0 time 300 pv e4f6 h4g3 f2g3 b7c8 g2e4 c7d6 h1g1 d6e7 f6h5 e7d6 d3d4 e5d4 e3d4 d6c7 h5f4 c7b6 f4d3 c8a6 a1a6 b6a6
Position; fen rnbqkbnr/pppp1pp1/4p2p/8/P7/1P6/2PPPPPP/RNBQKBNR w KQkq - 0 3
Moves; c1b2 c7c6 g2g3 b8a6 e2e3 a6c7 g1f3 g7g6 b2h8 c7b5 a4b5 a7a5 b5c6 d7c6 d1e2 b7b5 h8d4 g8f6 b1a3 f8a3 f1g2 b5b4 a1a3 b4a3 e1g1 a3a2 d2d3 f6g4 e2d2 g6g5 d4c3 a8b8 c3b2 e8f8 f1a1 b8b6 d2c3 g4h2 c3g7 f8e8 g7g8 e8e7 b2a3 b6b4 a3b4 a5b4 g8d8 e7d8 g1h2 f7f6 h2g1 g5g4 f3d2 d8c7 a1a2 c8b7 a2a1 h6h5 g1h1 h5h4 d2e4 e6e5
Finished game 14 (B vs A): 1-0 {White mates}
Warning; Bestmove does not match beginning of last PV - move h1g1 from B
Info; info depth 18 seldepth 26 multipv 1 score cp 718 nodes 392068 nps 1306893 hashfull 145 tbhits 0 time 300 pv f2g3 b7c8 h1g1 f6f5 a1a7 c7b6 a7e7 f5f4 g3f4 e5f4 e3f4 g4g3 e7e5 b6c7
Position; fen rnbqkbnr/pppp1pp1/4p2p/8/P7/1P6/2PPPPPP/RNBQKBNR w KQkq - 0 3
Moves; c1b2 c7c6 g2g3 b8a6 e2e3 a6c7 g1f3 g7g6 b2h8 c7b5 a4b5 a7a5 b5c6 d7c6 d1e2 b7b5 h8d4 g8f6 b1a3 f8a3 f1g2 b5b4 a1a3 b4a3 e1g1 a3a2 d2d3 f6g4 e2d2 g6g5 d4c3 a8b8 c3b2 e8f8 f1a1 b8b6 d2c3 g4h2 c3g7 f8e8 g7g8 e8e7 b2a3 b6b4 a3b4 a5b4 g8d8 e7d8 g1h2 f7f6 h2g1 g5g4 f3d2 d8c7 a1a2 c8b7 a2a1 h6h5 g1h1 h5h4 d2e4 e6e5 e4d2 h4g3
Warning; Bestmove does not match beginning of last PV - move f2f3 from B
Info; info depth 19 seldepth 25 multipv 1 score cp 745 nodes 388539 nps 1295130 hashfull 133 tbhits 0 time 300 pv f2g3 f6f5 d2c4 e5e4 d3e4 f5e4 a1f1 b7c8 g2h3 c8a6 f1f7 c7b8 f7h7 a6c4 b3c4
Position; fen rnbqkbnr/pppp1pp1/4p2p/8/P7/1P6/2PPPPPP/RNBQKBNR w KQkq - 0 3
Moves; c1b2 c7c6 g2g3 b8a6 e2e3 a6c7 g1f3 g7g6 b2h8 c7b5 a4b5 a7a5 b5c6 d7c6 d1e2 b7b5 h8d4 g8f6 b1a3 f8a3 f1g2 b5b4 a1a3 b4a3 e1g1 a3a2 d2d3 f6g4 e2d2 g6g5 d4c3 a8b8 c3b2 e8f8 f1a1 b8b6 d2c3 g4h2 c3g7 f8e8 g7g8 e8e7 b2a3 b6b4 a3b4 a5b4 g8d8 e7d8 g1h2 f7f6 h2g1 g5g4 f3d2 d8c7 a1a2 c8b7 a2a1 h6h5 g1h1 h5h4 d2e4 e6e5 e4d2 h4g3 h1g1 g3f2 g1f2 g4g3
Warning; Bestmove does not match beginning of last PV - move f3g3 from B
Info; info depth 19 seldepth 25 multipv 1 score cp 780 nodes 429294 nps 1430980 hashfull 140 tbhits 0 time 300 pv d2c4 d6e6 f3g3 f6f5 a1a5 e5e4 d3e4 f5e4 g2e4 b7c8 c4b6 e6f6 b6c8 c6c5
Position; fen rnbqkbnr/pppp1pp1/4p2p/8/P7/1P6/2PPPPPP/RNBQKBNR w KQkq - 0 3
Moves; c1b2 c7c6 g2g3 b8a6 e2e3 a6c7 g1f3 g7g6 b2h8 c7b5 a4b5 a7a5 b5c6 d7c6 d1e2 b7b5 h8d4 g8f6 b1a3 f8a3 f1g2 b5b4 a1a3 b4a3 e1g1 a3a2 d2d3 f6g4 e2d2 g6g5 d4c3 a8b8 c3b2 e8f8 f1a1 b8b6 d2c3 g4h2 c3g7 f8e8 g7g8 e8e7 b2a3 b6b4 a3b4 a5b4 g8d8 e7d8 g1h2 f7f6 h2g1 g5g4 f3d2 d8c7 a1a2 c8b7 a2a1 h6h5 g1h1 h5h4 d2e4 e6e5 e4d2 h4g3 h1g1 g3f2 g1f2 g4g3 f2f3 c7d6
Warning; Bestmove does not match beginning of last PV - move a1a7 from B
Info; info depth 18 seldepth 23 multipv 1 score cp 788 nodes 427489 nps 1424963 hashfull 146 tbhits 0 time 300 pv d2c4 e5e4 g2e4 f6f5 e4g2 e6f6 g3f2 b7c8 a1a5 f5f4 e3f4 c8g4 c4e3 g4d1 g2c6
Position; fen rnbqkbnr/pppp1pp1/4p2p/8/P7/1P6/2PPPPPP/RNBQKBNR w KQkq - 0 3
Moves; c1b2 c7c6 g2g3 b8a6 e2e3 a6c7 g1f3 g7g6 b2h8 c7b5 a4b5 a7a5 b5c6 d7c6 d1e2 b7b5 h8d4 g8f6 b1a3 f8a3 f1g2 b5b4 a1a3 b4a3 e1g1 a3a2 d2d3 f6g4 e2d2 g6g5 d4c3 a8b8 c3b2 e8f8 f1a1 b8b6 d2c3 g4h2 c3g7 f8e8 g7g8 e8e7 b2a3 b6b4 a3b4 a5b4 g8d8 e7d8 g1h2 f7f6 h2g1 g5g4 f3d2 d8c7 a1a2 c8b7 a2a1 h6h5 g1h1 h5h4 d2e4 e6e5 e4d2 h4g3 h1g1 g3f2 g1f2 g4g3 f2f3 c7d6 f3g3 d6e6
Warning; Bestmove does not match beginning of last PV - move g2e4 from B
Info; info depth 19 seldepth 33 multipv 1 score cp 914 nodes 445817 nps 1486056 hashfull 137 tbhits 0 time 300 pv g2h3 f6f5 d3e4 b7a6 a7a6 e6f7 a6a7 f7f8 h3f5 c6c5 g3g4 c5c4 d2c4 f8e8 c4e5 e8f8 e5f3 f8g8 f5e6 g8h8
Position; fen rnbqkbnr/pppp1pp1/4p2p/8/P7/1P6/2PPPPPP/RNBQKBNR w KQkq - 0 3
Moves; c1b2 c7c6 g2g3 b8a6 e2e3 a6c7 g1f3 g7g6 b2h8 c7b5 a4b5 a7a5 b5c6 d7c6 d1e2 b7b5 h8d4 g8f6 b1a3 f8a3 f1g2 b5b4 a1a3 b4a3 e1g1 a3a2 d2d3 f6g4 e2d2 g6g5 d4c3 a8b8 c3b2 e8f8 f1a1 b8b6 d2c3 g4h2 c3g7 f8e8 g7g8 e8e7 b2a3 b6b4 a3b4 a5b4 g8d8 e7d8 g1h2 f7f6 h2g1 g5g4 f3d2 d8c7 a1a2 c8b7 a2a1 h6h5 g1h1 h5h4 d2e4 e6e5 e4d2 h4g3 h1g1 g3f2 g1f2 g4g3 f2f3 c7d6 f3g3 d6e6 a1a7 e5e4
Warning; Bestmove does not match beginning of last PV - move d2c4 from B
Info; info depth 22 seldepth 16 multipv 1 score mate 7 nodes 498822 nps 1657215 hashfull 106 tbhits 0 time 301 pv a7b7 d6e5 g3g4 f6f5 e4f5 e5d5 d2c4 c6c5 b7a7 d5c6 f5e4 c6b5 a7a5
Position; fen rnbqkbnr/pppp1pp1/4p2p/8/P7/1P6/2PPPPPP/RNBQKBNR w KQkq - 0 3
Moves; c1b2 c7c6 g2g3 b8a6 e2e3 a6c7 g1f3 g7g6 b2h8 c7b5 a4b5 a7a5 b5c6 d7c6 d1e2 b7b5 h8d4 g8f6 b1a3 f8a3 f1g2 b5b4 a1a3 b4a3 e1g1 a3a2 d2d3 f6g4 e2d2 g6g5 d4c3 a8b8 c3b2 e8f8 f1a1 b8b6 d2c3 g4h2 c3g7 f8e8 g7g8 e8e7 b2a3 b6b4 a3b4 a5b4 g8d8 e7d8 g1h2 f7f6 h2g1 g5g4 f3d2 d8c7 a1a2 c8b7 a2a1 h6h5 g1h1 h5h4 d2e4 e6e5 e4d2 h4g3 h1g1 g3f2 g1f2 g4g3 f2f3 c7d6 f3g3 d6e6 a1a7 e5e4 g2e4 e6d6
Warning; Bestmove does not match beginning of last PV - move g3g2 from B
Info; info depth 29 seldepth 10 multipv 1 score mate 5 nodes 395201 nps 1317336 hashfull 85 tbhits 0 time 300 pv a7b7 d7e6 g3f4 f6f5 e4f5 e6d5 b7e7 c6c5 f5e4
Position; fen rnbqkbnr/pppp1pp1/4p2p/8/P7/1P6/2PPPPPP/RNBQKBNR w KQkq - 0 3
Moves; c1b2 c7c6 g2g3 b8a6 e2e3 a6c7 g1f3 g7g6 b2h8 c7b5 a4b5 a7a5 b5c6 d7c6 d1e2 b7b5 h8d4 g8f6 b1a3 f8a3 f1g2 b5b4 a1a3 b4a3 e1g1 a3a2 d2d3 f6g4 e2d2 g6g5 d4c3 a8b8 c3b2 e8f8 f1a1 b8b6 d2c3 g4h2 c3g7 f8e8 g7g8 e8e7 b2a3 b6b4 a3b4 a5b4 g8d8 e7d8 g1h2 f7f6 h2g1 g5g4 f3d2 d8c7 a1a2 c8b7 a2a1 h6h5 g1h1 h5h4 d2e4 e6e5 e4d2 h4g3 h1g1 g3f2 g1f2 g4g3 f2f3 c7d6 f3g3 d6e6 a1a7 e5e4 g2e4 e6d6 d2c4 d6d7
Warning; Bestmove does not match beginning of last PV - move e4f5 from B
Info; info depth 20 seldepth 54 multipv 1 score mate 19 nodes 537077 nps 1790256 hashfull 100 tbhits 0 time 300 pv a7b7 f6f5 e4f5 e6f5 g2f3 f5e6 b7a7 c6c5 f3g4 e6f6 a7a6 f6g7 a6c6 g7g8 c6c5 g8f8 g4f5 f8e7 c5c6 e7d7 c4e5 d7e8 f5e6 e8f8 c6c7 f8g8 d3d4 g8f8 e3e4 f8g8 c7f7 g8h8 e6f5 h8g8 f5g6 g8h8 f7f8
Position; fen rnbqkbnr/pppp1pp1/4p2p/8/P7/1P6/2PPPPPP/RNBQKBNR w KQkq - 0 3
Moves; c1b2 c7c6 g2g3 b8a6 e2e3 a6c7 g1f3 g7g6 b2h8 c7b5 a4b5 a7a5 b5c6 d7c6 d1e2 b7b5 h8d4 g8f6 b1a3 f8a3 f1g2 b5b4 a1a3 b4a3 e1g1 a3a2 d2d3 f6g4 e2d2 g6g5 d4c3 a8b8 c3b2 e8f8 f1a1 b8b6 d2c3 g4h2 c3g7 f8e8 g7g8 e8e7 b2a3 b6b4 a3b4 a5b4 g8d8 e7d8 g1h2 f7f6 h2g1 g5g4 f3d2 d8c7 a1a2 c8b7 a2a1 h6h5 g1h1 h5h4 d2e4 e6e5 e4d2 h4g3 h1g1 g3f2 g1f2 g4g3 f2f3 c7d6 f3g3 d6e6 a1a7 e5e4 g2e4 e6d6 d2c4 d6d7 g3g2 d7e6
Warning; Bestmove does not match beginning of last PV - move g2g3 from B
Info; info depth 19 seldepth 57 multipv 1 score cp 861 nodes 526513 nps 1749212 hashfull 97 tbhits 0 time 301 pv g2f2 b7c8 c4d6 f5e5 d6c8 f6f5 f2f3 f5f4 a7a5 e5e6 f3f4 e6d7 a5a7 d7c8 a7h7 c8b8 f4g4 c6c5 g4f4
Position; fen rnbqkbnr/pppp1pp1/4p2p/8/P7/1P6/2PPPPPP/RNBQKBNR w KQkq - 0 3
Moves; c1b2 c7c6 g2g3 b8a6 e2e3 a6c7 g1f3 g7g6 b2h8 c7b5 a4b5 a7a5 b5c6 d7c6 d1e2 b7b5 h8d4 g8f6 b1a3 f8a3 f1g2 b5b4 a1a3 b4a3 e1g1 a3a2 d2d3 f6g4 e2d2 g6g5 d4c3 a8b8 c3b2 e8f8 f1a1 b8b6 d2c3 g4h2 c3g7 f8e8 g7g8 e8e7 b2a3 b6b4 a3b4 a5b4 g8d8 e7d8 g1h2 f7f6 h2g1 g5g4 f3d2 d8c7 a1a2 c8b7 a2a1 h6h5 g1h1 h5h4 d2e4 e6e5 e4d2 h4g3 h1g1 g3f2 g1f2 g4g3 f2f3 c7d6 f3g3 d6e6 a1a7 e5e4 g2e4 e6d6 d2c4 d6d7 g3g2 d7e6 e4f5 e6f5
Warning; Bestmove does not match beginning of last PV - move a8a5 from B
Info; info depth 18 seldepth 35 multipv 1 score cp 769 nodes 258520 nps 861733 hashfull 62 tbhits 0 time 300 pv d3c4 f5e5 a8e8 e5f5 e8e7 f5g5 g3f3 g5f5 e3e4 f5g5 e7c7 c6c5 c7c5 f6f5
Position; fen rnbqkbnr/pppp1pp1/4p2p/8/P7/1P6/2PPPPPP/RNBQKBNR w KQkq - 0 3
Moves; c1b2 c7c6 g2g3 b8a6 e2e3 a6c7 g1f3 g7g6 b2h8 c7b5 a4b5 a7a5 b5c6 d7c6 d1e2 b7b5 h8d4 g8f6 b1a3 f8a3 f1g2 b5b4 a1a3 b4a3 e1g1 a3a2 d2d3 f6g4 e2d2 g6g5 d4c3 a8b8 c3b2 e8f8 f1a1 b8b6 d2c3 g4h2 c3g7 f8e8 g7g8 e8e7 b2a3 b6b4 a3b4 a5b4 g8d8 e7d8 g1h2 f7f6 h2g1 g5g4 f3d2 d8c7 a1a2 c8b7 a2a1 h6h5 g1h1 h5h4 d2e4 e6e5 e4d2 h4g3 h1g1 g3f2 g1f2 g4g3 f2f3 c7d6 f3g3 d6e6 a1a7 e5e4 g2e4 e6d6 d2c4 d6d7 g3g2 d7e6 e4f5 e6f5 g2g3 b7a6 a7a8 a6c4
Warning; Bestmove does not match beginning of last PV - move g3f2 from B
Info; info depth 17 seldepth 29 multipv 1 score cp 667 nodes 166194 nps 553980 hashfull 39 tbhits 0 time 300 pv e3e4 f5e5 e4d5 c6d5 a5a8 e5d4 g3f4 d4c3 a8c8 c3b2 f4f5 b2a1 c8c6 d5d4 f5f6 a1a2 f6e5
Position; fen rnbqkbnr/pppp1pp1/4p2p/8/P7/1P6/2PPPPPP/RNBQKBNR w KQkq - 0 3
Moves; c1b2 c7c6 g2g3 b8a6 e2e3 a6c7 g1f3 g7g6 b2h8 c7b5 a4b5 a7a5 b5c6 d7c6 d1e2 b7b5 h8d4 g8f6 b1a3 f8a3 f1g2 b5b4 a1a3 b4a3 e1g1 a3a2 d2d3 f6g4 e2d2 g6g5 d4c3 a8b8 c3b2 e8f8 f1a1 b8b6 d2c3 g4h2 c3g7 f8e8 g7g8 e8e7 b2a3 b6b4 a3b4 a5b4 g8d8 e7d8 g1h2 f7f6 h2g1 g5g4 f3d2 d8c7 a1a2 c8b7 a2a1 h6h5 g1h1 h5h4 d2e4 e6e5 e4d2 h4g3 h1g1 g3f2 g1f2 g4g3 f2f3 c7d6 f3g3 d6e6 a1a7 e5e4 g2e4 e6d6 d2c4 d6d7 g3g2 d7e6 e4f5 e6f5 g2g3 b7a6 a7a8 a6c4 a8a5 c4d5
Warning; Bestmove does not match beginning of last PV - move a5a4 from B
Info; info depth 17 seldepth 33 multipv 1 score cp 631 nodes 120425 nps 401416 hashfull 40 tbhits 0 time 300 pv e3e4 c6c5 a5a6 e6e5 e4d5 e5d5 f2e3 f6f5 a6a8 f5f4 e3f4 d5c6 d3d4 c5d4 f4e5 c6b5 e5d4 b5c6 d4e5
Position; fen rnbqkbnr/pppp1pp1/4p2p/8/P7/1P6/2PPPPPP/RNBQKBNR w KQkq - 0 3
Moves; c1b2 c7c6 g2g3 b8a6 e2e3 a6c7 g1f3 g7g6 b2h8 c7b5 a4b5 a7a5 b5c6 d7c6 d1e2 b7b5 h8d4 g8f6 b1a3 f8a3 f1g2 b5b4 a1a3 b4a3 e1g1 a3a2 d2d3 f6g4 e2d2 g6g5 d4c3 a8b8 c3b2 e8f8 f1a1 b8b6 d2c3 g4h2 c3g7 f8e8 g7g8 e8e7 b2a3 b6b4 a3b4 a5b4 g8d8 e7d8 g1h2 f7f6 h2g1 g5g4 f3d2 d8c7 a1a2 c8b7 a2a1 h6h5 g1h1 h5h4 d2e4 e6e5 e4d2 h4g3 h1g1 g3f2 g1f2 g4g3 f2f3 c7d6 f3g3 d6e6 a1a7 e5e4 g2e4 e6d6 d2c4 d6d7 g3g2 d7e6 e4f5 e6f5 g2g3 b7a6 a7a8 a6c4 a8a5 c4d5 g3f2 f5e6
Warning; Bestmove does not match beginning of last PV - move a4a6 from B
Info; info depth 17 seldepth 22 multipv 1 score cp 681 nodes 138249 nps 460830 hashfull 42 tbhits 0 time 300 pv c2b3 e6d6 f2f3 d6c5 a4a1 c5d5 f3f4 f6f5 f4f5 d5d6 f5g4 d6c7
Position; fen rnbqkbnr/pppp1pp1/4p2p/8/P7/1P6/2PPPPPP/RNBQKBNR w KQkq - 0 3
Moves; c1b2 c7c6 g2g3 b8a6 e2e3 a6c7 g1f3 g7g6 b2h8 c7b5 a4b5 a7a5 b5c6 d7c6 d1e2 b7b5 h8d4 g8f6 b1a3 f8a3 f1g2 b5b4 a1a3 b4a3 e1g1 a3a2 d2d3 f6g4 e2d2 g6g5 d4c3 a8b8 c3b2 e8f8 f1a1 b8b6 d2c3 g4h2 c3g7 f8e8 g7g8 e8e7 b2a3 b6b4 a3b4 a5b4 g8d8 e7d8 g1h2 f7f6 h2g1 g5g4 f3d2 d8c7 a1a2 c8b7 a2a1 h6h5 g1h1 h5h4 d2e4 e6e5 e4d2 h4g3 h1g1 g3f2 g1f2 g4g3 f2f3 c7d6 f3g3 d6e6 a1a7 e5e4 g2e4 e6d6 d2c4 d6d7 g3g2 d7e6 e4f5 e6f5 g2g3 b7a6 a7a8 a6c4 a8a5 c4d5 g3f2 f5e6 a5a4 d5b3
Warning; Bestmove does not match beginning of last PV - move a6a8 from B
Info; info depth 20 seldepth 38 multipv 1 score cp 799 nodes 618323 nps 2061076 hashfull 54 tbhits 0 time 300 pv f2g3 f5f4 g3f4 d6d5 f4f5 d5d6 a6a1 d6e7 a1h1 e7d6 h1h6 d6d5 f5f4 d5c5 f4e5 c5b6 e5d6 b6b7 h6h7 b7a6 d6c6
Position; fen rnbqkbnr/pppp1pp1/4p2p/8/P7/1P6/2PPPPPP/RNBQKBNR w KQkq - 0 3
Moves; c1b2 c7c6 g2g3 b8a6 e2e3 a6c7 g1f3 g7g6 b2h8 c7b5 a4b5 a7a5 b5c6 d7c6 d1e2 b7b5 h8d4 g8f6 b1a3 f8a3 f1g2 b5b4 a1a3 b4a3 e1g1 a3a2 d2d3 f6g4 e2d2 g6g5 d4c3 a8b8 c3b2 e8f8 f1a1 b8b6 d2c3 g4h2 c3g7 f8e8 g7g8 e8e7 b2a3 b6b4 a3b4 a5b4 g8d8 e7d8 g1h2 f7f6 h2g1 g5g4 f3d2 d8c7 a1a2 c8b7 a2a1 h6h5 g1h1 h5h4 d2e4 e6e5 e4d2 h4g3 h1g1 g3f2 g1f2 g4g3 f2f3 c7d6 f3g3 d6e6 a1a7 e5e4 g2e4 e6d6 d2c4 d6d7 g3g2 d7e6 e4f5 e6f5 g2g3 b7a6 a7a8 a6c4 a8a5 c4d5 g3f2 f5e6 a5a4 d5b3 a4a6 e6d6 c2b3 f6f5
Warning; Bestmove does not match beginning of last PV - move a8a6 from B
Info; info depth 20 seldepth 43 multipv 1 score cp 846 nodes 649084 nps 2163613 hashfull 58 tbhits 0 time 300 pv f2f3 d6e5 a8e8 e5d6 f3f4 d6d7 e8a8 d7c6 f4f5 c6d7 f5e5 d7e7 a8a5 e7d7 a5c5 d7e7 e5d5 e7f6 d5c6
Position; fen rnbqkbnr/pppp1pp1/4p2p/8/P7/1P6/2PPPPPP/RNBQKBNR w KQkq - 0 3
Moves; c1b2 c7c6 g2g3 b8a6 e2e3 a6c7 g1f3 g7g6 b2h8 c7b5 a4b5 a7a5 b5c6 d7c6 d1e2 b7b5 h8d4 g8f6 b1a3 f8a3 f1g2 b5b4 a1a3 b4a3 e1g1 a3a2 d2d3 f6g4 e2d2 g6g5 d4c3 a8b8 c3b2 e8f8 f1a1 b8b6 d2c3 g4h2 c3g7 f8e8 g7g8 e8e7 b2a3 b6b4 a3b4 a5b4 g8d8 e7d8 g1h2 f7f6 h2g1 g5g4 f3d2 d8c7 a1a2 c8b7 a2a1 h6h5 g1h1 h5h4 d2e4 e6e5 e4d2 h4g3 h1g1 g3f2 g1f2 g4g3 f2f3 c7d6 f3g3 d6e6 a1a7 e5e4 g2e4 e6d6 d2c4 d6d7 g3g2 d7e6 e4f5 e6f5 g2g3 b7a6 a7a8 a6c4 a8a5 c4d5 g3f2 f5e6 a5a4 d5b3 a4a6 e6d6 c2b3 f6f5 a6a8 c6c5
Warning; Bestmove does not match beginning of last PV - move f2f3 from B
Info; info depth 22 seldepth 43 multipv 1 score cp 860 nodes 720897 nps 2402990 hashfull 40 tbhits 0 time 300 pv f2g3 c7d7 g3f4 d7d8 f4f5 d8e7 f5e5 e7f7 a6c6 c5c4 d3c4 f7e7 c6h6 e7f7 e5d5 f7g7 h6a6 g7f7 d5d6 f7g6
Position; fen rnbqkbnr/pppp1pp1/4p2p/8/P7/1P6/2PPPPPP/RNBQKBNR w KQkq - 0 3
Moves; c1b2 c7c6 g2g3 b8a6 e2e3 a6c7 g1f3 g7g6 b2h8 c7b5 a4b5 a7a5 b5c6 d7c6 d1e2 b7b5 h8d4 g8f6 b1a3 f8a3 f1g2 b5b4 a1a3 b4a3 e1g1 a3a2 d2d3 f6g4 e2d2 g6g5 d4c3 a8b8 c3b2 e8f8 f1a1 b8b6 d2c3 g4h2 c3g7 f8e8 g7g8 e8e7 b2a3 b6b4 a3b4 a5b4 g8d8 e7d8 g1h2 f7f6 h2g1 g5g4 f3d2 d8c7 a1a2 c8b7 a2a1 h6h5 g1h1 h5h4 d2e4 e6e5 e4d2 h4g3 h1g1 g3f2 g1f2 g4g3 f2f3 c7d6 f3g3 d6e6 a1a7 e5e4 g2e4 e6d6 d2c4 d6d7 g3g2 d7e6 e4f5 e6f5 g2g3 b7a6 a7a8 a6c4 a8a5 c4d5 g3f2 f5e6 a5a4 d5b3 a4a6 e6d6 c2b3 f6f5 a6a8 c6c5 a8a6 d6c7
Warning; Bestmove does not match beginning of last PV - move f4g5 from B
Info; info depth 33 seldepth 18 multipv 1 score mate 9 nodes 310569 nps 1035230 hashfull 54 tbhits 0 time 300 pv f4e5 c7d7 h6h7 d7e8 e5f6 e8d8 f6e6 d8c8 e6d6 c5c4 d3c4 c8b8 d6c6 b8a8 c6b6 a8b8 h7h8
Position; fen rnbqkbnr/pppp1pp1/4p2p/8/P7/1P6/2PPPPPP/RNBQKBNR w KQkq - 0 3
Moves; c1b2 c7c6 g2g3 b8a6 e2e3 a6c7 g1f3 g7g6 b2h8 c7b5 a4b5 a7a5 b5c6 d7c6 d1e2 b7b5 h8d4 g8f6 b1a3 f8a3 f1g2 b5b4 a1a3 b4a3 e1g1 a3a2 d2d3 f6g4 e2d2 g6g5 d4c3 a8b8 c3b2 e8f8 f1a1 b8b6 d2c3 g4h2 c3g7 f8e8 g7g8 e8e7 b2a3 b6b4 a3b4 a5b4 g8d8 e7d8 g1h2 f7f6 h2g1 g5g4 f3d2 d8c7 a1a2 c8b7 a2a1 h6h5 g1h1 h5h4 d2e4 e6e5 e4d2 h4g3 h1g1 g3f2 g1f2 g4g3 f2f3 c7d6 f3g3 d6e6 a1a7 e5e4 g2e4 e6d6 d2c4 d6d7 g3g2 d7e6 e4f5 e6f5 g2g3 b7a6 a7a8 a6c4 a8a5 c4d5 g3f2 f5e6 a5a4 d5b3 a4a6 e6d6 c2b3 f6f5 a6a8 c6c5 a8a6 d6c7 f2f3 f5f4 f3f4 c7b7 a6h6 b7c7
Warning; Bestmove does not match beginning of last PV - move g5f5 from B
Info; info depth 36 seldepth 20 multipv 1 score mate 10 nodes 353731 nps 1179103 hashfull 59 tbhits 0 time 300 pv g5f6 d7d6 h6h7 d6d5 h7d7 d5c6 f6e6 c6b5 e6d6 b5b6 d7h7 b6b5 d6c7 b5a5 c7c6 a5a6 c6c5 a6a5 h7a7
Position; fen rnbqkbnr/pppp1pp1/4p2p/8/P7/1P6/2PPPPPP/RNBQKBNR w KQkq - 0 3
Moves; c1b2 c7c6 g2g3 b8a6 e2e3 a6c7 g1f3 g7g6 b2h8 c7b5 a4b5 a7a5 b5c6 d7c6 d1e2 b7b5 h8d4 g8f6 b1a3 f8a3 f1g2 b5b4 a1a3 b4a3 e1g1 a3a2 d2d3 f6g4 e2d2 g6g5 d4c3 a8b8 c3b2 e8f8 f1a1 b8b6 d2c3 g4h2 c3g7 f8e8 g7g8 e8e7 b2a3 b6b4 a3b4 a5b4 g8d8 e7d8 g1h2 f7f6 h2g1 g5g4 f3d2 d8c7 a1a2 c8b7 a2a1 h6h5 g1h1 h5h4 d2e4 e6e5 e4d2 h4g3 h1g1 g3f2 g1f2 g4g3 f2f3 c7d6 f3g3 d6e6 a1a7 e5e4 g2e4 e6d6 d2c4 d6d7 g3g2 d7e6 e4f5 e6f5 g2g3 b7a6 a7a8 a6c4 a8a5 c4d5 g3f2 f5e6 a5a4 d5b3 a4a6 e6d6 c2b3 f6f5 a6a8 c6c5 a8a6 d6c7 f2f3 f5f4 f3f4 c7b7 a6h6 b7c7 f4g5 c7d7
Warning; Bestmove does not match beginning of last PV - move h6h7 from B
Info; info depth 39 seldepth 20 multipv 1 score mate 10 nodes 276881 nps 922936 hashfull 46 tbhits 0 time 300 pv h6h5 e7d6 h5h7 d6d5 h7d7 d5c6 f5e6 c6b5 e6d6 b5b6 d7h7 b6b5 d6c7 b5a5 c7c6 a5a6 c6c5 a6a5 h7a7
Position; fen rnbqkbnr/pppp1pp1/4p2p/8/P7/1P6/2PPPPPP/RNBQKBNR w KQkq - 0 3
Moves; c1b2 c7c6 g2g3 b8a6 e2e3 a6c7 g1f3 g7g6 b2h8 c7b5 a4b5 a7a5 b5c6 d7c6 d1e2 b7b5 h8d4 g8f6 b1a3 f8a3 f1g2 b5b4 a1a3 b4a3 e1g1 a3a2 d2d3 f6g4 e2d2 g6g5 d4c3 a8b8 c3b2 e8f8 f1a1 b8b6 d2c3 g4h2 c3g7 f8e8 g7g8 e8e7 b2a3 b6b4 a3b4 a5b4 g8d8 e7d8 g1h2 f7f6 h2g1 g5g4 f3d2 d8c7 a1a2 c8b7 a2a1 h6h5 g1h1 h5h4 d2e4 e6e5 e4d2 h4g3 h1g1 g3f2 g1f2 g4g3 f2f3 c7d6 f3g3 d6e6 a1a7 e5e4 g2e4 e6d6 d2c4 d6d7 g3g2 d7e6 e4f5 e6f5 g2g3 b7a6 a7a8 a6c4 a8a5 c4d5 g3f2 f5e6 a5a4 d5b3 a4a6 e6d6 c2b3 f6f5 a6a8 c6c5 a8a6 d6c7 f2f3 f5f4 f3f4 c7b7 a6h6 b7c7 f4g5 c7d7 g5f5 d7e7
Warning; Bestmove does not match beginning of last PV - move f5e5 from B
Info; info depth 41 seldepth 12 multipv 1 score mate 6 nodes 326233 nps 1087443 hashfull 58 tbhits 0 time 300 pv f5e6 d8c8 e6d6 c5c4 d3c4 c8b8 d6c6 b8a8 c6b6 a8b8 h7h8
Position; fen rnbqkbnr/pppp1pp1/4p2p/8/P7/1P6/2PPPPPP/RNBQKBNR w KQkq - 0 3
Moves; c1b2 c7c6 g2g3 b8a6 e2e3 a6c7 g1f3 g7g6 b2h8 c7b5 a4b5 a7a5 b5c6 d7c6 d1e2 b7b5 h8d4 g8f6 b1a3 f8a3 f1g2 b5b4 a1a3 b4a3 e1g1 a3a2 d2d3 f6g4 e2d2 g6g5 d4c3 a8b8 c3b2 e8f8 f1a1 b8b6 d2c3 g4h2 c3g7 f8e8 g7g8 e8e7 b2a3 b6b4 a3b4 a5b4 g8d8 e7d8 g1h2 f7f6 h2g1 g5g4 f3d2 d8c7 a1a2 c8b7 a2a1 h6h5 g1h1 h5h4 d2e4 e6e5 e4d2 h4g3 h1g1 g3f2 g1f2 g4g3 f2f3 c7d6 f3g3 d6e6 a1a7 e5e4 g2e4 e6d6 d2c4 d6d7 g3g2 d7e6 e4f5 e6f5 g2g3 b7a6 a7a8 a6c4 a8a5 c4d5 g3f2 f5e6 a5a4 d5b3 a4a6 e6d6 c2b3 f6f5 a6a8 c6c5 a8a6 d6c7 f2f3 f5f4 f3f4 c7b7 a6h6 b7c7 f4g5 c7d7 g5f5 d7e7 h6h7 e7d8
Warning; Bestmove does not match beginning of last PV - move h7h5 from B
Info; info depth 60 seldepth 8 multipv 1 score mate 4 nodes 603447 nps 2011490 hashfull 42 tbhits 0 time 300 pv d6c6 c5c4 h7h8 b8a7 d3c4 a7a6 h8a8
Position; fen rnbqkbnr/pppp1pp1/4p2p/8/P7/1P6/2PPPPPP/RNBQKBNR w KQkq - 0 3
Moves; c1b2 c7c6 g2g3 b8a6 e2e3 a6c7 g1f3 g7g6 b2h8 c7b5 a4b5 a7a5 b5c6 d7c6 d1e2 b7b5 h8d4 g8f6 b1a3 f8a3 f1g2 b5b4 a1a3 b4a3 e1g1 a3a2 d2d3 f6g4 e2d2 g6g5 d4c3 a8b8 c3b2 e8f8 f1a1 b8b6 d2c3 g4h2 c3g7 f8e8 g7g8 e8e7 b2a3 b6b4 a3b4 a5b4 g8d8 e7d8 g1h2 f7f6 h2g1 g5g4 f3d2 d8c7 a1a2 c8b7 a2a1 h6h5 g1h1 h5h4 d2e4 e6e5 e4d2 h4g3 h1g1 g3f2 g1f2 g4g3 f2f3 c7d6 f3g3 d6e6 a1a7 e5e4 g2e4 e6d6 d2c4 d6d7 g3g2 d7e6 e4f5 e6f5 g2g3 b7a6 a7a8 a6c4 a8a5 c4d5 g3f2 f5e6 a5a4 d5b3 a4a6 e6d6 c2b3 f6f5 a6a8 c6c5 a8a6 d6c7 f2f3 f5f4 f3f4 c7b7 a6h6 b7c7 f4g5 c7d7 g5f5 d7e7 h6h7 e7d8 f5e5 d8c8 e5d6 c8b8
Warning; Bestmove does not match beginning of last PV - move d6c5 from B
Info; info depth 64 seldepth 6 multipv 1 score mate 3 nodes 696462 nps 2321540 hashfull 53 tbhits 0 time 300 pv d6c7 a7a6 h5c5 a6a7 c5a5
Position; fen rnbqkbnr/pppp1pp1/4p2p/8/P7/1P6/2PPPPPP/RNBQKBNR w KQkq - 0 3
Moves; c1b2 c7c6 g2g3 b8a6 e2e3 a6c7 g1f3 g7g6 b2h8 c7b5 a4b5 a7a5 b5c6 d7c6 d1e2 b7b5 h8d4 g8f6 b1a3 f8a3 f1g2 b5b4 a1a3 b4a3 e1g1 a3a2 d2d3 f6g4 e2d2 g6g5 d4c3 a8b8 c3b2 e8f8 f1a1 b8b6 d2c3 g4h2 c3g7 f8e8 g7g8 e8e7 b2a3 b6b4 a3b4 a5b4 g8d8 e7d8 g1h2 f7f6 h2g1 g5g4 f3d2 d8c7 a1a2 c8b7 a2a1 h6h5 g1h1 h5h4 d2e4 e6e5 e4d2 h4g3 h1g1 g3f2 g1f2 g4g3 f2f3 c7d6 f3g3 d6e6 a1a7 e5e4 g2e4 e6d6 d2c4 d6d7 g3g2 d7e6 e4f5 e6f5 g2g3 b7a6 a7a8 a6c4 a8a5 c4d5 g3f2 f5e6 a5a4 d5b3 a4a6 e6d6 c2b3 f6f5 a6a8 c6c5 a8a6 d6c7 f2f3 f5f4 f3f4 c7b7 a6h6 b7c7 f4g5 c7d7 g5f5 d7e7 h6h7 e7d8 f5e5 d8c8 e5d6 c8b8 h7h5 b8a7
Warning; Bestmove does not match beginning of last PV - move h5h1 from B
Info; info depth 57 seldepth 10 multipv 1 score mate 5 nodes 624900 nps 2083000 hashfull 57 tbhits 0 time 300 pv h5h7 b7c8 c5d6 c8b8 d6c6 b8a8 c6b6 a8b8 h7h8
Position; fen rnbqkbnr/pppp1pp1/4p2p/8/P7/1P6/2PPPPPP/RNBQKBNR w KQkq - 0 3
Moves; c1b2 c7c6 g2g3 b8a6 e2e3 a6c7 g1f3 g7g6 b2h8 c7b5 a4b5 a7a5 b5c6 d7c6 d1e2 b7b5 h8d4 g8f6 b1a3 f8a3 f1g2 b5b4 a1a3 b4a3 e1g1 a3a2 d2d3 f6g4 e2d2 g6g5 d4c3 a8b8 c3b2 e8f8 f1a1 b8b6 d2c3 g4h2 c3g7 f8e8 g7g8 e8e7 b2a3 b6b4 a3b4 a5b4 g8d8 e7d8 g1h2 f7f6 h2g1 g5g4 f3d2 d8c7 a1a2 c8b7 a2a1 h6h5 g1h1 h5h4 d2e4 e6e5 e4d2 h4g3 h1g1 g3f2 g1f2 g4g3 f2f3 c7d6 f3g3 d6e6 a1a7 e5e4 g2e4 e6d6 d2c4 d6d7 g3g2 d7e6 e4f5 e6f5 g2g3 b7a6 a7a8 a6c4 a8a5 c4d5 g3f2 f5e6 a5a4 d5b3 a4a6 e6d6 c2b3 f6f5 a6a8 c6c5 a8a6 d6c7 f2f3 f5f4 f3f4 c7b7 a6h6 b7c7 f4g5 c7d7 g5f5 d7e7 h6h7 e7d8 f5e5 d8c8 e5d6 c8b8 h7h5 b8a7 d6c5 a7b7
Warning; Bestmove does not match beginning of last PV - move h1h3 from B
Info; info depth 44 seldepth 12 multipv 1 score mate 6 nodes 478403 nps 1594676 hashfull 58 tbhits 0 time 300 pv c5d6 c8b7 h1h7 b7b6 d3d4 b6b5 d6c7 b5a5 c7b7 a5b5 h7h5
Position; fen rnbqkbnr/pppp1pp1/4p2p/8/P7/1P6/2PPPPPP/RNBQKBNR w KQkq - 0 3
Moves; c1b2 c7c6 g2g3 b8a6 e2e3 a6c7 g1f3 g7g6 b2h8 c7b5 a4b5 a7a5 b5c6 d7c6 d1e2 b7b5 h8d4 g8f6 b1a3 f8a3 f1g2 b5b4 a1a3 b4a3 e1g1 a3a2 d2d3 f6g4 e2d2 g6g5 d4c3 a8b8 c3b2 e8f8 f1a1 b8b6 d2c3 g4h2 c3g7 f8e8 g7g8 e8e7 b2a3 b6b4 a3b4 a5b4 g8d8 e7d8 g1h2 f7f6 h2g1 g5g4 f3d2 d8c7 a1a2 c8b7 a2a1 h6h5 g1h1 h5h4 d2e4 e6e5 e4d2 h4g3 h1g1 g3f2 g1f2 g4g3 f2f3 c7d6 f3g3 d6e6 a1a7 e5e4 g2e4 e6d6 d2c4 d6d7 g3g2 d7e6 e4f5 e6f5 g2g3 b7a6 a7a8 a6c4 a8a5 c4d5 g3f2 f5e6 a5a4 d5b3 a4a6 e6d6 c2b3 f6f5 a6a8 c6c5 a8a6 d6c7 f2f3 f5f4 f3f4 c7b7 a6h6 b7c7 f4g5 c7d7 g5f5 d7e7 h6h7 e7d8 f5e5 d8c8 e5d6 c8b8 h7h5 b8a7 d6c5 a7b7 h5h1 b7c8
Warning; Bestmove does not match beginning of last PV - move c5b5 from B
Info; info depth 38 seldepth 16 multipv 1 score mate 8 nodes 429519 nps 1431730 hashfull 59 tbhits 0 time 300 pv h3f3 d7e6 c5c6 e6e7 e3e4 e7e6 d3d4 e6e7 d4d5 e7d8 d5d6 d8e8 f3f5 e8d8 f5f8
Position; fen rnbqkbnr/pppp1pp1/4p2p/8/P7/1P6/2PPPPPP/RNBQKBNR w KQkq - 0 3
Moves; c1b2 c7c6 g2g3 b8a6 e2e3 a6c7 g1f3 g7g6 b2h8 c7b5 a4b5 a7a5 b5c6 d7c6 d1e2 b7b5 h8d4 g8f6 b1a3 f8a3 f1g2 b5b4 a1a3 b4a3 e1g1 a3a2 d2d3 f6g4 e2d2 g6g5 d4c3 a8b8 c3b2 e8f8 f1a1 b8b6 d2c3 g4h2 c3g7 f8e8 g7g8 e8e7 b2a3 b6b4 a3b4 a5b4 g8d8 e7d8 g1h2 f7f6 h2g1 g5g4 f3d2 d8c7 a1a2 c8b7 a2a1 h6h5 g1h1 h5h4 d2e4 e6e5 e4d2 h4g3 h1g1 g3f2 g1f2 g4g3 f2f3 c7d6 f3g3 d6e6 a1a7 e5e4 g2e4 e6d6 d2c4 d6d7 g3g2 d7e6 e4f5 e6f5 g2g3 b7a6 a7a8 a6c4 a8a5 c4d5 g3f2 f5e6 a5a4 d5b3 a4a6 e6d6 c2b3 f6f5 a6a8 c6c5 a8a6 d6c7 f2f3 f5f4 f3f4 c7b7 a6h6 b7c7 f4g5 c7d7 g5f5 d7e7 h6h7 e7d8 f5e5 d8c8 e5d6 c8b8 h7h5 b8a7 d6c5 a7b7 h5h1 b7c8 h1h3 c8d7
Warning; Bestmove does not match beginning of last PV - move h3h4 from B
Info; info depth 36 seldepth 24 multipv 1 score mate 11 nodes 428555 nps 1428516 hashfull 59 tbhits 0 time 300 pv b5b6 d6e6 h3f3 e6d6 f3f1 d6d5 b6c7 d5e6 c7c6 e6e7 d3d4 e7e6 e3e4 e6e7 d4d5 e7d8 d5d6 d8e8 f1f5 e8d8 f5f8
Position; fen rnbqkbnr/pppp1pp1/4p2p/8/P7/1P6/2PPPPPP/RNBQKBNR w KQkq - 0 3
Moves; c1b2 c7c6 g2g3 b8a6 e2e3 a6c7 g1f3 g7g6 b2h8 c7b5 a4b5 a7a5 b5c6 d7c6 d1e2 b7b5 h8d4 g8f6 b1a3 f8a3 f1g2 b5b4 a1a3 b4a3 e1g1 a3a2 d2d3 f6g4 e2d2 g6g5 d4c3 a8b8 c3b2 e8f8 f1a1 b8b6 d2c3 g4h2 c3g7 f8e8 g7g8 e8e7 b2a3 b6b4 a3b4 a5b4 g8d8 e7d8 g1h2 f7f6 h2g1 g5g4 f3d2 d8c7 a1a2 c8b7 a2a1 h6h5 g1h1 h5h4 d2e4 e6e5 e4d2 h4g3 h1g1 g3f2 g1f2 g4g3 f2f3 c7d6 f3g3 d6e6 a1a7 e5e4 g2e4 e6d6 d2c4 d6d7 g3g2 d7e6 e4f5 e6f5 g2g3 b7a6 a7a8 a6c4 a8a5 c4d5 g3f2 f5e6 a5a4 d5b3 a4a6 e6d6 c2b3 f6f5 a6a8 c6c5 a8a6 d6c7 f2f3 f5f4 f3f4 c7b7 a6h6 b7c7 f4g5 c7d7 g5f5 d7e7 h6h7 e7d8 f5e5 d8c8 e5d6 c8b8 h7h5 b8a7 d6c5 a7b7 h5h1 b7c8 h1h3 c8d7 c5b5 d7d6
Warning; Bestmove does not match beginning of last PV - move h4h1 from B
Info; info depth 36 seldepth 24 multipv 1 score mate 12 nodes 438806 nps 1462686 hashfull 61 tbhits 0 time 300 pv h4h5 e7d6 e3e4 d6e6 b5c6 e6f6 h5f5 f6g7 d3d4 g7g6 d4d5 g6h6 d5d6 h6g7 d6d7 g7g6 d7d8q g6g7 d8f8 g7h7 f8f7 h7h8 f5h5
Position; fen rnbqkbnr/pppp1pp1/4p2p/8/P7/1P6/2PPPPPP/RNBQKBNR w KQkq - 0 3
Moves; c1b2 c7c6 g2g3 b8a6 e2e3 a6c7 g1f3 g7g6 b2h8 c7b5 a4b5 a7a5 b5c6 d7c6 d1e2 b7b5 h8d4 g8f6 b1a3 f8a3 f1g2 b5b4 a1a3 b4a3 e1g1 a3a2 d2d3 f6g4 e2d2 g6g5 d4c3 a8b8 c3b2 e8f8 f1a1 b8b6 d2c3 g4h2 c3g7 f8e8 g7g8 e8e7 b2a3 b6b4 a3b4 a5b4 g8d8 e7d8 g1h2 f7f6 h2g1 g5g4 f3d2 d8c7 a1a2 c8b7 a2a1 h6h5 g1h1 h5h4 d2e4 e6e5 e4d2 h4g3 h1g1 g3f2 g1f2 g4g3 f2f3 c7d6 f3g3 d6e6 a1a7 e5e4 g2e4 e6d6 d2c4 d6d7 g3g2 d7e6 e4f5 e6f5 g2g3 b7a6 a7a8 a6c4 a8a5 c4d5 g3f2 f5e6 a5a4 d5b3 a4a6 e6d6 c2b3 f6f5 a6a8 c6c5 a8a6 d6c7 f2f3 f5f4 f3f4 c7b7 a6h6 b7c7 f4g5 c7d7 g5f5 d7e7 h6h7 e7d8 f5e5 d8c8 e5d6 c8b8 h7h5 b8a7 d6c5 a7b7 h5h1 b7c8 h1h3 c8d7 c5b5 d7d6 h3h4 d6e7
Warning; Bestmove does not match beginning of last PV - move b5b6 from B
Info; info depth 33 seldepth 24 multipv 1 score mate 12 nodes 583926 nps 1946420 hashfull 75 tbhits 0 time 300 pv h1h5 e6d7 e3e4 d7e6 b5c6 e6f6 d3d4 f6g6 h5f5 g6g7 d4d5 g7h6 d5d6 h6g7 d6d7 g7g6 d7d8q g6g7 d8f8 g7h7 f8f7 h7h8 f5h5
Position; fen rnbqkbnr/pppp1pp1/4p2p/8/P7/1P6/2PPPPPP/RNBQKBNR w KQkq - 0 3
Moves; c1b2 c7c6 g2g3 b8a6 e2e3 a6c7 g1f3 g7g6 b2h8 c7b5 a4b5 a7a5 b5c6 d7c6 d1e2 b7b5 h8d4 g8f6 b1a3 f8a3 f1g2 b5b4 a1a3 b4a3 e1g1 a3a2 d2d3 f6g4 e2d2 g6g5 d4c3 a8b8 c3b2 e8f8 f1a1 b8b6 d2c3 g4h2 c3g7 f8e8 g7g8 e8e7 b2a3 b6b4 a3b4 a5b4 g8d8 e7d8 g1h2 f7f6 h2g1 g5g4 f3d2 d8c7 a1a2 c8b7 a2a1 h6h5 g1h1 h5h4 d2e4 e6e5 e4d2 h4g3 h1g1 g3f2 g1f2 g4g3 f2f3 c7d6 f3g3 d6e6 a1a7 e5e4 g2e4 e6d6 d2c4 d6d7 g3g2 d7e6 e4f5 e6f5 g2g3 b7a6 a7a8 a6c4 a8a5 c4d5 g3f2 f5e6 a5a4 d5b3 a4a6 e6d6 c2b3 f6f5 a6a8 c6c5 a8a6 d6c7 f2f3 f5f4 f3f4 c7b7 a6h6 b7c7 f4g5 c7d7 g5f5 d7e7 h6h7 e7d8 f5e5 d8c8 e5d6 c8b8 h7h5 b8a7 d6c5 a7b7 h5h1 b7c8 h1h3 c8d7 c5b5 d7d6 h3h4 d6e7 h4h1 e7e6
Warning; Bestmove does not match beginning of last PV - move h1h5 from B
Info; info depth 32 seldepth 22 multipv 1 score mate 11 nodes 594100 nps 1980333 hashfull 72 tbhits 0 time 300 pv h1f1 f5g4 d3d4 g4h3 d4d5 h3g2 f1f5 g2g3 d5d6 g3g4 e3e4 g4g3 d6d7 g3g4 d7d8q g4h3 d8g8 h3h4 b6c6 h4h3 f5h5
Position; fen rnbqkbnr/pppp1pp1/4p2p/8/P7/1P6/2PPPPPP/RNBQKBNR w KQkq - 0 3
Moves; c1b2 c7c6 g2g3 b8a6 e2e3 a6c7 g1f3 g7g6 b2h8 c7b5 a4b5 a7a5 b5c6 d7c6 d1e2 b7b5 h8d4 g8f6 b1a3 f8a3 f1g2 b5b4 a1a3 b4a3 e1g1 a3a2 d2d3 f6g4 e2d2 g6g5 d4c3 a8b8 c3b2 e8f8 f1a1 b8b6 d2c3 g4h2 c3g7 f8e8 g7g8 e8e7 b2a3 b6b4 a3b4 a5b4 g8d8 e7d8 g1h2 f7f6 h2g1 g5g4 f3d2 d8c7 a1a2 c8b7 a2a1 h6h5 g1h1 h5h4 d2e4 e6e5 e4d2 h4g3 h1g1 g3f2 g1f2 g4g3 f2f3 c7d6 f3g3 d6e6 a1a7 e5e4 g2e4 e6d6 d2c4 d6d7 g3g2 d7e6 e4f5 e6f5 g2g3 b7a6 a7a8 a6c4 a8a5 c4d5 g3f2 f5e6 a5a4 d5b3 a4a6 e6d6 c2b3 f6f5 a6a8 c6c5 a8a6 d6c7 f2f3 f5f4 f3f4 c7b7 a6h6 b7c7 f4g5 c7d7 g5f5 d7e7 h6h7 e7d8 f5e5 d8c8 e5d6 c8b8 h7h5 b8a7 d6c5 a7b7 h5h1 b7c8 h1h3 c8d7 c5b5 d7d6 h3h4 d6e7 h4h1 e7e6 b5b6 e6f5
Warning; Bestmove does not match beginning of last PV - move h5h6 from B
Info; info depth 33 seldepth 28 multipv 1 score mate 14 nodes 484308 nps 1614360 hashfull 72 tbhits 0 time 300 pv h5c5 g4f3 d3d4 f3e2 d4d5 e2f3 b6c6 f3g3 d5d6 g3f3 e3e4 f3e2 d6d7 e2f2 e4e5 f2f1 d7d8q f1e2 e5e6 e2f2 c5e5 f2g2 d8f8 g2g1 e5g5 g1h1 f8h6
Position; fen rnbqkbnr/pppp1pp1/4p2p/8/P7/1P6/2PPPPPP/RNBQKBNR w KQkq - 0 3
Moves; c1b2 c7c6 g2g3 b8a6 e2e3 a6c7 g1f3 g7g6 b2h8 c7b5 a4b5 a7a5 b5c6 d7c6 d1e2 b7b5 h8d4 g8f6 b1a3 f8a3 f1g2 b5b4 a1a3 b4a3 e1g1 a3a2 d2d3 f6g4 e2d2 g6g5 d4c3 a8b8 c3b2 e8f8 f1a1 b8b6 d2c3 g4h2 c3g7 f8e8 g7g8 e8e7 b2a3 b6b4 a3b4 a5b4 g8d8 e7d8 g1h2 f7f6 h2g1 g5g4 f3d2 d8c7 a1a2 c8b7 a2a1 h6h5 g1h1 h5h4 d2e4 e6e5 e4d2 h4g3 h1g1 g3f2 g1f2 g4g3 f2f3 c7d6 f3g3 d6e6 a1a7 e5e4 g2e4 e6d6 d2c4 d6d7 g3g2 d7e6 e4f5 e6f5 g2g3 b7a6 a7a8 a6c4 a8a5 c4d5 g3f2 f5e6 a5a4 d5b3 a4a6 e6d6 c2b3 f6f5 a6a8 c6c5 a8a6 d6c7 f2f3 f5f4 f3f4 c7b7 a6h6 b7c7 f4g5 c7d7 g5f5 d7e7 h6h7 e7d8 f5e5 d8c8 e5d6 c8b8 h7h5 b8a7 d6c5 a7b7 h5h1 b7c8 h1h3 c8d7 c5b5 d7d6 h3h4 d6e7 h4h1 e7e6 b5b6 e6f5 h1h5 f5g4
Warning; Bestmove does not match beginning of last PV - move h6f6 from B
Info; info depth 28 seldepth 30 multipv 1 score mate 15 nodes 678656 nps 2262186 hashfull 70 tbhits 0 time 300 pv d3d4 f3g3 h6h5 g3g4 h5c5 g4f3 d4d5 f3e2 d5d6 e2e1 b6c6 e1e2 e3e4 e2f3 e4e5 f3g3 d6d7 g3f4 d7d8q f4e4 e5e6 e4e3 c5e5 e3f2 d8f6 f2g1 e5g5 g1h1 f6h6
Position; fen rnbqkbnr/pppp1pp1/4p2p/8/P7/1P6/2PPPPPP/RNBQKBNR w KQkq - 0 3
Moves; c1b2 c7c6 g2g3 b8a6 e2e3 a6c7 g1f3 g7g6 b2h8 c7b5 a4b5 a7a5 b5c6 d7c6 d1e2 b7b5 h8d4 g8f6 b1a3 f8a3 f1g2 b5b4 a1a3 b4a3 e1g1 a3a2 d2d3 f6g4 e2d2 g6g5 d4c3 a8b8 c3b2 e8f8 f1a1 b8b6 d2c3 g4h2 c3g7 f8e8 g7g8 e8e7 b2a3 b6b4 a3b4 a5b4 g8d8 e7d8 g1h2 f7f6 h2g1 g5g4 f3d2 d8c7 a1a2 c8b7 a2a1 h6h5 g1h1 h5h4 d2e4 e6e5 e4d2 h4g3 h1g1 g3f2 g1f2 g4g3 f2f3 c7d6 f3g3 d6e6 a1a7 e5e4 g2e4 e6d6 d2c4 d6d7 g3g2 d7e6 e4f5 e6f5 g2g3 b7a6 a7a8 a6c4 a8a5 c4d5 g3f2 f5e6 a5a4 d5b3 a4a6 e6d6 c2b3 f6f5 a6a8 c6c5 a8a6 d6c7 f2f3 f5f4 f3f4 c7b7 a6h6 b7c7 f4g5 c7d7 g5f5 d7e7 h6h7 e7d8 f5e5 d8c8 e5d6 c8b8 h7h5 b8a7 d6c5 a7b7 h5h1 b7c8 h1h3 c8d7 c5b5 d7d6 h3h4 d6e7 h4h1 e7e6 b5b6 e6f5 h1h5 f5g4 h5h6 g4f3
Warning; Bestmove does not match beginning of last PV - move f6d6 from B
Info; info depth 19 seldepth 35 multipv 1 score cp 1162 nodes 617701 nps 2059003 hashfull 62 tbhits 0 time 300 pv b6c5 e3d2 c5b4 d2d3 b4c5 d3e4 b3b4 e4e5 f6d6 e5f4 b4b5 f4f3 d6f6 f3g2 b5b6 g2g1 f6d6 g1g2 b6b7 g2f1 c5c6 f1f2 b7b8q f2e2 d6f6 e2e3 b8f4 e3d3 c6b5 d3c2 f4g3 c2b1 f6f2 b1a1
Position; fen rnbqkbnr/pppp1pp1/4p2p/8/P7/1P6/2PPPPPP/RNBQKBNR w KQkq - 0 3
Moves; c1b2 c7c6 g2g3 b8a6 e2e3 a6c7 g1f3 g7g6 b2h8 c7b5 a4b5 a7a5 b5c6 d7c6 d1e2 b7b5 h8d4 g8f6 b1a3 f8a3 f1g2 b5b4 a1a3 b4a3 e1g1 a3a2 d2d3 f6g4 e2d2 g6g5 d4c3 a8b8 c3b2 e8f8 f1a1 b8b6 d2c3 g4h2 c3g7 f8e8 g7g8 e8e7 b2a3 b6b4 a3b4 a5b4 g8d8 e7d8 g1h2 f7f6 h2g1 g5g4 f3d2 d8c7 a1a2 c8b7 a2a1 h6h5 g1h1 h5h4 d2e4 e6e5 e4d2 h4g3 h1g1 g3f2 g1f2 g4g3 f2f3 c7d6 f3g3 d6e6 a1a7 e5e4 g2e4 e6d6 d2c4 d6d7 g3g2 d7e6 e4f5 e6f5 g2g3 b7a6 a7a8 a6c4 a8a5 c4d5 g3f2 f5e6 a5a4 d5b3 a4a6 e6d6 c2b3 f6f5 a6a8 c6c5 a8a6 d6c7 f2f3 f5f4 f3f4 c7b7 a6h6 b7c7 f4g5 c7d7 g5f5 d7e7 h6h7 e7d8 f5e5 d8c8 e5d6 c8b8 h7h5 b8a7 d6c5 a7b7 h5h1 b7c8 h1h3 c8d7 c5b5 d7d6 h3h4 d6e7 h4h1 e7e6 b5b6 e6f5 h1h5 f5g4 h5h6 g4f3 h6f6 f3e3
Warning; Bestmove does not match beginning of last PV - move d3d4 from B
Info; info depth 18 seldepth 46 multipv 1 score cp 1291 nodes 546565 nps 1821883 hashfull 83 tbhits 0 time 300 pv b6a5 d2e2 d6f6 e2e3 a5b4 e3d4 b4b5 d4e5 b3b4 e5f6 d3d4 f6e6 b5c6 e6f5 d4d5 f5e4 d5d6 e4d3 d6d7 d3c2 d7d8q c2b3 b4b5 b3a4 b5b6 a4b4 b6b7 b4b3 d8d3 b3b4 b7b8q b4a4
Position; fen rnbqkbnr/pppp1pp1/4p2p/8/P7/1P6/2PPPPPP/RNBQKBNR w KQkq - 0 3
Moves; c1b2 c7c6 g2g3 b8a6 e2e3 a6c7 g1f3 g7g6 b2h8 c7b5 a4b5 a7a5 b5c6 d7c6 d1e2 b7b5 h8d4 g8f6 b1a3 f8a3 f1g2 b5b4 a1a3 b4a3 e1g1 a3a2 d2d3 f6g4 e2d2 g6g5 d4c3 a8b8 c3b2 e8f8 f1a1 b8b6 d2c3 g4h2 c3g7 f8e8 g7g8 e8e7 b2a3 b6b4 a3b4 a5b4 g8d8 e7d8 g1h2 f7f6 h2g1 g5g4 f3d2 d8c7 a1a2 c8b7 a2a1 h6h5 g1h1 h5h4 d2e4 e6e5 e4d2 h4g3 h1g1 g3f2 g1f2 g4g3 f2f3 c7d6 f3g3 d6e6 a1a7 e5e4 g2e4 e6d6 d2c4 d6d7 g3g2 d7e6 e4f5 e6f5 g2g3 b7a6 a7a8 a6c4 a8a5 c4d5 g3f2 f5e6 a5a4 d5b3 a4a6 e6d6 c2b3 f6f5 a6a8 c6c5 a8a6 d6c7 f2f3 f5f4 f3f4 c7b7 a6h6 b7c7 f4g5 c7d7 g5f5 d7e7 h6h7 e7d8 f5e5 d8c8 e5d6 c8b8 h7h5 b8a7 d6c5 a7b7 h5h1 b7c8 h1h3 c8d7 c5b5 d7d6 h3h4 d6e7 h4h1 e7e6 b5b6 e6f5 h1h5 f5g4 h5h6 g4f3 h6f6 f3e3 f6d6 e3d2
Warning; Bestmove does not match beginning of last PV - move d6f6 from B
Info; info depth 27 seldepth 37 multipv 1 score mate 16 nodes 556884 nps 1856280 hashfull 76 tbhits 0 time 300 pv d4d5 d3d4 b6b5 d4e5 b5c6 e5f5 d6h6 f5g5 h6h3 g5f5 d5d6 f5f4 d6d7 f4g5 d7d8q g5f5 h3h5 f5e4 h5c5 e4f4 c5d5 f4e4 d8d6 e4f3 d5e5 f3g4 d6f6 g4g3 e5g5 g3h3 f6h6
Position; fen rnbqkbnr/pppp1pp1/4p2p/8/P7/1P6/2PPPPPP/RNBQKBNR w KQkq - 0 3
Moves; c1b2 c7c6 g2g3 b8a6 e2e3 a6c7 g1f3 g7g6 b2h8 c7b5 a4b5 a7a5 b5c6 d7c6 d1e2 b7b5 h8d4 g8f6 b1a3 f8a3 f1g2 b5b4 a1a3 b4a3 e1g1 a3a2 d2d3 f6g4 e2d2 g6g5 d4c3 a8b8 c3b2 e8f8 f1a1 b8b6 d2c3 g4h2 c3g7 f8e8 g7g8 e8e7 b2a3 b6b4 a3b4 a5b4 g8d8 e7d8 g1h2 f7f6 h2g1 g5g4 f3d2 d8c7 a1a2 c8b7 a2a1 h6h5 g1h1 h5h4 d2e4 e6e5 e4d2 h4g3 h1g1 g3f2 g1f2 g4g3 f2f3 c7d6 f3g3 d6e6 a1a7 e5e4 g2e4 e6d6 d2c4 d6d7 g3g2 d7e6 e4f5 e6f5 g2g3 b7a6 a7a8 a6c4 a8a5 c4d5 g3f2 f5e6 a5a4 d5b3 a4a6 e6d6 c2b3 f6f5 a6a8 c6c5 a8a6 d6c7 f2f3 f5f4 f3f4 c7b7 a6h6 b7c7 f4g5 c7d7 g5f5 d7e7 h6h7 e7d8 f5e5 d8c8 e5d6 c8b8 h7h5 b8a7 d6c5 a7b7 h5h1 b7c8 h1h3 c8d7 c5b5 d7d6 h3h4 d6e7 h4h1 e7e6 b5b6 e6f5 h1h5 f5g4 h5h6 g4f3 h6f6 f3e3 f6d6 e3d2 d3d4 d2d3
Warning; Bestmove does not match beginning of last PV - move b6c6 from B
Info; info depth 28 seldepth 38 multipv 1 score mate 19 nodes 699026 nps 2330086 hashfull 48 tbhits 0 time 300 pv f6c6 d4d3 b6b5 d3d4 b5b4 d4d5 c6h6 d5d4 h6d6 d4e4 b4c5 e4e3 b3b4 e3e2 b4b5 e2f3 b5b6 f3e4 b6b7 e4f4 b7b8q f4f5 d6d3 f5e6 c5c6 e6f5 d3e3 f5g5 b8d6 g5f5 e3e5 f5f4 d6f6 f4g4 e5g5 g4h4 f6h6
Position; fen rnbqkbnr/pppp1pp1/4p2p/8/P7/1P6/2PPPPPP/RNBQKBNR w KQkq - 0 3
Moves; c1b2 c7c6 g2g3 b8a6 e2e3 a6c7 g1f3 g7g6 b2h8 c7b5 a4b5 a7a5 b5c6 d7c6 d1e2 b7b5 h8d4 g8f6 b1a3 f8a3 f1g2 b5b4 a1a3 b4a3 e1g1 a3a2 d2d3 f6g4 e2d2 g6g5 d4c3 a8b8 c3b2 e8f8 f1a1 b8b6 d2c3 g4h2 c3g7 f8e8 g7g8 e8e7 b2a3 b6b4 a3b4 a5b4 g8d8 e7d8 g1h2 f7f6 h2g1 g5g4 f3d2 d8c7 a1a2 c8b7 a2a1 h6h5 g1h1 h5h4 d2e4 e6e5 e4d2 h4g3 h1g1 g3f2 g1f2 g4g3 f2f3 c7d6 f3g3 d6e6 a1a7 e5e4 g2e4 e6d6 d2c4 d6d7 g3g2 d7e6 e4f5 e6f5 g2g3 b7a6 a7a8 a6c4 a8a5 c4d5 g3f2 f5e6 a5a4 d5b3 a4a6 e6d6 c2b3 f6f5 a6a8 c6c5 a8a6 d6c7 f2f3 f5f4 f3f4 c7b7 a6h6 b7c7 f4g5 c7d7 g5f5 d7e7 h6h7 e7d8 f5e5 d8c8 e5d6 c8b8 h7h5 b8a7 d6c5 a7b7 h5h1 b7c8 h1h3 c8d7 c5b5 d7d6 h3h4 d6e7 h4h1 e7e6 b5b6 e6f5 h1h5 f5g4 h5h6 g4f3 h6f6 f3e3 f6d6 e3d2 d3d4 d2d3 d6f6 d3d4
Warning; Bestmove does not match beginning of last PV - move f6d6 from B
Info; info depth 35 seldepth 30 multipv 1 score mate 15 nodes 600617 nps 2002056 hashfull 70 tbhits 0 time 300 pv c6c5 e4e5 f6d6 e5e4 c5b4 e4f3 b4c5 f3g4 b3b4 g4f4 b4b5 f4f5 b5b6 f5g5 b6b7 g5h5 d6d3 h5g6 b7b8q g6f5 b8g3 f5e6 c5c6 e6e7 g3f4 e7e8 d3e3 e8d8 f4c7
Position; fen rnbqkbnr/pppp1pp1/4p2p/8/P7/1P6/2PPPPPP/RNBQKBNR w KQkq - 0 3
Moves; c1b2 c7c6 g2g3 b8a6 e2e3 a6c7 g1f3 g7g6 b2h8 c7b5 a4b5 a7a5 b5c6 d7c6 d1e2 b7b5 h8d4 g8f6 b1a3 f8a3 f1g2 b5b4 a1a3 b4a3 e1g1 a3a2 d2d3 f6g4 e2d2 g6g5 d4c3 a8b8 c3b2 e8f8 f1a1 b8b6 d2c3 g4h2 c3g7 f8e8 g7g8 e8e7 b2a3 b6b4 a3b4 a5b4 g8d8 e7d8 g1h2 f7f6 h2g1 g5g4 f3d2 d8c7 a1a2 c8b7 a2a1 h6h5 g1h1 h5h4 d2e4 e6e5 e4d2 h4g3 h1g1 g3f2 g1f2 g4g3 f2f3 c7d6 f3g3 d6e6 a1a7 e5e4 g2e4 e6d6 d2c4 d6d7 g3g2 d7e6 e4f5 e6f5 g2g3 b7a6 a7a8 a6c4 a8a5 c4d5 g3f2 f5e6 a5a4 d5b3 a4a6 e6d6 c2b3 f6f5 a6a8 c6c5 a8a6 d6c7 f2f3 f5f4 f3f4 c7b7 a6h6 b7c7 f4g5 c7d7 g5f5 d7e7 h6h7 e7d8 f5e5 d8c8 e5d6 c8b8 h7h5 b8a7 d6c5 a7b7 h5h1 b7c8 h1h3 c8d7 c5b5 d7d6 h3h4 d6e7 h4h1 e7e6 b5b6 e6f5 h1h5 f5g4 h5h6 g4f3 h6f6 f3e3 f6d6 e3d2 d3d4 d2d3 d6f6 d3d4 b6c6 d4e4
Warning; Bestmove does not match beginning of last PV - move d6d1 from B
Info; info depth 37 seldepth 28 multipv 1 score mate 14 nodes 670271 nps 2234236 hashfull 88 tbhits 0 time 300 pv c6c5 e5e4 c5b4 e4f3 b4c5 f3e4 b3b4 e4f4 b4b5 f4f5 b5b6 f5g5 b6b7 g5h5 b7b8q h5g5 c5c6 g5f5 d6d3 f5g5 b8g3 g5f6 g3f4 f6g6 d3g3 g6h7 f4h4
Position; fen rnbqkbnr/pppp1pp1/4p2p/8/P7/1P6/2PPPPPP/RNBQKBNR w KQkq - 0 3
Moves; c1b2 c7c6 g2g3 b8a6 e2e3 a6c7 g1f3 g7g6 b2h8 c7b5 a4b5 a7a5 b5c6 d7c6 d1e2 b7b5 h8d4 g8f6 b1a3 f8a3 f1g2 b5b4 a1a3 b4a3 e1g1 a3a2 d2d3 f6g4 e2d2 g6g5 d4c3 a8b8 c3b2 e8f8 f1a1 b8b6 d2c3 g4h2 c3g7 f8e8 g7g8 e8e7 b2a3 b6b4 a3b4 a5b4 g8d8 e7d8 g1h2 f7f6 h2g1 g5g4 f3d2 d8c7 a1a2 c8b7 a2a1 h6h5 g1h1 h5h4 d2e4 e6e5 e4d2 h4g3 h1g1 g3f2 g1f2 g4g3 f2f3 c7d6 f3g3 d6e6 a1a7 e5e4 g2e4 e6d6 d2c4 d6d7 g3g2 d7e6 e4f5 e6f5 g2g3 b7a6 a7a8 a6c4 a8a5 c4d5 g3f2 f5e6 a5a4 d5b3 a4a6 e6d6 c2b3 f6f5 a6a8 c6c5 a8a6 d6c7 f2f3 f5f4 f3f4 c7b7 a6h6 b7c7 f4g5 c7d7 g5f5 d7e7 h6h7 e7d8 f5e5 d8c8 e5d6 c8b8 h7h5 b8a7 d6c5 a7b7 h5h1 b7c8 h1h3 c8d7 c5b5 d7d6 h3h4 d6e7 h4h1 e7e6 b5b6 e6f5 h1h5 f5g4 h5h6 g4f3 h6f6 f3e3 f6d6 e3d2 d3d4 d2d3 d6f6 d3d4 b6c6 d4e4 f6d6 e4e5
Warning; Bestmove does not match beginning of last PV - move d1d4 from B
Info; info depth 38 seldepth 26 multipv 1 score mate 13 nodes 700984 nps 2336613 hashfull 81 tbhits 0 time 300 pv d1d5 f6g6 c6c5 g6f6 c5b4 f6e7 b4c5 e7e6 b3b4 e6f6 b4b5 f6e6 b5b6 e6f6 b6b7 f6e6 c5c6 e6f6 b7b8q f6e6 b8f4 e6e7 d5e5 e7d8 f4f8
Position; fen rnbqkbnr/pppp1pp1/4p2p/8/P7/1P6/2PPPPPP/RNBQKBNR w KQkq - 0 3
Moves; c1b2 c7c6 g2g3 b8a6 e2e3 a6c7 g1f3 g7g6 b2h8 c7b5 a4b5 a7a5 b5c6 d7c6 d1e2 b7b5 h8d4 g8f6 b1a3 f8a3 f1g2 b5b4 a1a3 b4a3 e1g1 a3a2 d2d3 f6g4 e2d2 g6g5 d4c3 a8b8 c3b2 e8f8 f1a1 b8b6 d2c3 g4h2 c3g7 f8e8 g7g8 e8e7 b2a3 b6b4 a3b4 a5b4 g8d8 e7d8 g1h2 f7f6 h2g1 g5g4 f3d2 d8c7 a1a2 c8b7 a2a1 h6h5 g1h1 h5h4 d2e4 e6e5 e4d2 h4g3 h1g1 g3f2 g1f2 g4g3 f2f3 c7d6 f3g3 d6e6 a1a7 e5e4 g2e4 e6d6 d2c4 d6d7 g3g2 d7e6 e4f5 e6f5 g2g3 b7a6 a7a8 a6c4 a8a5 c4d5 g3f2 f5e6 a5a4 d5b3 a4a6 e6d6 c2b3 f6f5 a6a8 c6c5 a8a6 d6c7 f2f3 f5f4 f3f4 c7b7 a6h6 b7c7 f4g5 c7d7 g5f5 d7e7 h6h7 e7d8 f5e5 d8c8 e5d6 c8b8 h7h5 b8a7 d6c5 a7b7 h5h1 b7c8 h1h3 c8d7 c5b5 d7d6 h3h4 d6e7 h4h1 e7e6 b5b6 e6f5 h1h5 f5g4 h5h6 g4f3 h6f6 f3e3 f6d6 e3d2 d3d4 d2d3 d6f6 d3d4 b6c6 d4e4 f6d6 e4e5 d6d1 e5f6
Warning; Bestmove does not match beginning of last PV - move d4d1 from B
Info; info depth 41 seldepth 22 multipv 1 score mate 11 nodes 753673 nps 2512243 hashfull 74 tbhits 0 time 300 pv d4b4 e5f5 b4a4 f5e5 b3b4 e5d4 b4b5 d4c3 b5b6 c3b3 b6b7 b3b2 b7b8q b2c2 b8g3 c2b1 a4f4 b1c2 f4f2 c2d1 g3g1
Position; fen rnbqkbnr/pppp1pp1/4p2p/8/P7/1P6/2PPPPPP/RNBQKBNR w KQkq - 0 3
Moves; c1b2 c7c6 g2g3 b8a6 e2e3 a6c7 g1f3 g7g6 b2h8 c7b5 a4b5 a7a5 b5c6 d7c6 d1e2 b7b5 h8d4 g8f6 b1a3 f8a3 f1g2 b5b4 a1a3 b4a3 e1g1 a3a2 d2d3 f6g4 e2d2 g6g5 d4c3 a8b8 c3b2 e8f8 f1a1 b8b6 d2c3 g4h2 c3g7 f8e8 g7g8 e8e7 b2a3 b6b4 a3b4 a5b4 g8d8 e7d8 g1h2 f7f6 h2g1 g5g4 f3d2 d8c7 a1a2 c8b7 a2a1 h6h5 g1h1 h5h4 d2e4 e6e5 e4d2 h4g3 h1g1 g3f2 g1f2 g4g3 f2f3 c7d6 f3g3 d6e6 a1a7 e5e4 g2e4 e6d6 d2c4 d6d7 g3g2 d7e6 e4f5 e6f5 g2g3 b7a6 a7a8 a6c4 a8a5 c4d5 g3f2 f5e6 a5a4 d5b3 a4a6 e6d6 c2b3 f6f5 a6a8 c6c5 a8a6 d6c7 f2f3 f5f4 f3f4 c7b7 a6h6 b7c7 f4g5 c7d7 g5f5 d7e7 h6h7 e7d8 f5e5 d8c8 e5d6 c8b8 h7h5 b8a7 d6c5 a7b7 h5h1 b7c8 h1h3 c8d7 c5b5 d7d6 h3h4 d6e7 h4h1 e7e6 b5b6 e6f5 h1h5 f5g4 h5h6 g4f3 h6f6 f3e3 f6d6 e3d2 d3d4 d2d3 d6f6 d3d4 b6c6 d4e4 f6d6 e4e5 d6d1 e5f6 d1d4 f6e5
Warning; Bestmove does not match beginning of last PV - move d1d6 from B
Info; info depth 38 seldepth 26 multipv 1 score mate 13 nodes 767786 nps 2550784 hashfull 63 tbhits 0 time 301 pv c6c5 e4f4 c5b4 f4g3 b4c5 g3g4 b3b4 g4f4 b4b5 f4f3 d1d4 f3g3 b5b6 g3f2 b6b7 f2e1 b7b8q e1f2 d4d3 f2e2 b8b1 e2f2 b1c2 f2e1 d3d1
Position; fen rnbqkbnr/pppp1pp1/4p2p/8/P7/1P6/2PPPPPP/RNBQKBNR w KQkq - 0 3
Moves; c1b2 c7c6 g2g3 b8a6 e2e3 a6c7 g1f3 g7g6 b2h8 c7b5 a4b5 a7a5 b5c6 d7c6 d1e2 b7b5 h8d4 g8f6 b1a3 f8a3 f1g2 b5b4 a1a3 b4a3 e1g1 a3a2 d2d3 f6g4 e2d2 g6g5 d4c3 a8b8 c3b2 e8f8 f1a1 b8b6 d2c3 g4h2 c3g7 f8e8 g7g8 e8e7 b2a3 b6b4 a3b4 a5b4 g8d8 e7d8 g1h2 f7f6 h2g1 g5g4 f3d2 d8c7 a1a2 c8b7 a2a1 h6h5 g1h1 h5h4 d2e4 e6e5 e4d2 h4g3 h1g1 g3f2 g1f2 g4g3 f2f3 c7d6 f3g3 d6e6 a1a7 e5e4 g2e4 e6d6 d2c4 d6d7 g3g2 d7e6 e4f5 e6f5 g2g3 b7a6 a7a8 a6c4 a8a5 c4d5 g3f2 f5e6 a5a4 d5b3 a4a6 e6d6 c2b3 f6f5 a6a8 c6c5 a8a6 d6c7 f2f3 f5f4 f3f4 c7b7 a6h6 b7c7 f4g5 c7d7 g5f5 d7e7 h6h7 e7d8 f5e5 d8c8 e5d6 c8b8 h7h5 b8a7 d6c5 a7b7 h5h1 b7c8 h1h3 c8d7 c5b5 d7d6 h3h4 d6e7 h4h1 e7e6 b5b6 e6f5 h1h5 f5g4 h5h6 g4f3 h6f6 f3e3 f6d6 e3d2 d3d4 d2d3 d6f6 d3d4 b6c6 d4e4 f6d6 e4e5 d6d1 e5f6 d1d4 f6e5 d4d1 e5e4
Warning; Bestmove does not match beginning of last PV - move d6d1 from B
Info; info depth 41 seldepth 24 multipv 1 score mate 12 nodes 731042 nps 2436806 hashfull 75 tbhits 0 time 300 pv c6c5 e3f2 c5b4 f2g1 b4c5 g1h2 b3b4 h2g2 b4b5 g2g3 b5b6 g3f4 b6b7 f4e5 b7b8q e5f5 b8f8 f5e4 d6d1 e4e3 f8f1 e3e4 d1e1
Position; fen rnbqkbnr/pppp1pp1/4p2p/8/P7/1P6/2PPPPPP/RNBQKBNR w KQkq - 0 3
Moves; c1b2 c7c6 g2g3 b8a6 e2e3 a6c7 g1f3 g7g6 b2h8 c7b5 a4b5 a7a5 b5c6 d7c6 d1e2 b7b5 h8d4 g8f6 b1a3 f8a3 f1g2 b5b4 a1a3 b4a3 e1g1 a3a2 d2d3 f6g4 e2d2 g6g5 d4c3 a8b8 c3b2 e8f8 f1a1 b8b6 d2c3 g4h2 c3g7 f8e8 g7g8 e8e7 b2a3 b6b4 a3b4 a5b4 g8d8 e7d8 g1h2 f7f6 h2g1 g5g4 f3d2 d8c7 a1a2 c8b7 a2a1 h6h5 g1h1 h5h4 d2e4 e6e5 e4d2 h4g3 h1g1 g3f2 g1f2 g4g3 f2f3 c7d6 f3g3 d6e6 a1a7 e5e4 g2e4 e6d6 d2c4 d6d7 g3g2 d7e6 e4f5 e6f5 g2g3 b7a6 a7a8 a6c4 a8a5 c4d5 g3f2 f5e6 a5a4 d5b3 a4a6 e6d6 c2b3 f6f5 a6a8 c6c5 a8a6 d6c7 f2f3 f5f4 f3f4 c7b7 a6h6 b7c7 f4g5 c7d7 g5f5 d7e7 h6h7 e7d8 f5e5 d8c8 e5d6 c8b8 h7h5 b8a7 d6c5 a7b7 h5h1 b7c8 h1h3 c8d7 c5b5 d7d6 h3h4 d6e7 h4h1 e7e6 b5b6 e6f5 h1h5 f5g4 h5h6 g4f3 h6f6 f3e3 f6d6 e3d2 d3d4 d2d3 d6f6 d3d4 b6c6 d4e4 f6d6 e4e5 d6d1 e5f6 d1d4 f6e5 d4d1 e5e4 d1d6 e4e3
Warning; Bestmove does not match beginning of last PV - move b4c4 from B
Info; info depth 44 seldepth 20 multipv 1 score mate 10 nodes 808981 nps 2696603 hashfull 64 tbhits 0 time 300 pv c6c5 e3f3 b4c4 f3g3 b3b4 g3h2 b4b5 h2g3 b5b6 g3f2 b6b7 f2e3 b7b8q e3f2 b8b3 f2e2 c4c2 e2d1 b3b1
Position; fen rnbqkbnr/pppp1pp1/4p2p/8/P7/1P6/2PPPPPP/RNBQKBNR w KQkq - 0 3
Moves; c1b2 c7c6 g2g3 b8a6 e2e3 a6c7 g1f3 g7g6 b2h8 c7b5 a4b5 a7a5 b5c6 d7c6 d1e2 b7b5 h8d4 g8f6 b1a3 f8a3 f1g2 b5b4 a1a3 b4a3 e1g1 a3a2 d2d3 f6g4 e2d2 g6g5 d4c3 a8b8 c3b2 e8f8 f1a1 b8b6 d2c3 g4h2 c3g7 f8e8 g7g8 e8e7 b2a3 b6b4 a3b4 a5b4 g8d8 e7d8 g1h2 f7f6 h2g1 g5g4 f3d2 d8c7 a1a2 c8b7 a2a1 h6h5 g1h1 h5h4 d2e4 e6e5 e4d2 h4g3 h1g1 g3f2 g1f2 g4g3 f2f3 c7d6 f3g3 d6e6 a1a7 e5e4 g2e4 e6d6 d2c4 d6d7 g3g2 d7e6 e4f5 e6f5 g2g3 b7a6 a7a8 a6c4 a8a5 c4d5 g3f2 f5e6 a5a4 d5b3 a4a6 e6d6 c2b3 f6f5 a6a8 c6c5 a8a6 d6c7 f2f3 f5f4 f3f4 c7b7 a6h6 b7c7 f4g5 c7d7 g5f5 d7e7 h6h7 e7d8 f5e5 d8c8 e5d6 c8b8 h7h5 b8a7 d6c5 a7b7 h5h1 b7c8 h1h3 c8d7 c5b5 d7d6 h3h4 d6e7 h4h1 e7e6 b5b6 e6f5 h1h5 f5g4 h5h6 g4f3 h6f6 f3e3 f6d6 e3d2 d3d4 d2d3 d6f6 d3d4 b6c6 d4e4 f6d6 e4e5 d6d1 e5f6 d1d4 f6e5 d4d1 e5e4 d1d6 e4e3 d6d1 e3e2 d1d4 e2f2 d4b4 f2e3
Warning; Bestmove does not match beginning of last PV - move c4c2 from B
Info; info depth 49 seldepth 16 multipv 1 score mate 8 nodes 846390 nps 2821300 hashfull 69 tbhits 0 time 300 pv b4b5 e2f3 b5b6 f3e2 b6b7 e2d3 c6c5 d3e3 b7b8q e3f2 b8b3 f2e2 c4c2 e2d1 b3b1
Position; fen rnbqkbnr/pppp1pp1/4p2p/8/P7/1P6/2PPPPPP/RNBQKBNR w KQkq - 0 3
Moves; c1b2 c7c6 g2g3 b8a6 e2e3 a6c7 g1f3 g7g6 b2h8 c7b5 a4b5 a7a5 b5c6 d7c6 d1e2 b7b5 h8d4 g8f6 b1a3 f8a3 f1g2 b5b4 a1a3 b4a3 e1g1 a3a2 d2d3 f6g4 e2d2 g6g5 d4c3 a8b8 c3b2 e8f8 f1a1 b8b6 d2c3 g4h2 c3g7 f8e8 g7g8 e8e7 b2a3 b6b4 a3b4 a5b4 g8d8 e7d8 g1h2 f7f6 h2g1 g5g4 f3d2 d8c7 a1a2 c8b7 a2a1 h6h5 g1h1 h5h4 d2e4 e6e5 e4d2 h4g3 h1g1 g3f2 g1f2 g4g3 f2f3 c7d6 f3g3 d6e6 a1a7 e5e4 g2e4 e6d6 d2c4 d6d7 g3g2 d7e6 e4f5 e6f5 g2g3 b7a6 a7a8 a6c4 a8a5 c4d5 g3f2 f5e6 a5a4 d5b3 a4a6 e6d6 c2b3 f6f5 a6a8 c6c5 a8a6 d6c7 f2f3 f5f4 f3f4 c7b7 a6h6 b7c7 f4g5 c7d7 g5f5 d7e7 h6h7 e7d8 f5e5 d8c8 e5d6 c8b8 h7h5 b8a7 d6c5 a7b7 h5h1 b7c8 h1h3 c8d7 c5b5 d7d6 h3h4 d6e7 h4h1 e7e6 b5b6 e6f5 h1h5 f5g4 h5h6 g4f3 h6f6 f3e3 f6d6 e3d2 d3d4 d2d3 d6f6 d3d4 b6c6 d4e4 f6d6 e4e5 d6d1 e5f6 d1d4 f6e5 d4d1 e5e4 d1d6 e4e3 d6d1 e3e2 d1d4 e2f2 d4b4 f2e3 b4c4 e3f3 b3b4 f3e2
Warning; Bestmove does not match beginning of last PV - move b4b5 from B
Info; info depth 35 seldepth 18 multipv 1 score mate 9 nodes 934019 nps 3113396 hashfull 49 tbhits 0 time 300 pv c2f2 d3e3 f2f8 e3d2 b4b5 d2c3 b5b6 c3d2 b6b7 d2e1 b7b8q e1e2 b8g3 e2d2 f8f2 d2d1 g3g1
Position; fen rnbqkbnr/pppp1pp1/4p2p/8/P7/1P6/2PPPPPP/RNBQKBNR w KQkq - 0 3
Moves; c1b2 c7c6 g2g3 b8a6 e2e3 a6c7 g1f3 g7g6 b2h8 c7b5 a4b5 a7a5 b5c6 d7c6 d1e2 b7b5 h8d4 g8f6 b1a3 f8a3 f1g2 b5b4 a1a3 b4a3 e1g1 a3a2 d2d3 f6g4 e2d2 g6g5 d4c3 a8b8 c3b2 e8f8 f1a1 b8b6 d2c3 g4h2 c3g7 f8e8 g7g8 e8e7 b2a3 b6b4 a3b4 a5b4 g8d8 e7d8 g1h2 f7f6 h2g1 g5g4 f3d2 d8c7 a1a2 c8b7 a2a1 h6h5 g1h1 h5h4 d2e4 e6e5 e4d2 h4g3 h1g1 g3f2 g1f2 g4g3 f2f3 c7d6 f3g3 d6e6 a1a7 e5e4 g2e4 e6d6 d2c4 d6d7 g3g2 d7e6 e4f5 e6f5 g2g3 b7a6 a7a8 a6c4 a8a5 c4d5 g3f2 f5e6 a5a4 d5b3 a4a6 e6d6 c2b3 f6f5 a6a8 c6c5 a8a6 d6c7 f2f3 f5f4 f3f4 c7b7 a6h6 b7c7 f4g5 c7d7 g5f5 d7e7 h6h7 e7d8 f5e5 d8c8 e5d6 c8b8 h7h5 b8a7 d6c5 a7b7 h5h1 b7c8 h1h3 c8d7 c5b5 d7d6 h3h4 d6e7 h4h1 e7e6 b5b6 e6f5 h1h5 f5g4 h5h6 g4f3 h6f6 f3e3 f6d6 e3d2 d3d4 d2d3 d6f6 d3d4 b6c6 d4e4 f6d6 e4e5 d6d1 e5f6 d1d4 f6e5 d4d1 e5e4 d1d6 e4e3 d6d1 e3e2 d1d4 e2f2 d4b4 f2e3 b4c4 e3f3 b3b4 f3e2 c4c2 e2d3
Warning; Bestmove does not match beginning of last PV - move c6d5 from B
Info; info depth 20 seldepth 46 multipv 1 score mate 14 nodes 811201 nps 2704003 hashfull 55 tbhits 0 time 300 pv b5b6 c2c3 c6d5 c3b4 d5d4 b4b5 b6b7 b5c6 b7b8q c6d7 b8e5 d7c6 d4c4 c6b6 c4d5 b6b7 d5d6 b7b6 e5d5 b6a7 d6c7 a7a6 d5h5 a6a7 h5d1 a7a6 d1a4
Position; fen rnbqkbnr/pppp1pp1/4p2p/8/P7/1P6/2PPPPPP/RNBQKBNR w KQkq - 0 3
Moves; c1b2 c7c6 g2g3 b8a6 e2e3 a6c7 g1f3 g7g6 b2h8 c7b5 a4b5 a7a5 b5c6 d7c6 d1e2 b7b5 h8d4 g8f6 b1a3 f8a3 f1g2 b5b4 a1a3 b4a3 e1g1 a3a2 d2d3 f6g4 e2d2 g6g5 d4c3 a8b8 c3b2 e8f8 f1a1 b8b6 d2c3 g4h2 c3g7 f8e8 g7g8 e8e7 b2a3 b6b4 a3b4 a5b4 g8d8 e7d8 g1h2 f7f6 h2g1 g5g4 f3d2 d8c7 a1a2 c8b7 a2a1 h6h5 g1h1 h5h4 d2e4 e6e5 e4d2 h4g3 h1g1 g3f2 g1f2 g4g3 f2f3 c7d6 f3g3 d6e6 a1a7 e5e4 g2e4 e6d6 d2c4 d6d7 g3g2 d7e6 e4f5 e6f5 g2g3 b7a6 a7a8 a6c4 a8a5 c4d5 g3f2 f5e6 a5a4 d5b3 a4a6 e6d6 c2b3 f6f5 a6a8 c6c5 a8a6 d6c7 f2f3 f5f4 f3f4 c7b7 a6h6 b7c7 f4g5 c7d7 g5f5 d7e7 h6h7 e7d8 f5e5 d8c8 e5d6 c8b8 h7h5 b8a7 d6c5 a7b7 h5h1 b7c8 h1h3 c8d7 c5b5 d7d6 h3h4 d6e7 h4h1 e7e6 b5b6 e6f5 h1h5 f5g4 h5h6 g4f3 h6f6 f3e3 f6d6 e3d2 d3d4 d2d3 d6f6 d3d4 b6c6 d4e4 f6d6 e4e5 d6d1 e5f6 d1d4 f6e5 d4d1 e5e4 d1d6 e4e3 d6d1 e3e2 d1d4 e2f2 d4b4 f2e3 b4c4 e3f3 b3b4 f3e2 c4c2 e2d3 b4b5 d3c2
Warning; Bestmove does not match beginning of last PV - move d5d4 from B
Info; info depth 31 seldepth 16 multipv 1 score mate 8 nodes 786319 nps 2621063 hashfull 53 tbhits 0 time 300 pv b6b7 e2f3 b7b8q f3g4 d5e4 g4g5 b8e5 g5g6 e5e7 g6h5 e4f5 h5h6 e7c7 h6h5 c7h2
Position; fen rnbqkbnr/pppp1pp1/4p2p/8/P7/1P6/2PPPPPP/RNBQKBNR w KQkq - 0 3
Moves; c1b2 c7c6 g2g3 b8a6 e2e3 a6c7 g1f3 g7g6 b2h8 c7b5 a4b5 a7a5 b5c6 d7c6 d1e2 b7b5 h8d4 g8f6 b1a3 f8a3 f1g2 b5b4 a1a3 b4a3 e1g1 a3a2 d2d3 f6g4 e2d2 g6g5 d4c3 a8b8 c3b2 e8f8 f1a1 b8b6 d2c3 g4h2 c3g7 f8e8 g7g8 e8e7 b2a3 b6b4 a3b4 a5b4 g8d8 e7d8 g1h2 f7f6 h2g1 g5g4 f3d2 d8c7 a1a2 c8b7 a2a1 h6h5 g1h1 h5h4 d2e4 e6e5 e4d2 h4g3 h1g1 g3f2 g1f2 g4g3 f2f3 c7d6 f3g3 d6e6 a1a7 e5e4 g2e4 e6d6 d2c4 d6d7 g3g2 d7e6 e4f5 e6f5 g2g3 b7a6 a7a8 a6c4 a8a5 c4d5 g3f2 f5e6 a5a4 d5b3 a4a6 e6d6 c2b3 f6f5 a6a8 c6c5 a8a6 d6c7 f2f3 f5f4 f3f4 c7b7 a6h6 b7c7 f4g5 c7d7 g5f5 d7e7 h6h7 e7d8 f5e5 d8c8 e5d6 c8b8 h7h5 b8a7 d6c5 a7b7 h5h1 b7c8 h1h3 c8d7 c5b5 d7d6 h3h4 d6e7 h4h1 e7e6 b5b6 e6f5 h1h5 f5g4 h5h6 g4f3 h6f6 f3e3 f6d6 e3d2 d3d4 d2d3 d6f6 d3d4 b6c6 d4e4 f6d6 e4e5 d6d1 e5f6 d1d4 f6e5 d4d1 e5e4 d1d6 e4e3 d6d1 e3e2 d1d4 e2f2 d4b4 f2e3 b4c4 e3f3 b3b4 f3e2 c4c2 e2d3 b4b5 d3c2 c6d5 c2d3 b5b6 d3e2
Warning; Bestmove does not match beginning of last PV - move d4c4 from B
Info; info depth 33 seldepth 16 multipv 1 score mate 8 nodes 795274 nps 2650913 hashfull 55 tbhits 0 time 300 pv b6b7 f3f4 b7b8q f4f3 b8e5 f3f2 d4e4 f2g2 e5b8 g2f2 b8h2 f2f1 e4e3 f1e1 h2g1
Position; fen rnbqkbnr/pppp1pp1/4p2p/8/P7/1P6/2PPPPPP/RNBQKBNR w KQkq - 0 3
Moves; c1b2 c7c6 g2g3 b8a6 e2e3 a6c7 g1f3 g7g6 b2h8 c7b5 a4b5 a7a5 b5c6 d7c6 d1e2 b7b5 h8d4 g8f6 b1a3 f8a3 f1g2 b5b4 a1a3 b4a3 e1g1 a3a2 d2d3 f6g4 e2d2 g6g5 d4c3 a8b8 c3b2 e8f8 f1a1 b8b6 d2c3 g4h2 c3g7 f8e8 g7g8 e8e7 b2a3 b6b4 a3b4 a5b4 g8d8 e7d8 g1h2 f7f6 h2g1 g5g4 f3d2 d8c7 a1a2 c8b7 a2a1 h6h5 g1h1 h5h4 d2e4 e6e5 e4d2 h4g3 h1g1 g3f2 g1f2 g4g3 f2f3 c7d6 f3g3 d6e6 a1a7 e5e4 g2e4 e6d6 d2c4 d6d7 g3g2 d7e6 e4f5 e6f5 g2g3 b7a6 a7a8 a6c4 a8a5 c4d5 g3f2 f5e6 a5a4 d5b3 a4a6 e6d6 c2b3 f6f5 a6a8 c6c5 a8a6 d6c7 f2f3 f5f4 f3f4 c7b7 a6h6 b7c7 f4g5 c7d7 g5f5 d7e7 h6h7 e7d8 f5e5 d8c8 e5d6 c8b8 h7h5 b8a7 d6c5 a7b7 h5h1 b7c8 h1h3 c8d7 c5b5 d7d6 h3h4 d6e7 h4h1 e7e6 b5b6 e6f5 h1h5 f5g4 h5h6 g4f3 h6f6 f3e3 f6d6 e3d2 d3d4 d2d3 d6f6 d3d4 b6c6 d4e4 f6d6 e4e5 d6d1 e5f6 d1d4 f6e5 d4d1 e5e4 d1d6 e4e3 d6d1 e3e2 d1d4 e2f2 d4b4 f2e3 b4c4 e3f3 b3b4 f3e2 c4c2 e2d3 b4b5 d3c2 c6d5 c2d3 b5b6 d3e2 d5d4 e2f3
Warning; Bestmove does not match beginning of last PV - move c4b5 from B
Info; info depth 34 seldepth 18 multipv 1 score mate 9 nodes 804406 nps 2681353 hashfull 60 tbhits 0 time 300 pv c4d5 f4g4 b6b7 g4f3 b7b8q f3e3 b8g3 e3d2 d5d4 d2c2 g3b8 c2d2 b8b2 d2e1 d4e3 e1d1 b2b1
Position; fen rnbqkbnr/pppp1pp1/4p2p/8/P7/1P6/2PPPPPP/RNBQKBNR w KQkq - 0 3
Moves; c1b2 c7c6 g2g3 b8a6 e2e3 a6c7 g1f3 g7g6 b2h8 c7b5 a4b5 a7a5 b5c6 d7c6 d1e2 b7b5 h8d4 g8f6 b1a3 f8a3 f1g2 b5b4 a1a3 b4a3 e1g1 a3a2 d2d3 f6g4 e2d2 g6g5 d4c3 a8b8 c3b2 e8f8 f1a1 b8b6 d2c3 g4h2 c3g7 f8e8 g7g8 e8e7 b2a3 b6b4 a3b4 a5b4 g8d8 e7d8 g1h2 f7f6 h2g1 g5g4 f3d2 d8c7 a1a2 c8b7 a2a1 h6h5 g1h1 h5h4 d2e4 e6e5 e4d2 h4g3 h1g1 g3f2 g1f2 g4g3 f2f3 c7d6 f3g3 d6e6 a1a7 e5e4 g2e4 e6d6 d2c4 d6d7 g3g2 d7e6 e4f5 e6f5 g2g3 b7a6 a7a8 a6c4 a8a5 c4d5 g3f2 f5e6 a5a4 d5b3 a4a6 e6d6 c2b3 f6f5 a6a8 c6c5 a8a6 d6c7 f2f3 f5f4 f3f4 c7b7 a6h6 b7c7 f4g5 c7d7 g5f5 d7e7 h6h7 e7d8 f5e5 d8c8 e5d6 c8b8 h7h5 b8a7 d6c5 a7b7 h5h1 b7c8 h1h3 c8d7 c5b5 d7d6 h3h4 d6e7 h4h1 e7e6 b5b6 e6f5 h1h5 f5g4 h5h6 g4f3 h6f6 f3e3 f6d6 e3d2 d3d4 d2d3 d6f6 d3d4 b6c6 d4e4 f6d6 e4e5 d6d1 e5f6 d1d4 f6e5 d4d1 e5e4 d1d6 e4e3 d6d1 e3e2 d1d4 e2f2 d4b4 f2e3 b4c4 e3f3 b3b4 f3e2 c4c2 e2d3 b4b5 d3c2 c6d5 c2d3 b5b6 d3e2 d5d4 e2f3 d4c4 f3f4
Warning; Bestmove does not match beginning of last PV - move b5c5 from B
Info; info depth 36 seldepth 20 multipv 1 score mate 10 nodes 799501 nps 2665003 hashfull 58 tbhits 0 time 300 pv b6b7 f5f4 b5c4 f4e4 b7b8q e4e3 c4d5 e3d3 b8g3 d3d2 d5d4 d2c2 g3b8 c2d2 b8h2 d2c1 d4c3 c1b1 h2b2
Position; fen rnbqkbnr/pppp1pp1/4p2p/8/P7/1P6/2PPPPPP/RNBQKBNR w KQkq - 0 3
Moves; c1b2 c7c6 g2g3 b8a6 e2e3 a6c7 g1f3 g7g6 b2h8 c7b5 a4b5 a7a5 b5c6 d7c6 d1e2 b7b5 h8d4 g8f6 b1a3 f8a3 f1g2 b5b4 a1a3 b4a3 e1g1 a3a2 d2d3 f6g4 e2d2 g6g5 d4c3 a8b8 c3b2 e8f8 f1a1 b8b6 d2c3 g4h2 c3g7 f8e8 g7g8 e8e7 b2a3 b6b4 a3b4 a5b4 g8d8 e7d8 g1h2 f7f6 h2g1 g5g4 f3d2 d8c7 a1a2 c8b7 a2a1 h6h5 g1h1 h5h4 d2e4 e6e5 e4d2 h4g3 h1g1 g3f2 g1f2 g4g3 f2f3 c7d6 f3g3 d6e6 a1a7 e5e4 g2e4 e6d6 d2c4 d6d7 g3g2 d7e6 e4f5 e6f5 g2g3 b7a6 a7a8 a6c4 a8a5 c4d5 g3f2 f5e6 a5a4 d5b3 a4a6 e6d6 c2b3 f6f5 a6a8 c6c5 a8a6 d6c7 f2f3 f5f4 f3f4 c7b7 a6h6 b7c7 f4g5 c7d7 g5f5 d7e7 h6h7 e7d8 f5e5 d8c8 e5d6 c8b8 h7h5 b8a7 d6c5 a7b7 h5h1 b7c8 h1h3 c8d7 c5b5 d7d6 h3h4 d6e7 h4h1 e7e6 b5b6 e6f5 h1h5 f5g4 h5h6 g4f3 h6f6 f3e3 f6d6 e3d2 d3d4 d2d3 d6f6 d3d4 b6c6 d4e4 f6d6 e4e5 d6d1 e5f6 d1d4 f6e5 d4d1 e5e4 d1d6 e4e3 d6d1 e3e2 d1d4 e2f2 d4b4 f2e3 b4c4 e3f3 b3b4 f3e2 c4c2 e2d3 b4b5 d3c2 c6d5 c2d3 b5b6 d3e2 d5d4 e2f3 d4c4 f3f4 c4b5 f4f5
Warning; Bestmove does not match beginning of last PV - move c5b4 from B
Info; info depth 38 seldepth 18 multipv 1 score mate 9 nodes 825121 nps 2750403 hashfull 59 tbhits 0 time 300 pv b6b7 g6f5 b7b8q f5g4 c5d5 g4f3 b8e5 f3f2 d5e4 f2g2 e4e3 g2h3 e5g5 h3h2 e3f3 h2h3 g5h5
Position; fen rnbqkbnr/pppp1pp1/4p2p/8/P7/1P6/2PPPPPP/RNBQKBNR w KQkq - 0 3
Moves; c1b2 c7c6 g2g3 b8a6 e2e3 a6c7 g1f3 g7g6 b2h8 c7b5 a4b5 a7a5 b5c6 d7c6 d1e2 b7b5 h8d4 g8f6 b1a3 f8a3 f1g2 b5b4 a1a3 b4a3 e1g1 a3a2 d2d3 f6g4 e2d2 g6g5 d4c3 a8b8 c3b2 e8f8 f1a1 b8b6 d2c3 g4h2 c3g7 f8e8 g7g8 e8e7 b2a3 b6b4 a3b4 a5b4 g8d8 e7d8 g1h2 f7f6 h2g1 g5g4 f3d2 d8c7 a1a2 c8b7 a2a1 h6h5 g1h1 h5h4 d2e4 e6e5 e4d2 h4g3 h1g1 g3f2 g1f2 g4g3 f2f3 c7d6 f3g3 d6e6 a1a7 e5e4 g2e4 e6d6 d2c4 d6d7 g3g2 d7e6 e4f5 e6f5 g2g3 b7a6 a7a8 a6c4 a8a5 c4d5 g3f2 f5e6 a5a4 d5b3 a4a6 e6d6 c2b3 f6f5 a6a8 c6c5 a8a6 d6c7 f2f3 f5f4 f3f4 c7b7 a6h6 b7c7 f4g5 c7d7 g5f5 d7e7 h6h7 e7d8 f5e5 d8c8 e5d6 c8b8 h7h5 b8a7 d6c5 a7b7 h5h1 b7c8 h1h3 c8d7 c5b5 d7d6 h3h4 d6e7 h4h1 e7e6 b5b6 e6f5 h1h5 f5g4 h5h6 g4f3 h6f6 f3e3 f6d6 e3d2 d3d4 d2d3 d6f6 d3d4 b6c6 d4e4 f6d6 e4e5 d6d1 e5f6 d1d4 f6e5 d4d1 e5e4 d1d6 e4e3 d6d1 e3e2 d1d4 e2f2 d4b4 f2e3 b4c4 e3f3 b3b4 f3e2 c4c2 e2d3 b4b5 d3c2 c6d5 c2d3 b5b6 d3e2 d5d4 e2f3 d4c4 f3f4 c4b5 f4f5 b5c5 f5g6
Warning; Bestmove does not match beginning of last PV - move b4a5 from B
Info; info depth 35 seldepth 20 multipv 1 score mate 10 nodes 802119 nps 2673730 hashfull 49 tbhits 0 time 300 pv b4c5 f6f5 b6b7 f5f4 c5d5 f4e3 b7b8q e3d3 b8g3 d3d2 d5d4 d2c2 g3b8 c2d2 b8b2 d2e1 d4e3 e1d1 b2b1
Position; fen rnbqkbnr/pppp1pp1/4p2p/8/P7/1P6/2PPPPPP/RNBQKBNR w KQkq - 0 3
Moves; c1b2 c7c6 g2g3 b8a6 e2e3 a6c7 g1f3 g7g6 b2h8 c7b5 a4b5 a7a5 b5c6 d7c6 d1e2 b7b5 h8d4 g8f6 b1a3 f8a3 f1g2 b5b4 a1a3 b4a3 e1g1 a3a2 d2d3 f6g4 e2d2 g6g5 d4c3 a8b8 c3b2 e8f8 f1a1 b8b6 d2c3 g4h2 c3g7 f8e8 g7g8 e8e7 b2a3 b6b4 a3b4 a5b4 g8d8 e7d8 g1h2 f7f6 h2g1 g5g4 f3d2 d8c7 a1a2 c8b7 a2a1 h6h5 g1h1 h5h4 d2e4 e6e5 e4d2 h4g3 h1g1 g3f2 g1f2 g4g3 f2f3 c7d6 f3g3 d6e6 a1a7 e5e4 g2e4 e6d6 d2c4 d6d7 g3g2 d7e6 e4f5 e6f5 g2g3 b7a6 a7a8 a6c4 a8a5 c4d5 g3f2 f5e6 a5a4 d5b3 a4a6 e6d6 c2b3 f6f5 a6a8 c6c5 a8a6 d6c7 f2f3 f5f4 f3f4 c7b7 a6h6 b7c7 f4g5 c7d7 g5f5 d7e7 h6h7 e7d8 f5e5 d8c8 e5d6 c8b8 h7h5 b8a7 d6c5 a7b7 h5h1 b7c8 h1h3 c8d7 c5b5 d7d6 h3h4 d6e7 h4h1 e7e6 b5b6 e6f5 h1h5 f5g4 h5h6 g4f3 h6f6 f3e3 f6d6 e3d2 d3d4 d2d3 d6f6 d3d4 b6c6 d4e4 f6d6 e4e5 d6d1 e5f6 d1d4 f6e5 d4d1 e5e4 d1d6 e4e3 d6d1 e3e2 d1d4 e2f2 d4b4 f2e3 b4c4 e3f3 b3b4 f3e2 c4c2 e2d3 b4b5 d3c2 c6d5 c2d3 b5b6 d3e2 d5d4 e2f3 d4c4 f3f4 c4b5 f4f5 b5c5 f5g6 c5b4 g6f6
Warning; Bestmove does not match beginning of last PV - move a5b6 from B
Info; info depth 36 seldepth 20 multipv 1 score mate 10 nodes 701429 nps 2338096 hashfull 55 tbhits 0 time 300 pv a5b5 e4f4 b5c4 f4e3 b7b8q e3e4 b8g3 e4f5 c4d5 f5f6 g3e5 f6g6 d5e6 g6h7 e6f6 h7g8 e5e7 g8h8 e7g7
Position; fen rnbqkbnr/pppp1pp1/4p2p/8/P7/1P6/2PPPPPP/RNBQKBNR w KQkq - 0 3
Moves; c1b2 c7c6 g2g3 b8a6 e2e3 a6c7 g1f3 g7g6 b2h8 c7b5 a4b5 a7a5 b5c6 d7c6 d1e2 b7b5 h8d4 g8f6 b1a3 f8a3 f1g2 b5b4 a1a3 b4a3 e1g1 a3a2 d2d3 f6g4 e2d2 g6g5 d4c3 a8b8 c3b2 e8f8 f1a1 b8b6 d2c3 g4h2 c3g7 f8e8 g7g8 e8e7 b2a3 b6b4 a3b4 a5b4 g8d8 e7d8 g1h2 f7f6 h2g1 g5g4 f3d2 d8c7 a1a2 c8b7 a2a1 h6h5 g1h1 h5h4 d2e4 e6e5 e4d2 h4g3 h1g1 g3f2 g1f2 g4g3 f2f3 c7d6 f3g3 d6e6 a1a7 e5e4 g2e4 e6d6 d2c4 d6d7 g3g2 d7e6 e4f5 e6f5 g2g3 b7a6 a7a8 a6c4 a8a5 c4d5 g3f2 f5e6 a5a4 d5b3 a4a6 e6d6 c2b3 f6f5 a6a8 c6c5 a8a6 d6c7 f2f3 f5f4 f3f4 c7b7 a6h6 b7c7 f4g5 c7d7 g5f5 d7e7 h6h7 e7d8 f5e5 d8c8 e5d6 c8b8 h7h5 b8a7 d6c5 a7b7 h5h1 b7c8 h1h3 c8d7 c5b5 d7d6 h3h4 d6e7 h4h1 e7e6 b5b6 e6f5 h1h5 f5g4 h5h6 g4f3 h6f6 f3e3 f6d6 e3d2 d3d4 d2d3 d6f6 d3d4 b6c6 d4e4 f6d6 e4e5 d6d1 e5f6 d1d4 f6e5 d4d1 e5e4 d1d6 e4e3 d6d1 e3e2 d1d4 e2f2 d4b4 f2e3 b4c4 e3f3 b3b4 f3e2 c4c2 e2d3 b4b5 d3c2 c6d5 c2d3 b5b6 d3e2 d5d4 e2f3 d4c4 f3f4 c4b5 f4f5 b5c5 f5g6 c5b4 g6f6 b4a5 f6f5 b6b7 f5e4
Warning; Bestmove does not match beginning of last PV - move c5c4 from B
Info; info depth 37 seldepth 16 multipv 1 score mate 8 nodes 741327 nps 2471090 hashfull 64 tbhits 0 time 300 pv b7b8q e4e3 b8e5 e3f3 c5d4 f3f2 d4e4 f2g2 e4e3 g2h3 e3f3 h3h4 e5b5 h4h3 b5h5
Position; fen rnbqkbnr/pppp1pp1/4p2p/8/P7/1P6/2PPPPPP/RNBQKBNR w KQkq - 0 3
Moves; c1b2 c7c6 g2g3 b8a6 e2e3 a6c7 g1f3 g7g6 b2h8 c7b5 a4b5 a7a5 b5c6 d7c6 d1e2 b7b5 h8d4 g8f6 b1a3 f8a3 f1g2 b5b4 a1a3 b4a3 e1g1 a3a2 d2d3 f6g4 e2d2 g6g5 d4c3 a8b8 c3b2 e8f8 f1a1 b8b6 d2c3 g4h2 c3g7 f8e8 g7g8 e8e7 b2a3 b6b4 a3b4 a5b4 g8d8 e7d8 g1h2 f7f6 h2g1 g5g4 f3d2 d8c7 a1a2 c8b7 a2a1 h6h5 g1h1 h5h4 d2e4 e6e5 e4d2 h4g3 h1g1 g3f2 g1f2 g4g3 f2f3 c7d6 f3g3 d6e6 a1a7 e5e4 g2e4 e6d6 d2c4 d6d7 g3g2 d7e6 e4f5 e6f5 g2g3 b7a6 a7a8 a6c4 a8a5 c4d5 g3f2 f5e6 a5a4 d5b3 a4a6 e6d6 c2b3 f6f5 a6a8 c6c5 a8a6 d6c7 f2f3 f5f4 f3f4 c7b7 a6h6 b7c7 f4g5 c7d7 g5f5 d7e7 h6h7 e7d8 f5e5 d8c8 e5d6 c8b8 h7h5 b8a7 d6c5 a7b7 h5h1 b7c8 h1h3 c8d7 c5b5 d7d6 h3h4 d6e7 h4h1 e7e6 b5b6 e6f5 h1h5 f5g4 h5h6 g4f3 h6f6 f3e3 f6d6 e3d2 d3d4 d2d3 d6f6 d3d4 b6c6 d4e4 f6d6 e4e5 d6d1 e5f6 d1d4 f6e5 d4d1 e5e4 d1d6 e4e3 d6d1 e3e2 d1d4 e2f2 d4b4 f2e3 b4c4 e3f3 b3b4 f3e2 c4c2 e2d3 b4b5 d3c2 c6d5 c2d3 b5b6 d3e2 d5d4 e2f3 d4c4 f3f4 c4b5 f4f5 b5c5 f5g6 c5b4 g6f6 b4a5 f6f5 b6b7 f5e4 a5b6 e4e3 b6c5 e3e4
Warning; Bestmove does not match beginning of last PV - move c4c5 from B
Info; info depth 42 seldepth 16 multipv 1 score mate 8 nodes 787819 nps 2626063 hashfull 79 tbhits 0 time 300 pv c4d5 f4e3 b7b8q e3f3 d5d4 f3g4 d4e4 g4g5 b8d6 g5g4 d6g6 g4h4 e4f3 h4h3 g6h5
Position; fen rnbqkbnr/pppp1pp1/4p2p/8/P7/1P6/2PPPPPP/RNBQKBNR w KQkq - 0 3
Moves; c1b2 c7c6 g2g3 b8a6 e2e3 a6c7 g1f3 g7g6 b2h8 c7b5 a4b5 a7a5 b5c6 d7c6 d1e2 b7b5 h8d4 g8f6 b1a3 f8a3 f1g2 b5b4 a1a3 b4a3 e1g1 a3a2 d2d3 f6g4 e2d2 g6g5 d4c3 a8b8 c3b2 e8f8 f1a1 b8b6 d2c3 g4h2 c3g7 f8e8 g7g8 e8e7 b2a3 b6b4 a3b4 a5b4 g8d8 e7d8 g1h2 f7f6 h2g1 g5g4 f3d2 d8c7 a1a2 c8b7 a2a1 h6h5 g1h1 h5h4 d2e4 e6e5 e4d2 h4g3 h1g1 g3f2 g1f2 g4g3 f2f3 c7d6 f3g3 d6e6 a1a7 e5e4 g2e4 e6d6 d2c4 d6d7 g3g2 d7e6 e4f5 e6f5 g2g3 b7a6 a7a8 a6c4 a8a5 c4d5 g3f2 f5e6 a5a4 d5b3 a4a6 e6d6 c2b3 f6f5 a6a8 c6c5 a8a6 d6c7 f2f3 f5f4 f3f4 c7b7 a6h6 b7c7 f4g5 c7d7 g5f5 d7e7 h6h7 e7d8 f5e5 d8c8 e5d6 c8b8 h7h5 b8a7 d6c5 a7b7 h5h1 b7c8 h1h3 c8d7 c5b5 d7d6 h3h4 d6e7 h4h1 e7e6 b5b6 e6f5 h1h5 f5g4 h5h6 g4f3 h6f6 f3e3 f6d6 e3d2 d3d4 d2d3 d6f6 d3d4 b6c6 d4e4 f6d6 e4e5 d6d1 e5f6 d1d4 f6e5 d4d1 e5e4 d1d6 e4e3 d6d1 e3e2 d1d4 e2f2 d4b4 f2e3 b4c4 e3f3 b3b4 f3e2 c4c2 e2d3 b4b5 d3c2 c6d5 c2d3 b5b6 d3e2 d5d4 e2f3 d4c4 f3f4 c4b5 f4f5 b5c5 f5g6 c5b4 g6f6 b4a5 f6f5 b6b7 f5e4 a5b6 e4e3 b6c5 e3e4 c5c4 e4f4
Warning; Bestmove does not match beginning of last PV - move c5c4 from B
Info; info depth 44 seldepth 16 multipv 1 score mate 8 nodes 719435 nps 2398116 hashfull 73 tbhits 0 time 300 pv c5d4 g3f4 b7b8q f4f3 b8e5 f3f2 d4e4 f2g2 e4e3 g2h3 e3f3 h3h4 e5b5 h4h3 b5h5
Position; fen rnbqkbnr/pppp1pp1/4p2p/8/P7/1P6/2PPPPPP/RNBQKBNR w KQkq - 0 3
Moves; c1b2 c7c6 g2g3 b8a6 e2e3 a6c7 g1f3 g7g6 b2h8 c7b5 a4b5 a7a5 b5c6 d7c6 d1e2 b7b5 h8d4 g8f6 b1a3 f8a3 f1g2 b5b4 a1a3 b4a3 e1g1 a3a2 d2d3 f6g4 e2d2 g6g5 d4c3 a8b8 c3b2 e8f8 f1a1 b8b6 d2c3 g4h2 c3g7 f8e8 g7g8 e8e7 b2a3 b6b4 a3b4 a5b4 g8d8 e7d8 g1h2 f7f6 h2g1 g5g4 f3d2 d8c7 a1a2 c8b7 a2a1 h6h5 g1h1 h5h4 d2e4 e6e5 e4d2 h4g3 h1g1 g3f2 g1f2 g4g3 f2f3 c7d6 f3g3 d6e6 a1a7 e5e4 g2e4 e6d6 d2c4 d6d7 g3g2 d7e6 e4f5 e6f5 g2g3 b7a6 a7a8 a6c4 a8a5 c4d5 g3f2 f5e6 a5a4 d5b3 a4a6 e6d6 c2b3 f6f5 a6a8 c6c5 a8a6 d6c7 f2f3 f5f4 f3f4 c7b7 a6h6 b7c7 f4g5 c7d7 g5f5 d7e7 h6h7 e7d8 f5e5 d8c8 e5d6 c8b8 h7h5 b8a7 d6c5 a7b7 h5h1 b7c8 h1h3 c8d7 c5b5 d7d6 h3h4 d6e7 h4h1 e7e6 b5b6 e6f5 h1h5 f5g4 h5h6 g4f3 h6f6 f3e3 f6d6 e3d2 d3d4 d2d3 d6f6 d3d4 b6c6 d4e4 f6d6 e4e5 d6d1 e5f6 d1d4 f6e5 d4d1 e5e4 d1d6 e4e3 d6d1 e3e2 d1d4 e2f2 d4b4 f2e3 b4c4 e3f3 b3b4 f3e2 c4c2 e2d3 b4b5 d3c2 c6d5 c2d3 b5b6 d3e2 d5d4 e2f3 d4c4 f3f4 c4b5 f4f5 b5c5 f5g6 c5b4 g6f6 b4a5 f6f5 b6b7 f5e4 a5b6 e4e3 b6c5 e3e4 c5c4 e4f4 c4c5 f4g3
Warning; Bestmove does not match beginning of last PV - move c4d4 from B
Info; info depth 44 seldepth 16 multipv 1 score mate 8 nodes 848909 nps 2829696 hashfull 82 tbhits 0 time 300 pv b7b8q f4e3 c4d5 e3d3 b8g3 d3d2 d5d4 d2c2 g3b8 c2d2 b8b2 d2e1 d4e3 e1d1 b2b1
Position; fen rnbqkbnr/pppp1pp1/4p2p/8/P7/1P6/2PPPPPP/RNBQKBNR w KQkq - 0 3
Moves; c1b2 c7c6 g2g3 b8a6 e2e3 a6c7 g1f3 g7g6 b2h8 c7b5 a4b5 a7a5 b5c6 d7c6 d1e2 b7b5 h8d4 g8f6 b1a3 f8a3 f1g2 b5b4 a1a3 b4a3 e1g1 a3a2 d2d3 f6g4 e2d2 g6g5 d4c3 a8b8 c3b2 e8f8 f1a1 b8b6 d2c3 g4h2 c3g7 f8e8 g7g8 e8e7 b2a3 b6b4 a3b4 a5b4 g8d8 e7d8 g1h2 f7f6 h2g1 g5g4 f3d2 d8c7 a1a2 c8b7 a2a1 h6h5 g1h1 h5h4 d2e4 e6e5 e4d2 h4g3 h1g1 g3f2 g1f2 g4g3 f2f3 c7d6 f3g3 d6e6 a1a7 e5e4 g2e4 e6d6 d2c4 d6d7 g3g2 d7e6 e4f5 e6f5 g2g3 b7a6 a7a8 a6c4 a8a5 c4d5 g3f2 f5e6 a5a4 d5b3 a4a6 e6d6 c2b3 f6f5 a6a8 c6c5 a8a6 d6c7 f2f3 f5f4 f3f4 c7b7 a6h6 b7c7 f4g5 c7d7 g5f5 d7e7 h6h7 e7d8 f5e5 d8c8 e5d6 c8b8 h7h5 b8a7 d6c5 a7b7 h5h1 b7c8 h1h3 c8d7 c5b5 d7d6 h3h4 d6e7 h4h1 e7e6 b5b6 e6f5 h1h5 f5g4 h5h6 g4f3 h6f6 f3e3 f6d6 e3d2 d3d4 d2d3 d6f6 d3d4 b6c6 d4e4 f6d6 e4e5 d6d1 e5f6 d1d4 f6e5 d4d1 e5e4 d1d6 e4e3 d6d1 e3e2 d1d4 e2f2 d4b4 f2e3 b4c4 e3f3 b3b4 f3e2 c4c2 e2d3 b4b5 d3c2 c6d5 c2d3 b5b6 d3e2 d5d4 e2f3 d4c4 f3f4 c4b5 f4f5 b5c5 f5g6 c5b4 g6f6 b4a5 f6f5 b6b7 f5e4 a5b6 e4e3 b6c5 e3e4 c5c4 e4f4 c4c5 f4g3 c5c4 g3f4
Warning; Bestmove does not match beginning of last PV - move d4c5 from B
Info; info depth 41 seldepth 14 multipv 1 score mate 7 nodes 800324 nps 2667746 hashfull 78 tbhits 0 time 300 pv b7b8q f5f6 d4d5 f6f7 b8f4 f7g6 d5e6 g6g7 f4g3 g7f8 g3g5 f8e8 g5e7
Position; fen rnbqkbnr/pppp1pp1/4p2p/8/P7/1P6/2PPPPPP/RNBQKBNR w KQkq - 0 3
Moves; c1b2 c7c6 g2g3 b8a6 e2e3 a6c7 g1f3 g7g6 b2h8 c7b5 a4b5 a7a5 b5c6 d7c6 d1e2 b7b5 h8d4 g8f6 b1a3 f8a3 f1g2 b5b4 a1a3 b4a3 e1g1 a3a2 d2d3 f6g4 e2d2 g6g5 d4c3 a8b8 c3b2 e8f8 f1a1 b8b6 d2c3 g4h2 c3g7 f8e8 g7g8 e8e7 b2a3 b6b4 a3b4 a5b4 g8d8 e7d8 g1h2 f7f6 h2g1 g5g4 f3d2 d8c7 a1a2 c8b7 a2a1 h6h5 g1h1 h5h4 d2e4 e6e5 e4d2 h4g3 h1g1 g3f2 g1f2 g4g3 f2f3 c7d6 f3g3 d6e6 a1a7 e5e4 g2e4 e6d6 d2c4 d6d7 g3g2 d7e6 e4f5 e6f5 g2g3 b7a6 a7a8 a6c4 a8a5 c4d5 g3f2 f5e6 a5a4 d5b3 a4a6 e6d6 c2b3 f6f5 a6a8 c6c5 a8a6 d6c7 f2f3 f5f4 f3f4 c7b7 a6h6 b7c7 f4g5 c7d7 g5f5 d7e7 h6h7 e7d8 f5e5 d8c8 e5d6 c8b8 h7h5 b8a7 d6c5 a7b7 h5h1 b7c8 h1h3 c8d7 c5b5 d7d6 h3h4 d6e7 h4h1 e7e6 b5b6 e6f5 h1h5 f5g4 h5h6 g4f3 h6f6 f3e3 f6d6 e3d2 d3d4 d2d3 d6f6 d3d4 b6c6 d4e4 f6d6 e4e5 d6d1 e5f6 d1d4 f6e5 d4d1 e5e4 d1d6 e4e3 d6d1 e3e2 d1d4 e2f2 d4b4 f2e3 b4c4 e3f3 b3b4 f3e2 c4c2 e2d3 b4b5 d3c2 c6d5 c2d3 b5b6 d3e2 d5d4 e2f3 d4c4 f3f4 c4b5 f4f5 b5c5 f5g6 c5b4 g6f6 b4a5 f6f5 b6b7 f5e4 a5b6 e4e3 b6c5 e3e4 c5c4 e4f4 c4c5 f4g3 c5c4 g3f4 c4d4 f4f5
Warning; Bestmove does not match beginning of last PV - move c5b5 from B
Info; info depth 36 seldepth 16 multipv 1 score mate 8 nodes 786379 nps 2621263 hashfull 64 tbhits 0 time 300 pv b7b8q e4e3 c5d5 e3f3 d5d4 f3g4 d4e4 g4g5 b8d6 g5g4 d6g6 g4h4 e4f3 h4h3 g6h5
Position; fen rnbqkbnr/pppp1pp1/4p2p/8/P7/1P6/2PPPPPP/RNBQKBNR w KQkq - 0 3
Moves; c1b2 c7c6 g2g3 b8a6 e2e3 a6c7 g1f3 g7g6 b2h8 c7b5 a4b5 a7a5 b5c6 d7c6 d1e2 b7b5 h8d4 g8f6 b1a3 f8a3 f1g2 b5b4 a1a3 b4a3 e1g1 a3a2 d2d3 f6g4 e2d2 g6g5 d4c3 a8b8 c3b2 e8f8 f1a1 b8b6 d2c3 g4h2 c3g7 f8e8 g7g8 e8e7 b2a3 b6b4 a3b4 a5b4 g8d8 e7d8 g1h2 f7f6 h2g1 g5g4 f3d2 d8c7 a1a2 c8b7 a2a1 h6h5 g1h1 h5h4 d2e4 e6e5 e4d2 h4g3 h1g1 g3f2 g1f2 g4g3 f2f3 c7d6 f3g3 d6e6 a1a7 e5e4 g2e4 e6d6 d2c4 d6d7 g3g2 d7e6 e4f5 e6f5 g2g3 b7a6 a7a8 a6c4 a8a5 c4d5 g3f2 f5e6 a5a4 d5b3 a4a6 e6d6 c2b3 f6f5 a6a8 c6c5 a8a6 d6c7 f2f3 f5f4 f3f4 c7b7 a6h6 b7c7 f4g5 c7d7 g5f5 d7e7 h6h7 e7d8 f5e5 d8c8 e5d6 c8b8 h7h5 b8a7 d6c5 a7b7 h5h1 b7c8 h1h3 c8d7 c5b5 d7d6 h3h4 d6e7 h4h1 e7e6 b5b6 e6f5 h1h5 f5g4 h5h6 g4f3 h6f6 f3e3 f6d6 e3d2 d3d4 d2d3 d6f6 d3d4 b6c6 d4e4 f6d6 e4e5 d6d1 e5f6 d1d4 f6e5 d4d1 e5e4 d1d6 e4e3 d6d1 e3e2 d1d4 e2f2 d4b4 f2e3 b4c4 e3f3 b3b4 f3e2 c4c2 e2d3 b4b5 d3c2 c6d5 c2d3 b5b6 d3e2 d5d4 e2f3 d4c4 f3f4 c4b5 f4f5 b5c5 f5g6 c5b4 g6f6 b4a5 f6f5 b6b7 f5e4 a5b6 e4e3 b6c5 e3e4 c5c4 e4f4 c4c5 f4g3 c5c4 g3f4 c4d4 f4f5 d4c5 f5e4
Warning; Bestmove does not match beginning of last PV - move b5a5 from B
Info; info depth 38 seldepth 18 multipv 1 score mate 9 nodes 799389 nps 2664630 hashfull 80 tbhits 0 time 300 pv b7b8q e3e4 b5c5 e4e3 c5d5 e3f3 d5d4 f3g4 d4e4 g4g5 b8d6 g5g4 d6g6 g4h4 e4f3 h4h3 g6h5
Position; fen rnbqkbnr/pppp1pp1/4p2p/8/P7/1P6/2PPPPPP/RNBQKBNR w KQkq - 0 3
Moves; c1b2 c7c6 g2g3 b8a6 e2e3 a6c7 g1f3 g7g6 b2h8 c7b5 a4b5 a7a5 b5c6 d7c6 d1e2 b7b5 h8d4 g8f6 b1a3 f8a3 f1g2 b5b4 a1a3 b4a3 e1g1 a3a2 d2d3 f6g4 e2d2 g6g5 d4c3 a8b8 c3b2 e8f8 f1a1 b8b6 d2c3 g4h2 c3g7 f8e8 g7g8 e8e7 b2a3 b6b4 a3b4 a5b4 g8d8 e7d8 g1h2 f7f6 h2g1 g5g4 f3d2 d8c7 a1a2 c8b7 a2a1 h6h5 g1h1 h5h4 d2e4 e6e5 e4d2 h4g3 h1g1 g3f2 g1f2 g4g3 f2f3 c7d6 f3g3 d6e6 a1a7 e5e4 g2e4 e6d6 d2c4 d6d7 g3g2 d7e6 e4f5 e6f5 g2g3 b7a6 a7a8 a6c4 a8a5 c4d5 g3f2 f5e6 a5a4 d5b3 a4a6 e6d6 c2b3 f6f5 a6a8 c6c5 a8a6 d6c7 f2f3 f5f4 f3f4 c7b7 a6h6 b7c7 f4g5 c7d7 g5f5 d7e7 h6h7 e7d8 f5e5 d8c8 e5d6 c8b8 h7h5 b8a7 d6c5 a7b7 h5h1 b7c8 h1h3 c8d7 c5b5 d7d6 h3h4 d6e7 h4h1 e7e6 b5b6 e6f5 h1h5 f5g4 h5h6 g4f3 h6f6 f3e3 f6d6 e3d2 d3d4 d2d3 d6f6 d3d4 b6c6 d4e4 f6d6 e4e5 d6d1 e5f6 d1d4 f6e5 d4d1 e5e4 d1d6 e4e3 d6d1 e3e2 d1d4 e2f2 d4b4 f2e3 b4c4 e3f3 b3b4 f3e2 c4c2 e2d3 b4b5 d3c2 c6d5 c2d3 b5b6 d3e2 d5d4 e2f3 d4c4 f3f4 c4b5 f4f5 b5c5 f5g6 c5b4 g6f6 b4a5 f6f5 b6b7 f5e4 a5b6 e4e3 b6c5 e3e4 c5c4 e4f4 c4c5 f4g3 c5c4 g3f4 c4d4 f4f5 d4c5 f5e4 c5b5 e4e3
Warning; Bestmove does not match beginning of last PV - move a5a4 from B
Info; info depth 38 seldepth 20 multipv 1 score mate 10 nodes 795004 nps 2650013 hashfull 81 tbhits 0 time 300 pv b7b8q f3e3 a5b4 e3f3 b4c4 f3e4 b8g3 e4f5 c4d5 f5f6 g3e5 f6g6 d5e6 g6h7 e6f7 h7h6 e5d5 h6h7 d5h5
Position; fen rnbqkbnr/pppp1pp1/4p2p/8/P7/1P6/2PPPPPP/RNBQKBNR w KQkq - 0 3
Moves; c1b2 c7c6 g2g3 b8a6 e2e3 a6c7 g1f3 g7g6 b2h8 c7b5 a4b5 a7a5 b5c6 d7c6 d1e2 b7b5 h8d4 g8f6 b1a3 f8a3 f1g2 b5b4 a1a3 b4a3 e1g1 a3a2 d2d3 f6g4 e2d2 g6g5 d4c3 a8b8 c3b2 e8f8 f1a1 b8b6 d2c3 g4h2 c3g7 f8e8 g7g8 e8e7 b2a3 b6b4 a3b4 a5b4 g8d8 e7d8 g1h2 f7f6 h2g1 g5g4 f3d2 d8c7 a1a2 c8b7 a2a1 h6h5 g1h1 h5h4 d2e4 e6e5 e4d2 h4g3 h1g1 g3f2 g1f2 g4g3 f2f3 c7d6 f3g3 d6e6 a1a7 e5e4 g2e4 e6d6 d2c4 d6d7 g3g2 d7e6 e4f5 e6f5 g2g3 b7a6 a7a8 a6c4 a8a5 c4d5 g3f2 f5e6 a5a4 d5b3 a4a6 e6d6 c2b3 f6f5 a6a8 c6c5 a8a6 d6c7 f2f3 f5f4 f3f4 c7b7 a6h6 b7c7 f4g5 c7d7 g5f5 d7e7 h6h7 e7d8 f5e5 d8c8 e5d6 c8b8 h7h5 b8a7 d6c5 a7b7 h5h1 b7c8 h1h3 c8d7 c5b5 d7d6 h3h4 d6e7 h4h1 e7e6 b5b6 e6f5 h1h5 f5g4 h5h6 g4f3 h6f6 f3e3 f6d6 e3d2 d3d4 d2d3 d6f6 d3d4 b6c6 d4e4 f6d6 e4e5 d6d1 e5f6 d1d4 f6e5 d4d1 e5e4 d1d6 e4e3 d6d1 e3e2 d1d4 e2f2 d4b4 f2e3 b4c4 e3f3 b3b4 f3e2 c4c2 e2d3 b4b5 d3c2 c6d5 c2d3 b5b6 d3e2 d5d4 e2f3 d4c4 f3f4 c4b5 f4f5 b5c5 f5g6 c5b4 g6f6 b4a5 f6f5 b6b7 f5e4 a5b6 e4e3 b6c5 e3e4 c5c4 e4f4 c4c5 f4g3 c5c4 g3f4 c4d4 f4f5 d4c5 f5e4 c5b5 e4e3 b5a5 e3f3
Warning; Bestmove does not match beginning of last PV - move a4a5 from B
Info; info depth 41 seldepth 20 multipv 1 score mate 10 nodes 799470 nps 2664900 hashfull 62 tbhits 0 time 300 pv a4b4 g3f3 b7b8q f3e3 b4c5 e3e4 b8g3 e4f5 c5d5 f5f6 g3e5 f6g6 d5e6 g6h7 e6f7 h7h6 e5d5 h6h7 d5h5
Position; fen rnbqkbnr/pppp1pp1/4p2p/8/P7/1P6/2PPPPPP/RNBQKBNR w KQkq - 0 3
Moves; c1b2 c7c6 g2g3 b8a6 e2e3 a6c7 g1f3 g7g6 b2h8 c7b5 a4b5 a7a5 b5c6 d7c6 d1e2 b7b5 h8d4 g8f6 b1a3 f8a3 f1g2 b5b4 a1a3 b4a3 e1g1 a3a2 d2d3 f6g4 e2d2 g6g5 d4c3 a8b8 c3b2 e8f8 f1a1 b8b6 d2c3 g4h2 c3g7 f8e8 g7g8 e8e7 b2a3 b6b4 a3b4 a5b4 g8d8 e7d8 g1h2 f7f6 h2g1 g5g4 f3d2 d8c7 a1a2 c8b7 a2a1 h6h5 g1h1 h5h4 d2e4 e6e5 e4d2 h4g3 h1g1 g3f2 g1f2 g4g3 f2f3 c7d6 f3g3 d6e6 a1a7 e5e4 g2e4 e6d6 d2c4 d6d7 g3g2 d7e6 e4f5 e6f5 g2g3 b7a6 a7a8 a6c4 a8a5 c4d5 g3f2 f5e6 a5a4 d5b3 a4a6 e6d6 c2b3 f6f5 a6a8 c6c5 a8a6 d6c7 f2f3 f5f4 f3f4 c7b7 a6h6 b7c7 f4g5 c7d7 g5f5 d7e7 h6h7 e7d8 f5e5 d8c8 e5d6 c8b8 h7h5 b8a7 d6c5 a7b7 h5h1 b7c8 h1h3 c8d7 c5b5 d7d6 h3h4 d6e7 h4h1 e7e6 b5b6 e6f5 h1h5 f5g4 h5h6 g4f3 h6f6 f3e3 f6d6 e3d2 d3d4 d2d3 d6f6 d3d4 b6c6 d4e4 f6d6 e4e5 d6d1 e5f6 d1d4 f6e5 d4d1 e5e4 d1d6 e4e3 d6d1 e3e2 d1d4 e2f2 d4b4 f2e3 b4c4 e3f3 b3b4 f3e2 c4c2 e2d3 b4b5 d3c2 c6d5 c2d3 b5b6 d3e2 d5d4 e2f3 d4c4 f3f4 c4b5 f4f5 b5c5 f5g6 c5b4 g6f6 b4a5 f6f5 b6b7 f5e4 a5b6 e4e3 b6c5 e3e4 c5c4 e4f4 c4c5 f4g3 c5c4 g3f4 c4d4 f4f5 d4c5 f5e4 c5b5 e4e3 b5a5 e3f3 a5a4 f3g3
Warning; Bestmove does not match beginning of last PV - move a5a4 from B
Info; info depth 42 seldepth 20 multipv 1 score mate 10 nodes 794162 nps 2647206 hashfull 73 tbhits 0 time 300 pv a5b5 f3e3 b7b8q e3e4 b5c5 e4e3 c5d5 e3d3 b8f4 d3c3 f4e3 c3b4 e3g3 b4b5 g3b8 b5a4 d5c4 a4a3 b8b3
Position; fen rnbqkbnr/pppp1pp1/4p2p/8/P7/1P6/2PPPPPP/RNBQKBNR w KQkq - 0 3
Moves; c1b2 c7c6 g2g3 b8a6 e2e3 a6c7 g1f3 g7g6 b2h8 c7b5 a4b5 a7a5 b5c6 d7c6 d1e2 b7b5 h8d4 g8f6 b1a3 f8a3 f1g2 b5b4 a1a3 b4a3 e1g1 a3a2 d2d3 f6g4 e2d2 g6g5 d4c3 a8b8 c3b2 e8f8 f1a1 b8b6 d2c3 g4h2 c3g7 f8e8 g7g8 e8e7 b2a3 b6b4 a3b4 a5b4 g8d8 e7d8 g1h2 f7f6 h2g1 g5g4 f3d2 d8c7 a1a2 c8b7 a2a1 h6h5 g1h1 h5h4 d2e4 e6e5 e4d2 h4g3 h1g1 g3f2 g1f2 g4g3 f2f3 c7d6 f3g3 d6e6 a1a7 e5e4 g2e4 e6d6 d2c4 d6d7 g3g2 d7e6 e4f5 e6f5 g2g3 b7a6 a7a8 a6c4 a8a5 c4d5 g3f2 f5e6 a5a4 d5b3 a4a6 e6d6 c2b3 f6f5 a6a8 c6c5 a8a6 d6c7 f2f3 f5f4 f3f4 c7b7 a6h6 b7c7 f4g5 c7d7 g5f5 d7e7 h6h7 e7d8 f5e5 d8c8 e5d6 c8b8 h7h5 b8a7 d6c5 a7b7 h5h1 b7c8 h1h3 c8d7 c5b5 d7d6 h3h4 d6e7 h4h1 e7e6 b5b6 e6f5 h1h5 f5g4 h5h6 g4f3 h6f6 f3e3 f6d6 e3d2 d3d4 d2d3 d6f6 d3d4 b6c6 d4e4 f6d6 e4e5 d6d1 e5f6 d1d4 f6e5 d4d1 e5e4 d1d6 e4e3 d6d1 e3e2 d1d4 e2f2 d4b4 f2e3 b4c4 e3f3 b3b4 f3e2 c4c2 e2d3 b4b5 d3c2 c6d5 c2d3 b5b6 d3e2 d5d4 e2f3 d4c4 f3f4 c4b5 f4f5 b5c5 f5g6 c5b4 g6f6 b4a5 f6f5 b6b7 f5e4 a5b6 e4e3 b6c5 e3e4 c5c4 e4f4 c4c5 f4g3 c5c4 g3f4 c4d4 f4f5 d4c5 f5e4 c5b5 e4e3 b5a5 e3f3 a5a4 f3g3 a4a5 g3f3
Warning; Bestmove does not match beginning of last PV - move c4b3 from B
Info; info depth 45 seldepth 16 multipv 1 score mate 8 nodes 859841 nps 2866136 hashfull 75 tbhits 0 time 300 pv c4d5 f5f4 b7b8q f4f3 d5d4 f3f2 b8f4 f2g1 d4e3 g1g2 f4g5 g2h2 e3f3 h2h3 g5h5
Position; fen rnbqkbnr/pppp1pp1/4p2p/8/P7/1P6/2PPPPPP/RNBQKBNR w KQkq - 0 3
Moves; c1b2 c7c6 g2g3 b8a6 e2e3 a6c7 g1f3 g7g6 b2h8 c7b5 a4b5 a7a5 b5c6 d7c6 d1e2 b7b5 h8d4 g8f6 b1a3 f8a3 f1g2 b5b4 a1a3 b4a3 e1g1 a3a2 d2d3 f6g4 e2d2 g6g5 d4c3 a8b8 c3b2 e8f8 f1a1 b8b6 d2c3 g4h2 c3g7 f8e8 g7g8 e8e7 b2a3 b6b4 a3b4 a5b4 g8d8 e7d8 g1h2 f7f6 h2g1 g5g4 f3d2 d8c7 a1a2 c8b7 a2a1 h6h5 g1h1 h5h4 d2e4 e6e5 e4d2 h4g3 h1g1 g3f2 g1f2 g4g3 f2f3 c7d6 f3g3 d6e6 a1a7 e5e4 g2e4 e6d6 d2c4 d6d7 g3g2 d7e6 e4f5 e6f5 g2g3 b7a6 a7a8 a6c4 a8a5 c4d5 g3f2 f5e6 a5a4 d5b3 a4a6 e6d6 c2b3 f6f5 a6a8 c6c5 a8a6 d6c7 f2f3 f5f4 f3f4 c7b7 a6h6 b7c7 f4g5 c7d7 g5f5 d7e7 h6h7 e7d8 f5e5 d8c8 e5d6 c8b8 h7h5 b8a7 d6c5 a7b7 h5h1 b7c8 h1h3 c8d7 c5b5 d7d6 h3h4 d6e7 h4h1 e7e6 b5b6 e6f5 h1h5 f5g4 h5h6 g4f3 h6f6 f3e3 f6d6 e3d2 d3d4 d2d3 d6f6 d3d4 b6c6 d4e4 f6d6 e4e5 d6d1 e5f6 d1d4 f6e5 d4d1 e5e4 d1d6 e4e3 d6d1 e3e2 d1d4 e2f2 d4b4 f2e3 b4c4 e3f3 b3b4 f3e2 c4c2 e2d3 b4b5 d3c2 c6d5 c2d3 b5b6 d3e2 d5d4 e2f3 d4c4 f3f4 c4b5 f4f5 b5c5 f5g6 c5b4 g6f6 b4a5 f6f5 b6b7 f5e4 a5b6 e4e3 b6c5 e3e4 c5c4 e4f4 c4c5 f4g3 c5c4 g3f4 c4d4 f4f5 d4c5 f5e4 c5b5 e4e3 b5a5 e3f3 a5a4 f3g3 a4a5 g3f3 a5a4 f3g3 a4b3 g3f4 b3c4 f4f5
Warning; Bestmove does not match beginning of last PV - move b3c3 from B
Info; info depth 44 seldepth 18 multipv 1 score mate 9 nodes 818309 nps 2727696 hashfull 67 tbhits 0 time 300 pv b3c4 e6e5 b7b8q e5e4 b8b5 e4f3 b5f5 f3g3 c4d4 g3h2 d4e3 h2g3 f5g5 g3h2 e3f3 h2h3 g5h5
Position; fen rnbqkbnr/pppp1pp1/4p2p/8/P7/1P6/2PPPPPP/RNBQKBNR w KQkq - 0 3
Moves; c1b2 c7c6 g2g3 b8a6 e2e3 a6c7 g1f3 g7g6 b2h8 c7b5 a4b5 a7a5 b5c6 d7c6 d1e2 b7b5 h8d4 g8f6 b1a3 f8a3 f1g2 b5b4 a1a3 b4a3 e1g1 a3a2 d2d3 f6g4 e2d2 g6g5 d4c3 a8b8 c3b2 e8f8 f1a1 b8b6 d2c3 g4h2 c3g7 f8e8 g7g8 e8e7 b2a3 b6b4 a3b4 a5b4 g8d8 e7d8 g1h2 f7f6 h2g1 g5g4 f3d2 d8c7 a1a2 c8b7 a2a1 h6h5 g1h1 h5h4 d2e4 e6e5 e4d2 h4g3 h1g1 g3f2 g1f2 g4g3 f2f3 c7d6 f3g3 d6e6 a1a7 e5e4 g2e4 e6d6 d2c4 d6d7 g3g2 d7e6 e4f5 e6f5 g2g3 b7a6 a7a8 a6c4 a8a5 c4d5 g3f2 f5e6 a5a4 d5b3 a4a6 e6d6 c2b3 f6f5 a6a8 c6c5 a8a6 d6c7 f2f3 f5f4 f3f4 c7b7 a6h6 b7c7 f4g5 c7d7 g5f5 d7e7 h6h7 e7d8 f5e5 d8c8 e5d6 c8b8 h7h5 b8a7 d6c5 a7b7 h5h1 b7c8 h1h3 c8d7 c5b5 d7d6 h3h4 d6e7 h4h1 e7e6 b5b6 e6f5 h1h5 f5g4 h5h6 g4f3 h6f6 f3e3 f6d6 e3d2 d3d4 d2d3 d6f6 d3d4 b6c6 d4e4 f6d6 e4e5 d6d1 e5f6 d1d4 f6e5 d4d1 e5e4 d1d6 e4e3 d6d1 e3e2 d1d4 e2f2 d4b4 f2e3 b4c4 e3f3 b3b4 f3e2 c4c2 e2d3 b4b5 d3c2 c6d5 c2d3 b5b6 d3e2 d5d4 e2f3 d4c4 f3f4 c4b5 f4f5 b5c5 f5g6 c5b4 g6f6 b4a5 f6f5 b6b7 f5e4 a5b6 e4e3 b6c5 e3e4 c5c4 e4f4 c4c5 f4g3 c5c4 g3f4 c4d4 f4f5 d4c5 f5e4 c5b5 e4e3 b5a5 e3f3 a5a4 f3g3 a4a5 g3f3 a5a4 f3g3 a4b3 g3f4 b3c4 f4f5 c4b3 f5e6
Warning; Bestmove does not match beginning of last PV - move c3d3 from B
Info; info depth 42 seldepth 16 multipv 1 score mate 8 nodes 843667 nps 2812223 hashfull 73 tbhits 0 time 300 pv b7b8q f5e4 b8b5 e4f3 b5f5 f3g2 c3d4 g2g3 d4e3 g3h4 f5g6 h4h3 e3f3 h3h4 g6g4
Position; fen rnbqkbnr/pppp1pp1/4p2p/8/P7/1P6/2PPPPPP/RNBQKBNR w KQkq - 0 3
Moves; c1b2 c7c6 g2g3 b8a6 e2e3 a6c7 g1f3 g7g6 b2h8 c7b5 a4b5 a7a5 b5c6 d7c6 d1e2 b7b5 h8d4 g8f6 b1a3 f8a3 f1g2 b5b4 a1a3 b4a3 e1g1 a3a2 d2d3 f6g4 e2d2 g6g5 d4c3 a8b8 c3b2 e8f8 f1a1 b8b6 d2c3 g4h2 c3g7 f8e8 g7g8 e8e7 b2a3 b6b4 a3b4 a5b4 g8d8 e7d8 g1h2 f7f6 h2g1 g5g4 f3d2 d8c7 a1a2 c8b7 a2a1 h6h5 g1h1 h5h4 d2e4 e6e5 e4d2 h4g3 h1g1 g3f2 g1f2 g4g3 f2f3 c7d6 f3g3 d6e6 a1a7 e5e4 g2e4 e6d6 d2c4 d6d7 g3g2 d7e6 e4f5 e6f5 g2g3 b7a6 a7a8 a6c4 a8a5 c4d5 g3f2 f5e6 a5a4 d5b3 a4a6 e6d6 c2b3 f6f5 a6a8 c6c5 a8a6 d6c7 f2f3 f5f4 f3f4 c7b7 a6h6 b7c7 f4g5 c7d7 g5f5 d7e7 h6h7 e7d8 f5e5 d8c8 e5d6 c8b8 h7h5 b8a7 d6c5 a7b7 h5h1 b7c8 h1h3 c8d7 c5b5 d7d6 h3h4 d6e7 h4h1 e7e6 b5b6 e6f5 h1h5 f5g4 h5h6 g4f3 h6f6 f3e3 f6d6 e3d2 d3d4 d2d3 d6f6 d3d4 b6c6 d4e4 f6d6 e4e5 d6d1 e5f6 d1d4 f6e5 d4d1 e5e4 d1d6 e4e3 d6d1 e3e2 d1d4 e2f2 d4b4 f2e3 b4c4 e3f3 b3b4 f3e2 c4c2 e2d3 b4b5 d3c2 c6d5 c2d3 b5b6 d3e2 d5d4 e2f3 d4c4 f3f4 c4b5 f4f5 b5c5 f5g6 c5b4 g6f6 b4a5 f6f5 b6b7 f5e4 a5b6 e4e3 b6c5 e3e4 c5c4 e4f4 c4c5 f4g3 c5c4 g3f4 c4d4 f4f5 d4c5 f5e4 c5b5 e4e3 b5a5 e3f3 a5a4 f3g3 a4a5 g3f3 a5a4 f3g3 a4b3 g3f4 b3c4 f4f5 c4b3 f5e6 b3c3 e6f5
Warning; Bestmove does not match beginning of last PV - move d3c4 from B
Info; info depth 45 seldepth 14 multipv 1 score mate 7 nodes 811574 nps 2705246 hashfull 63 tbhits 0 time 300 pv b7b8q f4f3 b8e5 f3f2 e5f4 f2g1 d3e3 g1g2 f4g5 g2h2 e3f3 h2h3 g5h5
Position; fen rnbqkbnr/pppp1pp1/4p2p/8/P7/1P6/2PPPPPP/RNBQKBNR w KQkq - 0 3
Moves; c1b2 c7c6 g2g3 b8a6 e2e3 a6c7 g1f3 g7g6 b2h8 c7b5 a4b5 a7a5 b5c6 d7c6 d1e2 b7b5 h8d4 g8f6 b1a3 f8a3 f1g2 b5b4 a1a3 b4a3 e1g1 a3a2 d2d3 f6g4 e2d2 g6g5 d4c3 a8b8 c3b2 e8f8 f1a1 b8b6 d2c3 g4h2 c3g7 f8e8 g7g8 e8e7 b2a3 b6b4 a3b4 a5b4 g8d8 e7d8 g1h2 f7f6 h2g1 g5g4 f3d2 d8c7 a1a2 c8b7 a2a1 h6h5 g1h1 h5h4 d2e4 e6e5 e4d2 h4g3 h1g1 g3f2 g1f2 g4g3 f2f3 c7d6 f3g3 d6e6 a1a7 e5e4 g2e4 e6d6 d2c4 d6d7 g3g2 d7e6 e4f5 e6f5 g2g3 b7a6 a7a8 a6c4 a8a5 c4d5 g3f2 f5e6 a5a4 d5b3 a4a6 e6d6 c2b3 f6f5 a6a8 c6c5 a8a6 d6c7 f2f3 f5f4 f3f4 c7b7 a6h6 b7c7 f4g5 c7d7 g5f5 d7e7 h6h7 e7d8 f5e5 d8c8 e5d6 c8b8 h7h5 b8a7 d6c5 a7b7 h5h1 b7c8 h1h3 c8d7 c5b5 d7d6 h3h4 d6e7 h4h1 e7e6 b5b6 e6f5 h1h5 f5g4 h5h6 g4f3 h6f6 f3e3 f6d6 e3d2 d3d4 d2d3 d6f6 d3d4 b6c6 d4e4 f6d6 e4e5 d6d1 e5f6 d1d4 f6e5 d4d1 e5e4 d1d6 e4e3 d6d1 e3e2 d1d4 e2f2 d4b4 f2e3 b4c4 e3f3 b3b4 f3e2 c4c2 e2d3 b4b5 d3c2 c6d5 c2d3 b5b6 d3e2 d5d4 e2f3 d4c4 f3f4 c4b5 f4f5 b5c5 f5g6 c5b4 g6f6 b4a5 f6f5 b6b7 f5e4 a5b6 e4e3 b6c5 e3e4 c5c4 e4f4 c4c5 f4g3 c5c4 g3f4 c4d4 f4f5 d4c5 f5e4 c5b5 e4e3 b5a5 e3f3 a5a4 f3g3 a4a5 g3f3 a5a4 f3g3 a4b3 g3f4 b3c4 f4f5 c4b3 f5e6 b3c3 e6f5 c3d3 f5f4
Warning; Bestmove does not match beginning of last PV - move c4b5 from B
Info; info depth 43 seldepth 16 multipv 1 score mate 8 nodes 833575 nps 2778583 hashfull 64 tbhits 0 time 300 pv b7b8q e4e3 b8e5 e3f2 e5f4 f2g2 c4d4 g2g1 d4e3 g1g2 f4g5 g2h2 e3f3 h2h3 g5h5
Position; fen rnbqkbnr/pppp1pp1/4p2p/8/P7/1P6/2PPPPPP/RNBQKBNR w KQkq - 0 3
Moves; c1b2 c7c6 g2g3 b8a6 e2e3 a6c7 g1f3 g7g6 b2h8 c7b5 a4b5 a7a5 b5c6 d7c6 d1e2 b7b5 h8d4 g8f6 b1a3 f8a3 f1g2 b5b4 a1a3 b4a3 e1g1 a3a2 d2d3 f6g4 e2d2 g6g5 d4c3 a8b8 c3b2 e8f8 f1a1 b8b6 d2c3 g4h2 c3g7 f8e8 g7g8 e8e7 b2a3 b6b4 a3b4 a5b4 g8d8 e7d8 g1h2 f7f6 h2g1 g5g4 f3d2 d8c7 a1a2 c8b7 a2a1 h6h5 g1h1 h5h4 d2e4 e6e5 e4d2 h4g3 h1g1 g3f2 g1f2 g4g3 f2f3 c7d6 f3g3 d6e6 a1a7 e5e4 g2e4 e6d6 d2c4 d6d7 g3g2 d7e6 e4f5 e6f5 g2g3 b7a6 a7a8 a6c4 a8a5 c4d5 g3f2 f5e6 a5a4 d5b3 a4a6 e6d6 c2b3 f6f5 a6a8 c6c5 a8a6 d6c7 f2f3 f5f4 f3f4 c7b7 a6h6 b7c7 f4g5 c7d7 g5f5 d7e7 h6h7 e7d8 f5e5 d8c8 e5d6 c8b8 h7h5 b8a7 d6c5 a7b7 h5h1 b7c8 h1h3 c8d7 c5b5 d7d6 h3h4 d6e7 h4h1 e7e6 b5b6 e6f5 h1h5 f5g4 h5h6 g4f3 h6f6 f3e3 f6d6 e3d2 d3d4 d2d3 d6f6 d3d4 b6c6 d4e4 f6d6 e4e5 d6d1 e5f6 d1d4 f6e5 d4d1 e5e4 d1d6 e4e3 d6d1 e3e2 d1d4 e2f2 d4b4 f2e3 b4c4 e3f3 b3b4 f3e2 c4c2 e2d3 b4b5 d3c2 c6d5 c2d3 b5b6 d3e2 d5d4 e2f3 d4c4 f3f4 c4b5 f4f5 b5c5 f5g6 c5b4 g6f6 b4a5 f6f5 b6b7 f5e4 a5b6 e4e3 b6c5 e3e4 c5c4 e4f4 c4c5 f4g3 c5c4 g3f4 c4d4 f4f5 d4c5 f5e4 c5b5 e4e3 b5a5 e3f3 a5a4 f3g3 a4a5 g3f3 a5a4 f3g3 a4b3 g3f4 b3c4 f4f5 c4b3 f5e6 b3c3 e6f5 c3d3 f5f4 d3c4 f4e4
Warning; Bestmove does not match beginning of last PV - move b5b6 from B
Info; info depth 41 seldepth 18 multipv 1 score mate 9 nodes 867161 nps 2890536 hashfull 66 tbhits 0 time 300 pv b7b8q e3f3 b8e5 f3f2 e5f4 f2g2 b5c4 g2g1 c4d4 g1g2 d4e3 g2h3 f4g5 h3h2 e3f3 h2h1 g5g2
Position; fen rnbqkbnr/pppp1pp1/4p2p/8/P7/1P6/2PPPPPP/RNBQKBNR w KQkq - 0 3
Moves; c1b2 c7c6 g2g3 b8a6 e2e3 a6c7 g1f3 g7g6 b2h8 c7b5 a4b5 a7a5 b5c6 d7c6 d1e2 b7b5 h8d4 g8f6 b1a3 f8a3 f1g2 b5b4 a1a3 b4a3 e1g1 a3a2 d2d3 f6g4 e2d2 g6g5 d4c3 a8b8 c3b2 e8f8 f1a1 b8b6 d2c3 g4h2 c3g7 f8e8 g7g8 e8e7 b2a3 b6b4 a3b4 a5b4 g8d8 e7d8 g1h2 f7f6 h2g1 g5g4 f3d2 d8c7 a1a2 c8b7 a2a1 h6h5 g1h1 h5h4 d2e4 e6e5 e4d2 h4g3 h1g1 g3f2 g1f2 g4g3 f2f3 c7d6 f3g3 d6e6 a1a7 e5e4 g2e4 e6d6 d2c4 d6d7 g3g2 d7e6 e4f5 e6f5 g2g3 b7a6 a7a8 a6c4 a8a5 c4d5 g3f2 f5e6 a5a4 d5b3 a4a6 e6d6 c2b3 f6f5 a6a8 c6c5 a8a6 d6c7 f2f3 f5f4 f3f4 c7b7 a6h6 b7c7 f4g5 c7d7 g5f5 d7e7 h6h7 e7d8 f5e5 d8c8 e5d6 c8b8 h7h5 b8a7 d6c5 a7b7 h5h1 b7c8 h1h3 c8d7 c5b5 d7d6 h3h4 d6e7 h4h1 e7e6 b5b6 e6f5 h1h5 f5g4 h5h6 g4f3 h6f6 f3e3 f6d6 e3d2 d3d4 d2d3 d6f6 d3d4 b6c6 d4e4 f6d6 e4e5 d6d1 e5f6 d1d4 f6e5 d4d1 e5e4 d1d6 e4e3 d6d1 e3e2 d1d4 e2f2 d4b4 f2e3 b4c4 e3f3 b3b4 f3e2 c4c2 e2d3 b4b5 d3c2 c6d5 c2d3 b5b6 d3e2 d5d4 e2f3 d4c4 f3f4 c4b5 f4f5 b5c5 f5g6 c5b4 g6f6 b4a5 f6f5 b6b7 f5e4 a5b6 e4e3 b6c5 e3e4 c5c4 e4f4 c4c5 f4g3 c5c4 g3f4 c4d4 f4f5 d4c5 f5e4 c5b5 e4e3 b5a5 e3f3 a5a4 f3g3 a4a5 g3f3 a5a4 f3g3 a4b3 g3f4 b3c4 f4f5 c4b3 f5e6 b3c3 e6f5 c3d3 f5f4 d3c4 f4e4 c4b5 e4e3
Warning; Bestmove does not match beginning of last PV - move b6c7 from B
Info; info depth 38 seldepth 18 multipv 1 score mate 9 nodes 816676 nps 2722253 hashfull 77 tbhits 0 time 300 pv b7b8q d3e3 b8g3 e3e4 b6c5 e4f5 c5d5 f5f6 g3f4 f6g6 d5e6 g6h5 f4g3 h5h6 e6f6 h6h5 g3h3
Position; fen rnbqkbnr/pppp1pp1/4p2p/8/P7/1P6/2PPPPPP/RNBQKBNR w KQkq - 0 3
Moves; c1b2 c7c6 g2g3 b8a6 e2e3 a6c7 g1f3 g7g6 b2h8 c7b5 a4b5 a7a5 b5c6 d7c6 d1e2 b7b5 h8d4 g8f6 b1a3 f8a3 f1g2 b5b4 a1a3 b4a3 e1g1 a3a2 d2d3 f6g4 e2d2 g6g5 d4c3 a8b8 c3b2 e8f8 f1a1 b8b6 d2c3 g4h2 c3g7 f8e8 g7g8 e8e7 b2a3 b6b4 a3b4 a5b4 g8d8 e7d8 g1h2 f7f6 h2g1 g5g4 f3d2 d8c7 a1a2 c8b7 a2a1 h6h5 g1h1 h5h4 d2e4 e6e5 e4d2 h4g3 h1g1 g3f2 g1f2 g4g3 f2f3 c7d6 f3g3 d6e6 a1a7 e5e4 g2e4 e6d6 d2c4 d6d7 g3g2 d7e6 e4f5 e6f5 g2g3 b7a6 a7a8 a6c4 a8a5 c4d5 g3f2 f5e6 a5a4 d5b3 a4a6 e6d6 c2b3 f6f5 a6a8 c6c5 a8a6 d6c7 f2f3 f5f4 f3f4 c7b7 a6h6 b7c7 f4g5 c7d7 g5f5 d7e7 h6h7 e7d8 f5e5 d8c8 e5d6 c8b8 h7h5 b8a7 d6c5 a7b7 h5h1 b7c8 h1h3 c8d7 c5b5 d7d6 h3h4 d6e7 h4h1 e7e6 b5b6 e6f5 h1h5 f5g4 h5h6 g4f3 h6f6 f3e3 f6d6 e3d2 d3d4 d2d3 d6f6 d3d4 b6c6 d4e4 f6d6 e4e5 d6d1 e5f6 d1d4 f6e5 d4d1 e5e4 d1d6 e4e3 d6d1 e3e2 d1d4 e2f2 d4b4 f2e3 b4c4 e3f3 b3b4 f3e2 c4c2 e2d3 b4b5 d3c2 c6d5 c2d3 b5b6 d3e2 d5d4 e2f3 d4c4 f3f4 c4b5 f4f5 b5c5 f5g6 c5b4 g6f6 b4a5 f6f5 b6b7 f5e4 a5b6 e4e3 b6c5 e3e4 c5c4 e4f4 c4c5 f4g3 c5c4 g3f4 c4d4 f4f5 d4c5 f5e4 c5b5 e4e3 b5a5 e3f3 a5a4 f3g3 a4a5 g3f3 a5a4 f3g3 a4b3 g3f4 b3c4 f4f5 c4b3 f5e6 b3c3 e6f5 c3d3 f5f4 d3c4 f4e4 c4b5 e4e3 b5b6 e3d3
Warning; Bestmove does not match beginning of last PV - move c7b6 from B
Info; info depth 41 seldepth 18 multipv 1 score mate 9 nodes 815050 nps 2716833 hashfull 82 tbhits 0 time 300 pv c7c6 e2e3 c6d5 e3d3 b7b8q d3e3 b8g3 e3d2 d5c4 d2e2 c4d4 e2d2 g3g2 d2c1 d4c3 c1b1 g2b2
Position; fen rnbqkbnr/pppp1pp1/4p2p/8/P7/1P6/2PPPPPP/RNBQKBNR w KQkq - 0 3
Moves; c1b2 c7c6 g2g3 b8a6 e2e3 a6c7 g1f3 g7g6 b2h8 c7b5 a4b5 a7a5 b5c6 d7c6 d1e2 b7b5 h8d4 g8f6 b1a3 f8a3 f1g2 b5b4 a1a3 b4a3 e1g1 a3a2 d2d3 f6g4 e2d2 g6g5 d4c3 a8b8 c3b2 e8f8 f1a1 b8b6 d2c3 g4h2 c3g7 f8e8 g7g8 e8e7 b2a3 b6b4 a3b4 a5b4 g8d8 e7d8 g1h2 f7f6 h2g1 g5g4 f3d2 d8c7 a1a2 c8b7 a2a1 h6h5 g1h1 h5h4 d2e4 e6e5 e4d2 h4g3 h1g1 g3f2 g1f2 g4g3 f2f3 c7d6 f3g3 d6e6 a1a7 e5e4 g2e4 e6d6 d2c4 d6d7 g3g2 d7e6 e4f5 e6f5 g2g3 b7a6 a7a8 a6c4 a8a5 c4d5 g3f2 f5e6 a5a4 d5b3 a4a6 e6d6 c2b3 f6f5 a6a8 c6c5 a8a6 d6c7 f2f3 f5f4 f3f4 c7b7 a6h6 b7c7 f4g5 c7d7 g5f5 d7e7 h6h7 e7d8 f5e5 d8c8 e5d6 c8b8 h7h5 b8a7 d6c5 a7b7 h5h1 b7c8 h1h3 c8d7 c5b5 d7d6 h3h4 d6e7 h4h1 e7e6 b5b6 e6f5 h1h5 f5g4 h5h6 g4f3 h6f6 f3e3 f6d6 e3d2 d3d4 d2d3 d6f6 d3d4 b6c6 d4e4 f6d6 e4e5 d6d1 e5f6 d1d4 f6e5 d4d1 e5e4 d1d6 e4e3 d6d1 e3e2 d1d4 e2f2 d4b4 f2e3 b4c4 e3f3 b3b4 f3e2 c4c2 e2d3 b4b5 d3c2 c6d5 c2d3 b5b6 d3e2 d5d4 e2f3 d4c4 f3f4 c4b5 f4f5 b5c5 f5g6 c5b4 g6f6 b4a5 f6f5 b6b7 f5e4 a5b6 e4e3 b6c5 e3e4 c5c4 e4f4 c4c5 f4g3 c5c4 g3f4 c4d4 f4f5 d4c5 f5e4 c5b5 e4e3 b5a5 e3f3 a5a4 f3g3 a4a5 g3f3 a5a4 f3g3 a4b3 g3f4 b3c4 f4f5 c4b3 f5e6 b3c3 e6f5 c3d3 f5f4 d3c4 f4e4 c4b5 e4e3 b5b6 e3d3 b6c7 d3e2
Warning; Bestmove does not match beginning of last PV - move b6c6 from B
Info; info depth 42 seldepth 18 multipv 1 score mate 9 nodes 860157 nps 2867190 hashfull 73 tbhits 0 time 300 pv b7b8q e3f3 b6c6 f3e3 c6d5 e3f3 d5d4 f3g4 d4e4 g4g5 b8d6 g5g4 d6g6 g4h4 e4f3 h4h3 g6h5
Position; fen rnbqkbnr/pppp1pp1/4p2p/8/P7/1P6/2PPPPPP/RNBQKBNR w KQkq - 0 3
Moves; c1b2 c7c6 g2g3 b8a6 e2e3 a6c7 g1f3 g7g6 b2h8 c7b5 a4b5 a7a5 b5c6 d7c6 d1e2 b7b5 h8d4 g8f6 b1a3 f8a3 f1g2 b5b4 a1a3 b4a3 e1g1 a3a2 d2d3 f6g4 e2d2 g6g5 d4c3 a8b8 c3b2 e8f8 f1a1 b8b6 d2c3 g4h2 c3g7 f8e8 g7g8 e8e7 b2a3 b6b4 a3b4 a5b4 g8d8 e7d8 g1h2 f7f6 h2g1 g5g4 f3d2 d8c7 a1a2 c8b7 a2a1 h6h5 g1h1 h5h4 d2e4 e6e5 e4d2 h4g3 h1g1 g3f2 g1f2 g4g3 f2f3 c7d6 f3g3 d6e6 a1a7 e5e4 g2e4 e6d6 d2c4 d6d7 g3g2 d7e6 e4f5 e6f5 g2g3 b7a6 a7a8 a6c4 a8a5 c4d5 g3f2 f5e6 a5a4 d5b3 a4a6 e6d6 c2b3 f6f5 a6a8 c6c5 a8a6 d6c7 f2f3 f5f4 f3f4 c7b7 a6h6 b7c7 f4g5 c7d7 g5f5 d7e7 h6h7 e7d8 f5e5 d8c8 e5d6 c8b8 h7h5 b8a7 d6c5 a7b7 h5h1 b7c8 h1h3 c8d7 c5b5 d7d6 h3h4 d6e7 h4h1 e7e6 b5b6 e6f5 h1h5 f5g4 h5h6 g4f3 h6f6 f3e3 f6d6 e3d2 d3d4 d2d3 d6f6 d3d4 b6c6 d4e4 f6d6 e4e5 d6d1 e5f6 d1d4 f6e5 d4d1 e5e4 d1d6 e4e3 d6d1 e3e2 d1d4 e2f2 d4b4 f2e3 b4c4 e3f3 b3b4 f3e2 c4c2 e2d3 b4b5 d3c2 c6d5 c2d3 b5b6 d3e2 d5d4 e2f3 d4c4 f3f4 c4b5 f4f5 b5c5 f5g6 c5b4 g6f6 b4a5 f6f5 b6b7 f5e4 a5b6 e4e3 b6c5 e3e4 c5c4 e4f4 c4c5 f4g3 c5c4 g3f4 c4d4 f4f5 d4c5 f5e4 c5b5 e4e3 b5a5 e3f3 a5a4 f3g3 a4a5 g3f3 a5a4 f3g3 a4b3 g3f4 b3c4 f4f5 c4b3 f5e6 b3c3 e6f5 c3d3 f5f4 d3c4 f4e4 c4b5 e4e3 b5b6 e3d3 b6c7 d3e2 c7b6 e2e3
Warning; Bestmove does not match beginning of last PV - move c6d7 from B
Info; info depth 43 seldepth 16 multipv 1 score mate 8 nodes 852368 nps 2841226 hashfull 55 tbhits 0 time 300 pv b7b8q f3f2 c6d5 f2f3 b8e5 f3f2 d5e4 f2g2 e5b8 g2f2 b8h2 f2f1 e4d3 f1e1 h2g1
Position; fen rnbqkbnr/pppp1pp1/4p2p/8/P7/1P6/2PPPPPP/RNBQKBNR w KQkq - 0 3
Moves; c1b2 c7c6 g2g3 b8a6 e2e3 a6c7 g1f3 g7g6 b2h8 c7b5 a4b5 a7a5 b5c6 d7c6 d1e2 b7b5 h8d4 g8f6 b1a3 f8a3 f1g2 b5b4 a1a3 b4a3 e1g1 a3a2 d2d3 f6g4 e2d2 g6g5 d4c3 a8b8 c3b2 e8f8 f1a1 b8b6 d2c3 g4h2 c3g7 f8e8 g7g8 e8e7 b2a3 b6b4 a3b4 a5b4 g8d8 e7d8 g1h2 f7f6 h2g1 g5g4 f3d2 d8c7 a1a2 c8b7 a2a1 h6h5 g1h1 h5h4 d2e4 e6e5 e4d2 h4g3 h1g1 g3f2 g1f2 g4g3 f2f3 c7d6 f3g3 d6e6 a1a7 e5e4 g2e4 e6d6 d2c4 d6d7 g3g2 d7e6 e4f5 e6f5 g2g3 b7a6 a7a8 a6c4 a8a5 c4d5 g3f2 f5e6 a5a4 d5b3 a4a6 e6d6 c2b3 f6f5 a6a8 c6c5 a8a6 d6c7 f2f3 f5f4 f3f4 c7b7 a6h6 b7c7 f4g5 c7d7 g5f5 d7e7 h6h7 e7d8 f5e5 d8c8 e5d6 c8b8 h7h5 b8a7 d6c5 a7b7 h5h1 b7c8 h1h3 c8d7 c5b5 d7d6 h3h4 d6e7 h4h1 e7e6 b5b6 e6f5 h1h5 f5g4 h5h6 g4f3 h6f6 f3e3 f6d6 e3d2 d3d4 d2d3 d6f6 d3d4 b6c6 d4e4 f6d6 e4e5 d6d1 e5f6 d1d4 f6e5 d4d1 e5e4 d1d6 e4e3 d6d1 e3e2 d1d4 e2f2 d4b4 f2e3 b4c4 e3f3 b3b4 f3e2 c4c2 e2d3 b4b5 d3c2 c6d5 c2d3 b5b6 d3e2 d5d4 e2f3 d4c4 f3f4 c4b5 f4f5 b5c5 f5g6 c5b4 g6f6 b4a5 f6f5 b6b7 f5e4 a5b6 e4e3 b6c5 e3e4 c5c4 e4f4 c4c5 f4g3 c5c4 g3f4 c4d4 f4f5 d4c5 f5e4 c5b5 e4e3 b5a5 e3f3 a5a4 f3g3 a4a5 g3f3 a5a4 f3g3 a4b3 g3f4 b3c4 f4f5 c4b3 f5e6 b3c3 e6f5 c3d3 f5f4 d3c4 f4e4 c4b5 e4e3 b5b6 e3d3 b6c7 d3e2 c7b6 e2e3 b6c6 e3f3
Warning; Bestmove does not match beginning of last PV - move d7d6 from B
Info; info depth 43 seldepth 18 multipv 1 score mate 9 nodes 846769 nps 2822563 hashfull 58 tbhits 0 time 300 pv b7b8q f4g4 d7c6 g4f3 c6d5 f3e3 b8g3 e3d2 d5c4 d2e2 g3f4 e2d1 f4f2 d1c1 c4c3 c1b1 f2b2
Position; fen rnbqkbnr/pppp1pp1/4p2p/8/P7/1P6/2PPPPPP/RNBQKBNR w KQkq - 0 3
Moves; c1b2 c7c6 g2g3 b8a6 e2e3 a6c7 g1f3 g7g6 b2h8 c7b5 a4b5 a7a5 b5c6 d7c6 d1e2 b7b5 h8d4 g8f6 b1a3 f8a3 f1g2 b5b4 a1a3 b4a3 e1g1 a3a2 d2d3 f6g4 e2d2 g6g5 d4c3 a8b8 c3b2 e8f8 f1a1 b8b6 d2c3 g4h2 c3g7 f8e8 g7g8 e8e7 b2a3 b6b4 a3b4 a5b4 g8d8 e7d8 g1h2 f7f6 h2g1 g5g4 f3d2 d8c7 a1a2 c8b7 a2a1 h6h5 g1h1 h5h4 d2e4 e6e5 e4d2 h4g3 h1g1 g3f2 g1f2 g4g3 f2f3 c7d6 f3g3 d6e6 a1a7 e5e4 g2e4 e6d6 d2c4 d6d7 g3g2 d7e6 e4f5 e6f5 g2g3 b7a6 a7a8 a6c4 a8a5 c4d5 g3f2 f5e6 a5a4 d5b3 a4a6 e6d6 c2b3 f6f5 a6a8 c6c5 a8a6 d6c7 f2f3 f5f4 f3f4 c7b7 a6h6 b7c7 f4g5 c7d7 g5f5 d7e7 h6h7 e7d8 f5e5 d8c8 e5d6 c8b8 h7h5 b8a7 d6c5 a7b7 h5h1 b7c8 h1h3 c8d7 c5b5 d7d6 h3h4 d6e7 h4h1 e7e6 b5b6 e6f5 h1h5 f5g4 h5h6 g4f3 h6f6 f3e3 f6d6 e3d2 d3d4 d2d3 d6f6 d3d4 b6c6 d4e4 f6d6 e4e5 d6d1 e5f6 d1d4 f6e5 d4d1 e5e4 d1d6 e4e3 d6d1 e3e2 d1d4 e2f2 d4b4 f2e3 b4c4 e3f3 b3b4 f3e2 c4c2 e2d3 b4b5 d3c2 c6d5 c2d3 b5b6 d3e2 d5d4 e2f3 d4c4 f3f4 c4b5 f4f5 b5c5 f5g6 c5b4 g6f6 b4a5 f6f5 b6b7 f5e4 a5b6 e4e3 b6c5 e3e4 c5c4 e4f4 c4c5 f4g3 c5c4 g3f4 c4d4 f4f5 d4c5 f5e4 c5b5 e4e3 b5a5 e3f3 a5a4 f3g3 a4a5 g3f3 a5a4 f3g3 a4b3 g3f4 b3c4 f4f5 c4b3 f5e6 b3c3 e6f5 c3d3 f5f4 d3c4 f4e4 c4b5 e4e3 b5b6 e3d3 b6c7 d3e2 c7b6 e2e3 b6c6 e3f3 c6d7 f3f4
Warning; Bestmove does not match beginning of last PV - move d6c6 from B
Info; info depth 43 seldepth 16 multipv 1 score mate 8 nodes 820826 nps 2736086 hashfull 55 tbhits 0 time 300 pv b7b8q g4f4 d6d5 f4f3 b8e5 f3f2 d5e4 f2g2 e5b8 g2f2 b8h2 f2e1 e4e3 e1d1 h2d2
Position; fen rnbqkbnr/pppp1pp1/4p2p/8/P7/1P6/2PPPPPP/RNBQKBNR w KQkq - 0 3
Moves; c1b2 c7c6 g2g3 b8a6 e2e3 a6c7 g1f3 g7g6 b2h8 c7b5 a4b5 a7a5 b5c6 d7c6 d1e2 b7b5 h8d4 g8f6 b1a3 f8a3 f1g2 b5b4 a1a3 b4a3 e1g1 a3a2 d2d3 f6g4 e2d2 g6g5 d4c3 a8b8 c3b2 e8f8 f1a1 b8b6 d2c3 g4h2 c3g7 f8e8 g7g8 e8e7 b2a3 b6b4 a3b4 a5b4 g8d8 e7d8 g1h2 f7f6 h2g1 g5g4 f3d2 d8c7 a1a2 c8b7 a2a1 h6h5 g1h1 h5h4 d2e4 e6e5 e4d2 h4g3 h1g1 g3f2 g1f2 g4g3 f2f3 c7d6 f3g3 d6e6 a1a7 e5e4 g2e4 e6d6 d2c4 d6d7 g3g2 d7e6 e4f5 e6f5 g2g3 b7a6 a7a8 a6c4 a8a5 c4d5 g3f2 f5e6 a5a4 d5b3 a4a6 e6d6 c2b3 f6f5 a6a8 c6c5 a8a6 d6c7 f2f3 f5f4 f3f4 c7b7 a6h6 b7c7 f4g5 c7d7 g5f5 d7e7 h6h7 e7d8 f5e5 d8c8 e5d6 c8b8 h7h5 b8a7 d6c5 a7b7 h5h1 b7c8 h1h3 c8d7 c5b5 d7d6 h3h4 d6e7 h4h1 e7e6 b5b6 e6f5 h1h5 f5g4 h5h6 g4f3 h6f6 f3e3 f6d6 e3d2 d3d4 d2d3 d6f6 d3d4 b6c6 d4e4 f6d6 e4e5 d6d1 e5f6 d1d4 f6e5 d4d1 e5e4 d1d6 e4e3 d6d1 e3e2 d1d4 e2f2 d4b4 f2e3 b4c4 e3f3 b3b4 f3e2 c4c2 e2d3 b4b5 d3c2 c6d5 c2d3 b5b6 d3e2 d5d4 e2f3 d4c4 f3f4 c4b5 f4f5 b5c5 f5g6 c5b4 g6f6 b4a5 f6f5 b6b7 f5e4 a5b6 e4e3 b6c5 e3e4 c5c4 e4f4 c4c5 f4g3 c5c4 g3f4 c4d4 f4f5 d4c5 f5e4 c5b5 e4e3 b5a5 e3f3 a5a4 f3g3 a4a5 g3f3 a5a4 f3g3 a4b3 g3f4 b3c4 f4f5 c4b3 f5e6 b3c3 e6f5 c3d3 f5f4 d3c4 f4e4 c4b5 e4e3 b5b6 e3d3 b6c7 d3e2 c7b6 e2e3 b6c6 e3f3 c6d7 f3f4 d7d6 f4g4
Warning; Bestmove does not match beginning of last PV - move c6d5 from B
Info; info depth 46 seldepth 16 multipv 1 score mate 8 nodes 795209 nps 2650696 hashfull 57 tbhits 0 time 300 pv b7b8q g3f3 c6d5 f3e3 b8g3 e3d2 d5d4 d2c2 d4c4 c2b2 g3h2 b2a3 h2g2 a3a4 g2a2
Position; fen rnbqkbnr/pppp1pp1/4p2p/8/P7/1P6/2PPPPPP/RNBQKBNR w KQkq - 0 3
Moves; c1b2 c7c6 g2g3 b8a6 e2e3 a6c7 g1f3 g7g6 b2h8 c7b5 a4b5 a7a5 b5c6 d7c6 d1e2 b7b5 h8d4 g8f6 b1a3 f8a3 f1g2 b5b4 a1a3 b4a3 e1g1 a3a2 d2d3 f6g4 e2d2 g6g5 d4c3 a8b8 c3b2 e8f8 f1a1 b8b6 d2c3 g4h2 c3g7 f8e8 g7g8 e8e7 b2a3 b6b4 a3b4 a5b4 g8d8 e7d8 g1h2 f7f6 h2g1 g5g4 f3d2 d8c7 a1a2 c8b7 a2a1 h6h5 g1h1 h5h4 d2e4 e6e5 e4d2 h4g3 h1g1 g3f2 g1f2 g4g3 f2f3 c7d6 f3g3 d6e6 a1a7 e5e4 g2e4 e6d6 d2c4 d6d7 g3g2 d7e6 e4f5 e6f5 g2g3 b7a6 a7a8 a6c4 a8a5 c4d5 g3f2 f5e6 a5a4 d5b3 a4a6 e6d6 c2b3 f6f5 a6a8 c6c5 a8a6 d6c7 f2f3 f5f4 f3f4 c7b7 a6h6 b7c7 f4g5 c7d7 g5f5 d7e7 h6h7 e7d8 f5e5 d8c8 e5d6 c8b8 h7h5 b8a7 d6c5 a7b7 h5h1 b7c8 h1h3 c8d7 c5b5 d7d6 h3h4 d6e7 h4h1 e7e6 b5b6 e6f5 h1h5 f5g4 h5h6 g4f3 h6f6 f3e3 f6d6 e3d2 d3d4 d2d3 d6f6 d3d4 b6c6 d4e4 f6d6 e4e5 d6d1 e5f6 d1d4 f6e5 d4d1 e5e4 d1d6 e4e3 d6d1 e3e2 d1d4 e2f2 d4b4 f2e3 b4c4 e3f3 b3b4 f3e2 c4c2 e2d3 b4b5 d3c2 c6d5 c2d3 b5b6 d3e2 d5d4 e2f3 d4c4 f3f4 c4b5 f4f5 b5c5 f5g6 c5b4 g6f6 b4a5 f6f5 b6b7 f5e4 a5b6 e4e3 b6c5 e3e4 c5c4 e4f4 c4c5 f4g3 c5c4 g3f4 c4d4 f4f5 d4c5 f5e4 c5b5 e4e3 b5a5 e3f3 a5a4 f3g3 a4a5 g3f3 a5a4 f3g3 a4b3 g3f4 b3c4 f4f5 c4b3 f5e6 b3c3 e6f5 c3d3 f5f4 d3c4 f4e4 c4b5 e4e3 b5b6 e3d3 b6c7 d3e2 c7b6 e2e3 b6c6 e3f3 c6d7 f3f4 d7d6 f4g4 d6c6 g4g3
Warning; Bestmove does not match beginning of last PV - move d5c6 from B
Info; info depth 49 seldepth 14 multipv 1 score mate 7 nodes 892272 nps 2974240 hashfull 66 tbhits 0 time 300 pv b7b8q g4f3 b8e5 f3f2 d5e4 f2g2 e5b8 g2f2 b8h2 f2e1 e4e3 e1d1 h2d2
Position; fen rnbqkbnr/pppp1pp1/4p2p/8/P7/1P6/2PPPPPP/RNBQKBNR w KQkq - 0 3
Moves; c1b2 c7c6 g2g3 b8a6 e2e3 a6c7 g1f3 g7g6 b2h8 c7b5 a4b5 a7a5 b5c6 d7c6 d1e2 b7b5 h8d4 g8f6 b1a3 f8a3 f1g2 b5b4 a1a3 b4a3 e1g1 a3a2 d2d3 f6g4 e2d2 g6g5 d4c3 a8b8 c3b2 e8f8 f1a1 b8b6 d2c3 g4h2 c3g7 f8e8 g7g8 e8e7 b2a3 b6b4 a3b4 a5b4 g8d8 e7d8 g1h2 f7f6 h2g1 g5g4 f3d2 d8c7 a1a2 c8b7 a2a1 h6h5 g1h1 h5h4 d2e4 e6e5 e4d2 h4g3 h1g1 g3f2 g1f2 g4g3 f2f3 c7d6 f3g3 d6e6 a1a7 e5e4 g2e4 e6d6 d2c4 d6d7 g3g2 d7e6 e4f5 e6f5 g2g3 b7a6 a7a8 a6c4 a8a5 c4d5 g3f2 f5e6 a5a4 d5b3 a4a6 e6d6 c2b3 f6f5 a6a8 c6c5 a8a6 d6c7 f2f3 f5f4 f3f4 c7b7 a6h6 b7c7 f4g5 c7d7 g5f5 d7e7 h6h7 e7d8 f5e5 d8c8 e5d6 c8b8 h7h5 b8a7 d6c5 a7b7 h5h1 b7c8 h1h3 c8d7 c5b5 d7d6 h3h4 d6e7 h4h1 e7e6 b5b6 e6f5 h1h5 f5g4 h5h6 g4f3 h6f6 f3e3 f6d6 e3d2 d3d4 d2d3 d6f6 d3d4 b6c6 d4e4 f6d6 e4e5 d6d1 e5f6 d1d4 f6e5 d4d1 e5e4 d1d6 e4e3 d6d1 e3e2 d1d4 e2f2 d4b4 f2e3 b4c4 e3f3 b3b4 f3e2 c4c2 e2d3 b4b5 d3c2 c6d5 c2d3 b5b6 d3e2 d5d4 e2f3 d4c4 f3f4 c4b5 f4f5 b5c5 f5g6 c5b4 g6f6 b4a5 f6f5 b6b7 f5e4 a5b6 e4e3 b6c5 e3e4 c5c4 e4f4 c4c5 f4g3 c5c4 g3f4 c4d4 f4f5 d4c5 f5e4 c5b5 e4e3 b5a5 e3f3 a5a4 f3g3 a4a5 g3f3 a5a4 f3g3 a4b3 g3f4 b3c4 f4f5 c4b3 f5e6 b3c3 e6f5 c3d3 f5f4 d3c4 f4e4 c4b5 e4e3 b5b6 e3d3 b6c7 d3e2 c7b6 e2e3 b6c6 e3f3 c6d7 f3f4 d7d6 f4g4 d6c6 g4g3 c6d5 g3g4
Warning; Bestmove does not match beginning of last PV - move c6d7 from B
Info; info depth 43 seldepth 16 multipv 1 score mate 8 nodes 875130 nps 2917100 hashfull 51 tbhits 0 time 300 pv c6d5 f4f3 b7b8q f3e3 b8g3 e3d2 d5c4 d2e2 c4d4 e2d1 g3f2 d1c1 d4c3 c1d1 f2d2
Position; fen rnbqkbnr/pppp1pp1/4p2p/8/P7/1P6/2PPPPPP/RNBQKBNR w KQkq - 0 3
Moves; c1b2 c7c6 g2g3 b8a6 e2e3 a6c7 g1f3 g7g6 b2h8 c7b5 a4b5 a7a5 b5c6 d7c6 d1e2 b7b5 h8d4 g8f6 b1a3 f8a3 f1g2 b5b4 a1a3 b4a3 e1g1 a3a2 d2d3 f6g4 e2d2 g6g5 d4c3 a8b8 c3b2 e8f8 f1a1 b8b6 d2c3 g4h2 c3g7 f8e8 g7g8 e8e7 b2a3 b6b4 a3b4 a5b4 g8d8 e7d8 g1h2 f7f6 h2g1 g5g4 f3d2 d8c7 a1a2 c8b7 a2a1 h6h5 g1h1 h5h4 d2e4 e6e5 e4d2 h4g3 h1g1 g3f2 g1f2 g4g3 f2f3 c7d6 f3g3 d6e6 a1a7 e5e4 g2e4 e6d6 d2c4 d6d7 g3g2 d7e6 e4f5 e6f5 g2g3 b7a6 a7a8 a6c4 a8a5 c4d5 g3f2 f5e6 a5a4 d5b3 a4a6 e6d6 c2b3 f6f5 a6a8 c6c5 a8a6 d6c7 f2f3 f5f4 f3f4 c7b7 a6h6 b7c7 f4g5 c7d7 g5f5 d7e7 h6h7 e7d8 f5e5 d8c8 e5d6 c8b8 h7h5 b8a7 d6c5 a7b7 h5h1 b7c8 h1h3 c8d7 c5b5 d7d6 h3h4 d6e7 h4h1 e7e6 b5b6 e6f5 h1h5 f5g4 h5h6 g4f3 h6f6 f3e3 f6d6 e3d2 d3d4 d2d3 d6f6 d3d4 b6c6 d4e4 f6d6 e4e5 d6d1 e5f6 d1d4 f6e5 d4d1 e5e4 d1d6 e4e3 d6d1 e3e2 d1d4 e2f2 d4b4 f2e3 b4c4 e3f3 b3b4 f3e2 c4c2 e2d3 b4b5 d3c2 c6d5 c2d3 b5b6 d3e2 d5d4 e2f3 d4c4 f3f4 c4b5 f4f5 b5c5 f5g6 c5b4 g6f6 b4a5 f6f5 b6b7 f5e4 a5b6 e4e3 b6c5 e3e4 c5c4 e4f4 c4c5 f4g3 c5c4 g3f4 c4d4 f4f5 d4c5 f5e4 c5b5 e4e3 b5a5 e3f3 a5a4 f3g3 a4a5 g3f3 a5a4 f3g3 a4b3 g3f4 b3c4 f4f5 c4b3 f5e6 b3c3 e6f5 c3d3 f5f4 d3c4 f4e4 c4b5 e4e3 b5b6 e3d3 b6c7 d3e2 c7b6 e2e3 b6c6 e3f3 c6d7 f3f4 d7d6 f4g4 d6c6 g4g3 c6d5 g3g4 d5c6 g4f4
Warning; Bestmove does not match beginning of last PV - move d7c7 from B
Info; info depth 47 seldepth 18 multipv 1 score mate 9 nodes 838541 nps 2795136 hashfull 70 tbhits 0 time 300 pv b7b8q g5g4 d7c6 g4f3 c6d5 f3e3 b8g3 e3d2 d5d4 d2c2 d4c4 c2b2 g3h2 b2a3 h2g2 a3a4 g2a2
Position; fen rnbqkbnr/pppp1pp1/4p2p/8/P7/1P6/2PPPPPP/RNBQKBNR w KQkq - 0 3
Moves; c1b2 c7c6 g2g3 b8a6 e2e3 a6c7 g1f3 g7g6 b2h8 c7b5 a4b5 a7a5 b5c6 d7c6 d1e2 b7b5 h8d4 g8f6 b1a3 f8a3 f1g2 b5b4 a1a3 b4a3 e1g1 a3a2 d2d3 f6g4 e2d2 g6g5 d4c3 a8b8 c3b2 e8f8 f1a1 b8b6 d2c3 g4h2 c3g7 f8e8 g7g8 e8e7 b2a3 b6b4 a3b4 a5b4 g8d8 e7d8 g1h2 f7f6 h2g1 g5g4 f3d2 d8c7 a1a2 c8b7 a2a1 h6h5 g1h1 h5h4 d2e4 e6e5 e4d2 h4g3 h1g1 g3f2 g1f2 g4g3 f2f3 c7d6 f3g3 d6e6 a1a7 e5e4 g2e4 e6d6 d2c4 d6d7 g3g2 d7e6 e4f5 e6f5 g2g3 b7a6 a7a8 a6c4 a8a5 c4d5 g3f2 f5e6 a5a4 d5b3 a4a6 e6d6 c2b3 f6f5 a6a8 c6c5 a8a6 d6c7 f2f3 f5f4 f3f4 c7b7 a6h6 b7c7 f4g5 c7d7 g5f5 d7e7 h6h7 e7d8 f5e5 d8c8 e5d6 c8b8 h7h5 b8a7 d6c5 a7b7 h5h1 b7c8 h1h3 c8d7 c5b5 d7d6 h3h4 d6e7 h4h1 e7e6 b5b6 e6f5 h1h5 f5g4 h5h6 g4f3 h6f6 f3e3 f6d6 e3d2 d3d4 d2d3 d6f6 d3d4 b6c6 d4e4 f6d6 e4e5 d6d1 e5f6 d1d4 f6e5 d4d1 e5e4 d1d6 e4e3 d6d1 e3e2 d1d4 e2f2 d4b4 f2e3 b4c4 e3f3 b3b4 f3e2 c4c2 e2d3 b4b5 d3c2 c6d5 c2d3 b5b6 d3e2 d5d4 e2f3 d4c4 f3f4 c4b5 f4f5 b5c5 f5g6 c5b4 g6f6 b4a5 f6f5 b6b7 f5e4 a5b6 e4e3 b6c5 e3e4 c5c4 e4f4 c4c5 f4g3 c5c4 g3f4 c4d4 f4f5 d4c5 f5e4 c5b5 e4e3 b5a5 e3f3 a5a4 f3g3 a4a5 g3f3 a5a4 f3g3 a4b3 g3f4 b3c4 f4f5 c4b3 f5e6 b3c3 e6f5 c3d3 f5f4 d3c4 f4e4 c4b5 e4e3 b5b6 e3d3 b6c7 d3e2 c7b6 e2e3 b6c6 e3f3 c6d7 f3f4 d7d6 f4g4 d6c6 g4g3 c6d5 g3g4 d5c6 g4f4 c6d7 f4g5
Warning; Bestmove does not match beginning of last PV - move d6d7 from B
Info; info depth 53 seldepth 12 multipv 1 score mate 6 nodes 906649 nps 3022163 hashfull 61 tbhits 0 time 300 pv d6e5 f7e7 b7b8q e7f7 e5f5 f7g7 b8c7 g7g8 f5f6 g8h8 c7g7
Position; fen rnbqkbnr/pppp1pp1/4p2p/8/P7/1P6/2PPPPPP/RNBQKBNR w KQkq - 0 3
Moves; c1b2 c7c6 g2g3 b8a6 e2e3 a6c7 g1f3 g7g6 b2h8 c7b5 a4b5 a7a5 b5c6 d7c6 d1e2 b7b5 h8d4 g8f6 b1a3 f8a3 f1g2 b5b4 a1a3 b4a3 e1g1 a3a2 d2d3 f6g4 e2d2 g6g5 d4c3 a8b8 c3b2 e8f8 f1a1 b8b6 d2c3 g4h2 c3g7 f8e8 g7g8 e8e7 b2a3 b6b4 a3b4 a5b4 g8d8 e7d8 g1h2 f7f6 h2g1 g5g4 f3d2 d8c7 a1a2 c8b7 a2a1 h6h5 g1h1 h5h4 d2e4 e6e5 e4d2 h4g3 h1g1 g3f2 g1f2 g4g3 f2f3 c7d6 f3g3 d6e6 a1a7 e5e4 g2e4 e6d6 d2c4 d6d7 g3g2 d7e6 e4f5 e6f5 g2g3 b7a6 a7a8 a6c4 a8a5 c4d5 g3f2 f5e6 a5a4 d5b3 a4a6 e6d6 c2b3 f6f5 a6a8 c6c5 a8a6 d6c7 f2f3 f5f4 f3f4 c7b7 a6h6 b7c7 f4g5 c7d7 g5f5 d7e7 h6h7 e7d8 f5e5 d8c8 e5d6 c8b8 h7h5 b8a7 d6c5 a7b7 h5h1 b7c8 h1h3 c8d7 c5b5 d7d6 h3h4 d6e7 h4h1 e7e6 b5b6 e6f5 h1h5 f5g4 h5h6 g4f3 h6f6 f3e3 f6d6 e3d2 d3d4 d2d3 d6f6 d3d4 b6c6 d4e4 f6d6 e4e5 d6d1 e5f6 d1d4 f6e5 d4d1 e5e4 d1d6 e4e3 d6d1 e3e2 d1d4 e2f2 d4b4 f2e3 b4c4 e3f3 b3b4 f3e2 c4c2 e2d3 b4b5 d3c2 c6d5 c2d3 b5b6 d3e2 d5d4 e2f3 d4c4 f3f4 c4b5 f4f5 b5c5 f5g6 c5b4 g6f6 b4a5 f6f5 b6b7 f5e4 a5b6 e4e3 b6c5 e3e4 c5c4 e4f4 c4c5 f4g3 c5c4 g3f4 c4d4 f4f5 d4c5 f5e4 c5b5 e4e3 b5a5 e3f3 a5a4 f3g3 a4a5 g3f3 a5a4 f3g3 a4b3 g3f4 b3c4 f4f5 c4b3 f5e6 b3c3 e6f5 c3d3 f5f4 d3c4 f4e4 c4b5 e4e3 b5b6 e3d3 b6c7 d3e2 c7b6 e2e3 b6c6 e3f3 c6d7 f3f4 d7d6 f4g4 d6c6 g4g3 c6d5 g3g4 d5c6 g4f4 c6d7 f4g5 d7c7 g5f6 c7d6 f6f7
Warning; Bestmove does not match beginning of last PV - move d7c6 from B
Info; info depth 47 seldepth 16 multipv 1 score mate 8 nodes 905779 nps 3019263 hashfull 49 tbhits 0 time 300 pv b7b8q g6g5 b8b4 g5f5 d7d6 f5g6 b4f4 g6g7 d6e6 g7g6 f4g3 g6h6 e6f6 h6h7 g3g7
Position; fen rnbqkbnr/pppp1pp1/4p2p/8/P7/1P6/2PPPPPP/RNBQKBNR w KQkq - 0 3
Moves; c1b2 c7c6 g2g3 b8a6 e2e3 a6c7 g1f3 g7g6 b2h8 c7b5 a4b5 a7a5 b5c6 d7c6 d1e2 b7b5 h8d4 g8f6 b1a3 f8a3 f1g2 b5b4 a1a3 b4a3 e1g1 a3a2 d2d3 f6g4 e2d2 g6g5 d4c3 a8b8 c3b2 e8f8 f1a1 b8b6 d2c3 g4h2 c3g7 f8e8 g7g8 e8e7 b2a3 b6b4 a3b4 a5b4 g8d8 e7d8 g1h2 f7f6 h2g1 g5g4 f3d2 d8c7 a1a2 c8b7 a2a1 h6h5 g1h1 h5h4 d2e4 e6e5 e4d2 h4g3 h1g1 g3f2 g1f2 g4g3 f2f3 c7d6 f3g3 d6e6 a1a7 e5e4 g2e4 e6d6 d2c4 d6d7 g3g2 d7e6 e4f5 e6f5 g2g3 b7a6 a7a8 a6c4 a8a5 c4d5 g3f2 f5e6 a5a4 d5b3 a4a6 e6d6 c2b3 f6f5 a6a8 c6c5 a8a6 d6c7 f2f3 f5f4 f3f4 c7b7 a6h6 b7c7 f4g5 c7d7 g5f5 d7e7 h6h7 e7d8 f5e5 d8c8 e5d6 c8b8 h7h5 b8a7 d6c5 a7b7 h5h1 b7c8 h1h3 c8d7 c5b5 d7d6 h3h4 d6e7 h4h1 e7e6 b5b6 e6f5 h1h5 f5g4 h5h6 g4f3 h6f6 f3e3 f6d6 e3d2 d3d4 d2d3 d6f6 d3d4 b6c6 d4e4 f6d6 e4e5 d6d1 e5f6 d1d4 f6e5 d4d1 e5e4 d1d6 e4e3 d6d1 e3e2 d1d4 e2f2 d4b4 f2e3 b4c4 e3f3 b3b4 f3e2 c4c2 e2d3 b4b5 d3c2 c6d5 c2d3 b5b6 d3e2 d5d4 e2f3 d4c4 f3f4 c4b5 f4f5 b5c5 f5g6 c5b4 g6f6 b4a5 f6f5 b6b7 f5e4 a5b6 e4e3 b6c5 e3e4 c5c4 e4f4 c4c5 f4g3 c5c4 g3f4 c4d4 f4f5 d4c5 f5e4 c5b5 e4e3 b5a5 e3f3 a5a4 f3g3 a4a5 g3f3 a5a4 f3g3 a4b3 g3f4 b3c4 f4f5 c4b3 f5e6 b3c3 e6f5 c3d3 f5f4 d3c4 f4e4 c4b5 e4e3 b5b6 e3d3 b6c7 d3e2 c7b6 e2e3 b6c6 e3f3 c6d7 f3f4 d7d6 f4g4 d6c6 g4g3 c6d5 g3g4 d5c6 g4f4 c6d7 f4g5 d7c7 g5f6 c7d6 f6f7 d6d7 f7g6
Warning; Bestmove does not match beginning of last PV - move c6d7 from B
Info; info depth 50 seldepth 16 multipv 1 score mate 8 nodes 885587 nps 2951956 hashfull 54 tbhits 0 time 300 pv b7b8q g5g4 c6d5 g4f3 b8e5 f3f2 d5e4 f2g2 e5b8 g2f2 b8h2 f2e1 e4e3 e1d1 h2d2
Position; fen rnbqkbnr/pppp1pp1/4p2p/8/P7/1P6/2PPPPPP/RNBQKBNR w KQkq - 0 3
Moves; c1b2 c7c6 g2g3 b8a6 e2e3 a6c7 g1f3 g7g6 b2h8 c7b5 a4b5 a7a5 b5c6 d7c6 d1e2 b7b5 h8d4 g8f6 b1a3 f8a3 f1g2 b5b4 a1a3 b4a3 e1g1 a3a2 d2d3 f6g4 e2d2 g6g5 d4c3 a8b8 c3b2 e8f8 f1a1 b8b6 d2c3 g4h2 c3g7 f8e8 g7g8 e8e7 b2a3 b6b4 a3b4 a5b4 g8d8 e7d8 g1h2 f7f6 h2g1 g5g4 f3d2 d8c7 a1a2 c8b7 a2a1 h6h5 g1h1 h5h4 d2e4 e6e5 e4d2 h4g3 h1g1 g3f2 g1f2 g4g3 f2f3 c7d6 f3g3 d6e6 a1a7 e5e4 g2e4 e6d6 d2c4 d6d7 g3g2 d7e6 e4f5 e6f5 g2g3 b7a6 a7a8 a6c4 a8a5 c4d5 g3f2 f5e6 a5a4 d5b3 a4a6 e6d6 c2b3 f6f5 a6a8 c6c5 a8a6 d6c7 f2f3 f5f4 f3f4 c7b7 a6h6 b7c7 f4g5 c7d7 g5f5 d7e7 h6h7 e7d8 f5e5 d8c8 e5d6 c8b8 h7h5 b8a7 d6c5 a7b7 h5h1 b7c8 h1h3 c8d7 c5b5 d7d6 h3h4 d6e7 h4h1 e7e6 b5b6 e6f5 h1h5 f5g4 h5h6 g4f3 h6f6 f3e3 f6d6 e3d2 d3d4 d2d3 d6f6 d3d4 b6c6 d4e4 f6d6 e4e5 d6d1 e5f6 d1d4 f6e5 d4d1 e5e4 d1d6 e4e3 d6d1 e3e2 d1d4 e2f2 d4b4 f2e3 b4c4 e3f3 b3b4 f3e2 c4c2 e2d3 b4b5 d3c2 c6d5 c2d3 b5b6 d3e2 d5d4 e2f3 d4c4 f3f4 c4b5 f4f5 b5c5 f5g6 c5b4 g6f6 b4a5 f6f5 b6b7 f5e4 a5b6 e4e3 b6c5 e3e4 c5c4 e4f4 c4c5 f4g3 c5c4 g3f4 c4d4 f4f5 d4c5 f5e4 c5b5 e4e3 b5a5 e3f3 a5a4 f3g3 a4a5 g3f3 a5a4 f3g3 a4b3 g3f4 b3c4 f4f5 c4b3 f5e6 b3c3 e6f5 c3d3 f5f4 d3c4 f4e4 c4b5 e4e3 b5b6 e3d3 b6c7 d3e2 c7b6 e2e3 b6c6 e3f3 c6d7 f3f4 d7d6 f4g4 d6c6 g4g3 c6d5 g3g4 d5c6 g4f4 c6d7 f4g5 d7c7 g5f6 c7d6 f6f7 d6d7 f7g6 d7c6 g6g5
Warning; Bestmove does not match beginning of last PV - move d7e6 from B
Info; info depth 44 seldepth 18 multipv 1 score mate 9 nodes 892508 nps 2975026 hashfull 58 tbhits 0 time 300 pv b7b8q f4e3 d7c6 e3d4 b8f4 d4d3 c6c5 d3c3 f4e3 c3c2 c5c4 c2b2 e3f2 b2c1 c4c3 c1b1 f2b2
Position; fen rnbqkbnr/pppp1pp1/4p2p/8/P7/1P6/2PPPPPP/RNBQKBNR w KQkq - 0 3
Moves; c1b2 c7c6 g2g3 b8a6 e2e3 a6c7 g1f3 g7g6 b2h8 c7b5 a4b5 a7a5 b5c6 d7c6 d1e2 b7b5 h8d4 g8f6 b1a3 f8a3 f1g2 b5b4 a1a3 b4a3 e1g1 a3a2 d2d3 f6g4 e2d2 g6g5 d4c3 a8b8 c3b2 e8f8 f1a1 b8b6 d2c3 g4h2 c3g7 f8e8 g7g8 e8e7 b2a3 b6b4 a3b4 a5b4 g8d8 e7d8 g1h2 f7f6 h2g1 g5g4 f3d2 d8c7 a1a2 c8b7 a2a1 h6h5 g1h1 h5h4 d2e4 e6e5 e4d2 h4g3 h1g1 g3f2 g1f2 g4g3 f2f3 c7d6 f3g3 d6e6 a1a7 e5e4 g2e4 e6d6 d2c4 d6d7 g3g2 d7e6 e4f5 e6f5 g2g3 b7a6 a7a8 a6c4 a8a5 c4d5 g3f2 f5e6 a5a4 d5b3 a4a6 e6d6 c2b3 f6f5 a6a8 c6c5 a8a6 d6c7 f2f3 f5f4 f3f4 c7b7 a6h6 b7c7 f4g5 c7d7 g5f5 d7e7 h6h7 e7d8 f5e5 d8c8 e5d6 c8b8 h7h5 b8a7 d6c5 a7b7 h5h1 b7c8 h1h3 c8d7 c5b5 d7d6 h3h4 d6e7 h4h1 e7e6 b5b6 e6f5 h1h5 f5g4 h5h6 g4f3 h6f6 f3e3 f6d6 e3d2 d3d4 d2d3 d6f6 d3d4 b6c6 d4e4 f6d6 e4e5 d6d1 e5f6 d1d4 f6e5 d4d1 e5e4 d1d6 e4e3 d6d1 e3e2 d1d4 e2f2 d4b4 f2e3 b4c4 e3f3 b3b4 f3e2 c4c2 e2d3 b4b5 d3c2 c6d5 c2d3 b5b6 d3e2 d5d4 e2f3 d4c4 f3f4 c4b5 f4f5 b5c5 f5g6 c5b4 g6f6 b4a5 f6f5 b6b7 f5e4 a5b6 e4e3 b6c5 e3e4 c5c4 e4f4 c4c5 f4g3 c5c4 g3f4 c4d4 f4f5 d4c5 f5e4 c5b5 e4e3 b5a5 e3f3 a5a4 f3g3 a4a5 g3f3 a5a4 f3g3 a4b3 g3f4 b3c4 f4f5 c4b3 f5e6 b3c3 e6f5 c3d3 f5f4 d3c4 f4e4 c4b5 e4e3 b5b6 e3d3 b6c7 d3e2 c7b6 e2e3 b6c6 e3f3 c6d7 f3f4 d7d6 f4g4 d6c6 g4g3 c6d5 g3g4 d5c6 g4f4 c6d7 f4g5 d7c7 g5f6 c7d6 f6f7 d6d7 f7g6 d7c6 g6g5 c6d7 g5f4
Warning; Bestmove does not match beginning of last PV - move e6f6 from B
Info; info depth 39 seldepth 16 multipv 1 score mate 8 nodes 858259 nps 2860863 hashfull 69 tbhits 0 time 300 pv e6d5 e3f4 b7b8q f4e3 b8g3 e3d2 d5d4 d2c2 g3b8 c2d1 b8b2 d1e1 d4e3 e1d1 b2b1
Position; fen rnbqkbnr/pppp1pp1/4p2p/8/P7/1P6/2PPPPPP/RNBQKBNR w KQkq - 0 3
Moves; c1b2 c7c6 g2g3 b8a6 e2e3 a6c7 g1f3 g7g6 b2h8 c7b5 a4b5 a7a5 b5c6 d7c6 d1e2 b7b5 h8d4 g8f6 b1a3 f8a3 f1g2 b5b4 a1a3 b4a3 e1g1 a3a2 d2d3 f6g4 e2d2 g6g5 d4c3 a8b8 c3b2 e8f8 f1a1 b8b6 d2c3 g4h2 c3g7 f8e8 g7g8 e8e7 b2a3 b6b4 a3b4 a5b4 g8d8 e7d8 g1h2 f7f6 h2g1 g5g4 f3d2 d8c7 a1a2 c8b7 a2a1 h6h5 g1h1 h5h4 d2e4 e6e5 e4d2 h4g3 h1g1 g3f2 g1f2 g4g3 f2f3 c7d6 f3g3 d6e6 a1a7 e5e4 g2e4 e6d6 d2c4 d6d7 g3g2 d7e6 e4f5 e6f5 g2g3 b7a6 a7a8 a6c4 a8a5 c4d5 g3f2 f5e6 a5a4 d5b3 a4a6 e6d6 c2b3 f6f5 a6a8 c6c5 a8a6 d6c7 f2f3 f5f4 f3f4 c7b7 a6h6 b7c7 f4g5 c7d7 g5f5 d7e7 h6h7 e7d8 f5e5 d8c8 e5d6 c8b8 h7h5 b8a7 d6c5 a7b7 h5h1 b7c8 h1h3 c8d7 c5b5 d7d6 h3h4 d6e7 h4h1 e7e6 b5b6 e6f5 h1h5 f5g4 h5h6 g4f3 h6f6 f3e3 f6d6 e3d2 d3d4 d2d3 d6f6 d3d4 b6c6 d4e4 f6d6 e4e5 d6d1 e5f6 d1d4 f6e5 d4d1 e5e4 d1d6 e4e3 d6d1 e3e2 d1d4 e2f2 d4b4 f2e3 b4c4 e3f3 b3b4 f3e2 c4c2 e2d3 b4b5 d3c2 c6d5 c2d3 b5b6 d3e2 d5d4 e2f3 d4c4 f3f4 c4b5 f4f5 b5c5 f5g6 c5b4 g6f6 b4a5 f6f5 b6b7 f5e4 a5b6 e4e3 b6c5 e3e4 c5c4 e4f4 c4c5 f4g3 c5c4 g3f4 c4d4 f4f5 d4c5 f5e4 c5b5 e4e3 b5a5 e3f3 a5a4 f3g3 a4a5 g3f3 a5a4 f3g3 a4b3 g3f4 b3c4 f4f5 c4b3 f5e6 b3c3 e6f5 c3d3 f5f4 d3c4 f4e4 c4b5 e4e3 b5b6 e3d3 b6c7 d3e2 c7b6 e2e3 b6c6 e3f3 c6d7 f3f4 d7d6 f4g4 d6c6 g4g3 c6d5 g3g4 d5c6 g4f4 c6d7 f4g5 d7c7 g5f6 c7d6 f6f7 d6d7 f7g6 d7c6 g6g5 c6d7 g5f4 d7e6 f4e3
Warning; Bestmove does not match beginning of last PV - move f6g5 from B
Info; info depth 39 seldepth 18 multipv 1 score mate 9 nodes 852774 nps 2842580 hashfull 69 tbhits 0 time 300 pv b7b8q d4d3 f6f5 d3c4 b8d6 c4c3 f5e4 c3c4 d6d4 c4b5 e4d5 b5a6 d4b2 a6a5 d5c5 a5a4 b2b4
Position; fen rnbqkbnr/pppp1pp1/4p2p/8/P7/1P6/2PPPPPP/RNBQKBNR w KQkq - 0 3
Moves; c1b2 c7c6 g2g3 b8a6 e2e3 a6c7 g1f3 g7g6 b2h8 c7b5 a4b5 a7a5 b5c6 d7c6 d1e2 b7b5 h8d4 g8f6 b1a3 f8a3 f1g2 b5b4 a1a3 b4a3 e1g1 a3a2 d2d3 f6g4 e2d2 g6g5 d4c3 a8b8 c3b2 e8f8 f1a1 b8b6 d2c3 g4h2 c3g7 f8e8 g7g8 e8e7 b2a3 b6b4 a3b4 a5b4 g8d8 e7d8 g1h2 f7f6 h2g1 g5g4 f3d2 d8c7 a1a2 c8b7 a2a1 h6h5 g1h1 h5h4 d2e4 e6e5 e4d2 h4g3 h1g1 g3f2 g1f2 g4g3 f2f3 c7d6 f3g3 d6e6 a1a7 e5e4 g2e4 e6d6 d2c4 d6d7 g3g2 d7e6 e4f5 e6f5 g2g3 b7a6 a7a8 a6c4 a8a5 c4d5 g3f2 f5e6 a5a4 d5b3 a4a6 e6d6 c2b3 f6f5 a6a8 c6c5 a8a6 d6c7 f2f3 f5f4 f3f4 c7b7 a6h6 b7c7 f4g5 c7d7 g5f5 d7e7 h6h7 e7d8 f5e5 d8c8 e5d6 c8b8 h7h5 b8a7 d6c5 a7b7 h5h1 b7c8 h1h3 c8d7 c5b5 d7d6 h3h4 d6e7 h4h1 e7e6 b5b6 e6f5 h1h5 f5g4 h5h6 g4f3 h6f6 f3e3 f6d6 e3d2 d3d4 d2d3 d6f6 d3d4 b6c6 d4e4 f6d6 e4e5 d6d1 e5f6 d1d4 f6e5 d4d1 e5e4 d1d6 e4e3 d6d1 e3e2 d1d4 e2f2 d4b4 f2e3 b4c4 e3f3 b3b4 f3e2 c4c2 e2d3 b4b5 d3c2 c6d5 c2d3 b5b6 d3e2 d5d4 e2f3 d4c4 f3f4 c4b5 f4f5 b5c5 f5g6 c5b4 g6f6 b4a5 f6f5 b6b7 f5e4 a5b6 e4e3 b6c5 e3e4 c5c4 e4f4 c4c5 f4g3 c5c4 g3f4 c4d4 f4f5 d4c5 f5e4 c5b5 e4e3 b5a5 e3f3 a5a4 f3g3 a4a5 g3f3 a5a4 f3g3 a4b3 g3f4 b3c4 f4f5 c4b3 f5e6 b3c3 e6f5 c3d3 f5f4 d3c4 f4e4 c4b5 e4e3 b5b6 e3d3 b6c7 d3e2 c7b6 e2e3 b6c6 e3f3 c6d7 f3f4 d7d6 f4g4 d6c6 g4g3 c6d5 g3g4 d5c6 g4f4 c6d7 f4g5 d7c7 g5f6 c7d6 f6f7 d6d7 f7g6 d7c6 g6g5 c6d7 g5f4 d7e6 f4e3 e6f6 e3d4
Warning; Bestmove does not match beginning of last PV - move g5f6 from B
Info; info depth 39 seldepth 18 multipv 1 score mate 9 nodes 814924 nps 2716413 hashfull 78 tbhits 0 time 300 pv b7b8q e4d4 g5f5 d4c4 b8d6 c4c3 f5e4 c3c4 d6d4 c4b5 e4d5 b5a6 d4b2 a6a5 d5c5 a5a4 b2b4
Position; fen rnbqkbnr/pppp1pp1/4p2p/8/P7/1P6/2PPPPPP/RNBQKBNR w KQkq - 0 3
Moves; c1b2 c7c6 g2g3 b8a6 e2e3 a6c7 g1f3 g7g6 b2h8 c7b5 a4b5 a7a5 b5c6 d7c6 d1e2 b7b5 h8d4 g8f6 b1a3 f8a3 f1g2 b5b4 a1a3 b4a3 e1g1 a3a2 d2d3 f6g4 e2d2 g6g5 d4c3 a8b8 c3b2 e8f8 f1a1 b8b6 d2c3 g4h2 c3g7 f8e8 g7g8 e8e7 b2a3 b6b4 a3b4 a5b4 g8d8 e7d8 g1h2 f7f6 h2g1 g5g4 f3d2 d8c7 a1a2 c8b7 a2a1 h6h5 g1h1 h5h4 d2e4 e6e5 e4d2 h4g3 h1g1 g3f2 g1f2 g4g3 f2f3 c7d6 f3g3 d6e6 a1a7 e5e4 g2e4 e6d6 d2c4 d6d7 g3g2 d7e6 e4f5 e6f5 g2g3 b7a6 a7a8 a6c4 a8a5 c4d5 g3f2 f5e6 a5a4 d5b3 a4a6 e6d6 c2b3 f6f5 a6a8 c6c5 a8a6 d6c7 f2f3 f5f4 f3f4 c7b7 a6h6 b7c7 f4g5 c7d7 g5f5 d7e7 h6h7 e7d8 f5e5 d8c8 e5d6 c8b8 h7h5 b8a7 d6c5 a7b7 h5h1 b7c8 h1h3 c8d7 c5b5 d7d6 h3h4 d6e7 h4h1 e7e6 b5b6 e6f5 h1h5 f5g4 h5h6 g4f3 h6f6 f3e3 f6d6 e3d2 d3d4 d2d3 d6f6 d3d4 b6c6 d4e4 f6d6 e4e5 d6d1 e5f6 d1d4 f6e5 d4d1 e5e4 d1d6 e4e3 d6d1 e3e2 d1d4 e2f2 d4b4 f2e3 b4c4 e3f3 b3b4 f3e2 c4c2 e2d3 b4b5 d3c2 c6d5 c2d3 b5b6 d3e2 d5d4 e2f3 d4c4 f3f4 c4b5 f4f5 b5c5 f5g6 c5b4 g6f6 b4a5 f6f5 b6b7 f5e4 a5b6 e4e3 b6c5 e3e4 c5c4 e4f4 c4c5 f4g3 c5c4 g3f4 c4d4 f4f5 d4c5 f5e4 c5b5 e4e3 b5a5 e3f3 a5a4 f3g3 a4a5 g3f3 a5a4 f3g3 a4b3 g3f4 b3c4 f4f5 c4b3 f5e6 b3c3 e6f5 c3d3 f5f4 d3c4 f4e4 c4b5 e4e3 b5b6 e3d3 b6c7 d3e2 c7b6 e2e3 b6c6 e3f3 c6d7 f3f4 d7d6 f4g4 d6c6 g4g3 c6d5 g3g4 d5c6 g4f4 c6d7 f4g5 d7c7 g5f6 c7d6 f6f7 d6d7 f7g6 d7c6 g6g5 c6d7 g5f4 d7e6 f4e3 e6f6 e3d4 f6g5 d4e4
Warning; Bestmove does not match beginning of last PV - move f6g5 from B
Info; info depth 39 seldepth 18 multipv 1 score mate 9 nodes 829770 nps 2765900 hashfull 80 tbhits 0 time 300 pv b7b8q d4c3 f6e5 c3c4 b8d6 c4c3 d6d4 c3b3 e5e4 b3c2 d4b4 c2d1 e4d3 d1c1 b4b8 c1d1 b8b1
Position; fen rnbqkbnr/pppp1pp1/4p2p/8/P7/1P6/2PPPPPP/RNBQKBNR w KQkq - 0 3
Moves; c1b2 c7c6 g2g3 b8a6 e2e3 a6c7 g1f3 g7g6 b2h8 c7b5 a4b5 a7a5 b5c6 d7c6 d1e2 b7b5 h8d4 g8f6 b1a3 f8a3 f1g2 b5b4 a1a3 b4a3 e1g1 a3a2 d2d3 f6g4 e2d2 g6g5 d4c3 a8b8 c3b2 e8f8 f1a1 b8b6 d2c3 g4h2 c3g7 f8e8 g7g8 e8e7 b2a3 b6b4 a3b4 a5b4 g8d8 e7d8 g1h2 f7f6 h2g1 g5g4 f3d2 d8c7 a1a2 c8b7 a2a1 h6h5 g1h1 h5h4 d2e4 e6e5 e4d2 h4g3 h1g1 g3f2 g1f2 g4g3 f2f3 c7d6 f3g3 d6e6 a1a7 e5e4 g2e4 e6d6 d2c4 d6d7 g3g2 d7e6 e4f5 e6f5 g2g3 b7a6 a7a8 a6c4 a8a5 c4d5 g3f2 f5e6 a5a4 d5b3 a4a6 e6d6 c2b3 f6f5 a6a8 c6c5 a8a6 d6c7 f2f3 f5f4 f3f4 c7b7 a6h6 b7c7 f4g5 c7d7 g5f5 d7e7 h6h7 e7d8 f5e5 d8c8 e5d6 c8b8 h7h5 b8a7 d6c5 a7b7 h5h1 b7c8 h1h3 c8d7 c5b5 d7d6 h3h4 d6e7 h4h1 e7e6 b5b6 e6f5 h1h5 f5g4 h5h6 g4f3 h6f6 f3e3 f6d6 e3d2 d3d4 d2d3 d6f6 d3d4 b6c6 d4e4 f6d6 e4e5 d6d1 e5f6 d1d4 f6e5 d4d1 e5e4 d1d6 e4e3 d6d1 e3e2 d1d4 e2f2 d4b4 f2e3 b4c4 e3f3 b3b4 f3e2 c4c2 e2d3 b4b5 d3c2 c6d5 c2d3 b5b6 d3e2 d5d4 e2f3 d4c4 f3f4 c4b5 f4f5 b5c5 f5g6 c5b4 g6f6 b4a5 f6f5 b6b7 f5e4 a5b6 e4e3 b6c5 e3e4 c5c4 e4f4 c4c5 f4g3 c5c4 g3f4 c4d4 f4f5 d4c5 f5e4 c5b5 e4e3 b5a5 e3f3 a5a4 f3g3 a4a5 g3f3 a5a4 f3g3 a4b3 g3f4 b3c4 f4f5 c4b3 f5e6 b3c3 e6f5 c3d3 f5f4 d3c4 f4e4 c4b5 e4e3 b5b6 e3d3 b6c7 d3e2 c7b6 e2e3 b6c6 e3f3 c6d7 f3f4 d7d6 f4g4 d6c6 g4g3 c6d5 g3g4 d5c6 g4f4 c6d7 f4g5 d7c7 g5f6 c7d6 f6f7 d6d7 f7g6 d7c6 g6g5 c6d7 g5f4 d7e6 f4e3 e6f6 e3d4 f6g5 d4e4 g5f6 e4d4
Warning; Bestmove does not match beginning of last PV - move g5g4 from B
Info; info depth 43 seldepth 18 multipv 1 score mate 9 nodes 813076 nps 2710253 hashfull 64 tbhits 0 time 300 pv b7b8q d5c5 b8f4 c5b6 g5f5 b6c5 f5e6 c5b6 e6d5 b6b7 d5d6 b7b6 f4b4 b6a6 d6c6 a6a7 b4b7
Position; fen rnbqkbnr/pppp1pp1/4p2p/8/P7/1P6/2PPPPPP/RNBQKBNR w KQkq - 0 3
Moves; c1b2 c7c6 g2g3 b8a6 e2e3 a6c7 g1f3 g7g6 b2h8 c7b5 a4b5 a7a5 b5c6 d7c6 d1e2 b7b5 h8d4 g8f6 b1a3 f8a3 f1g2 b5b4 a1a3 b4a3 e1g1 a3a2 d2d3 f6g4 e2d2 g6g5 d4c3 a8b8 c3b2 e8f8 f1a1 b8b6 d2c3 g4h2 c3g7 f8e8 g7g8 e8e7 b2a3 b6b4 a3b4 a5b4 g8d8 e7d8 g1h2 f7f6 h2g1 g5g4 f3d2 d8c7 a1a2 c8b7 a2a1 h6h5 g1h1 h5h4 d2e4 e6e5 e4d2 h4g3 h1g1 g3f2 g1f2 g4g3 f2f3 c7d6 f3g3 d6e6 a1a7 e5e4 g2e4 e6d6 d2c4 d6d7 g3g2 d7e6 e4f5 e6f5 g2g3 b7a6 a7a8 a6c4 a8a5 c4d5 g3f2 f5e6 a5a4 d5b3 a4a6 e6d6 c2b3 f6f5 a6a8 c6c5 a8a6 d6c7 f2f3 f5f4 f3f4 c7b7 a6h6 b7c7 f4g5 c7d7 g5f5 d7e7 h6h7 e7d8 f5e5 d8c8 e5d6 c8b8 h7h5 b8a7 d6c5 a7b7 h5h1 b7c8 h1h3 c8d7 c5b5 d7d6 h3h4 d6e7 h4h1 e7e6 b5b6 e6f5 h1h5 f5g4 h5h6 g4f3 h6f6 f3e3 f6d6 e3d2 d3d4 d2d3 d6f6 d3d4 b6c6 d4e4 f6d6 e4e5 d6d1 e5f6 d1d4 f6e5 d4d1 e5e4 d1d6 e4e3 d6d1 e3e2 d1d4 e2f2 d4b4 f2e3 b4c4 e3f3 b3b4 f3e2 c4c2 e2d3 b4b5 d3c2 c6d5 c2d3 b5b6 d3e2 d5d4 e2f3 d4c4 f3f4 c4b5 f4f5 b5c5 f5g6 c5b4 g6f6 b4a5 f6f5 b6b7 f5e4 a5b6 e4e3 b6c5 e3e4 c5c4 e4f4 c4c5 f4g3 c5c4 g3f4 c4d4 f4f5 d4c5 f5e4 c5b5 e4e3 b5a5 e3f3 a5a4 f3g3 a4a5 g3f3 a5a4 f3g3 a4b3 g3f4 b3c4 f4f5 c4b3 f5e6 b3c3 e6f5 c3d3 f5f4 d3c4 f4e4 c4b5 e4e3 b5b6 e3d3 b6c7 d3e2 c7b6 e2e3 b6c6 e3f3 c6d7 f3f4 d7d6 f4g4 d6c6 g4g3 c6d5 g3g4 d5c6 g4f4 c6d7 f4g5 d7c7 g5f6 c7d6 f6f7 d6d7 f7g6 d7c6 g6g5 c6d7 g5f4 d7e6 f4e3 e6f6 e3d4 f6g5 d4e4 g5f6 e4d4 f6g5 d4d5
Warning; Bestmove does not match beginning of last PV - move g4g5 from B
Info; info depth 36 seldepth 16 multipv 1 score mate 8 nodes 783613 nps 2612043 hashfull 77 tbhits 0 time 300 pv b7b8q e4d5 b8b4 d5e5 g4g5 e5e6 b4c5 e6f7 c5e5 f7f8 g5f6 f8g8 e5e7 g8h8 e7g7
Position; fen rnbqkbnr/pppp1pp1/4p2p/8/P7/1P6/2PPPPPP/RNBQKBNR w KQkq - 0 3
Moves; c1b2 c7c6 g2g3 b8a6 e2e3 a6c7 g1f3 g7g6 b2h8 c7b5 a4b5 a7a5 b5c6 d7c6 d1e2 b7b5 h8d4 g8f6 b1a3 f8a3 f1g2 b5b4 a1a3 b4a3 e1g1 a3a2 d2d3 f6g4 e2d2 g6g5 d4c3 a8b8 c3b2 e8f8 f1a1 b8b6 d2c3 g4h2 c3g7 f8e8 g7g8 e8e7 b2a3 b6b4 a3b4 a5b4 g8d8 e7d8 g1h2 f7f6 h2g1 g5g4 f3d2 d8c7 a1a2 c8b7 a2a1 h6h5 g1h1 h5h4 d2e4 e6e5 e4d2 h4g3 h1g1 g3f2 g1f2 g4g3 f2f3 c7d6 f3g3 d6e6 a1a7 e5e4 g2e4 e6d6 d2c4 d6d7 g3g2 d7e6 e4f5 e6f5 g2g3 b7a6 a7a8 a6c4 a8a5 c4d5 g3f2 f5e6 a5a4 d5b3 a4a6 e6d6 c2b3 f6f5 a6a8 c6c5 a8a6 d6c7 f2f3 f5f4 f3f4 c7b7 a6h6 b7c7 f4g5 c7d7 g5f5 d7e7 h6h7 e7d8 f5e5 d8c8 e5d6 c8b8 h7h5 b8a7 d6c5 a7b7 h5h1 b7c8 h1h3 c8d7 c5b5 d7d6 h3h4 d6e7 h4h1 e7e6 b5b6 e6f5 h1h5 f5g4 h5h6 g4f3 h6f6 f3e3 f6d6 e3d2 d3d4 d2d3 d6f6 d3d4 b6c6 d4e4 f6d6 e4e5 d6d1 e5f6 d1d4 f6e5 d4d1 e5e4 d1d6 e4e3 d6d1 e3e2 d1d4 e2f2 d4b4 f2e3 b4c4 e3f3 b3b4 f3e2 c4c2 e2d3 b4b5 d3c2 c6d5 c2d3 b5b6 d3e2 d5d4 e2f3 d4c4 f3f4 c4b5 f4f5 b5c5 f5g6 c5b4 g6f6 b4a5 f6f5 b6b7 f5e4 a5b6 e4e3 b6c5 e3e4 c5c4 e4f4 c4c5 f4g3 c5c4 g3f4 c4d4 f4f5 d4c5 f5e4 c5b5 e4e3 b5a5 e3f3 a5a4 f3g3 a4a5 g3f3 a5a4 f3g3 a4b3 g3f4 b3c4 f4f5 c4b3 f5e6 b3c3 e6f5 c3d3 f5f4 d3c4 f4e4 c4b5 e4e3 b5b6 e3d3 b6c7 d3e2 c7b6 e2e3 b6c6 e3f3 c6d7 f3f4 d7d6 f4g4 d6c6 g4g3 c6d5 g3g4 d5c6 g4f4 c6d7 f4g5 d7c7 g5f6 c7d6 f6f7 d6d7 f7g6 d7c6 g6g5 c6d7 g5f4 d7e6 f4e3 e6f6 e3d4 f6g5 d4e4 g5f6 e4d4 f6g5 d4d5 g5g4 d5e4
Warning; Bestmove does not match beginning of last PV - move g5h4 from B
Info; info depth 40 seldepth 16 multipv 1 score mate 8 nodes 869278 nps 2897593 hashfull 74 tbhits 0 time 300 pv b7b8q e5d5 b8b4 d5e5 b4c4 e5d6 g5f5 d6d7 c4c5 d7e8 f5e6 e8d8 c5c3 d8e8 c3c8
Position; fen rnbqkbnr/pppp1pp1/4p2p/8/P7/1P6/2PPPPPP/RNBQKBNR w KQkq - 0 3
Moves; c1b2 c7c6 g2g3 b8a6 e2e3 a6c7 g1f3 g7g6 b2h8 c7b5 a4b5 a7a5 b5c6 d7c6 d1e2 b7b5 h8d4 g8f6 b1a3 f8a3 f1g2 b5b4 a1a3 b4a3 e1g1 a3a2 d2d3 f6g4 e2d2 g6g5 d4c3 a8b8 c3b2 e8f8 f1a1 b8b6 d2c3 g4h2 c3g7 f8e8 g7g8 e8e7 b2a3 b6b4 a3b4 a5b4 g8d8 e7d8 g1h2 f7f6 h2g1 g5g4 f3d2 d8c7 a1a2 c8b7 a2a1 h6h5 g1h1 h5h4 d2e4 e6e5 e4d2 h4g3 h1g1 g3f2 g1f2 g4g3 f2f3 c7d6 f3g3 d6e6 a1a7 e5e4 g2e4 e6d6 d2c4 d6d7 g3g2 d7e6 e4f5 e6f5 g2g3 b7a6 a7a8 a6c4 a8a5 c4d5 g3f2 f5e6 a5a4 d5b3 a4a6 e6d6 c2b3 f6f5 a6a8 c6c5 a8a6 d6c7 f2f3 f5f4 f3f4 c7b7 a6h6 b7c7 f4g5 c7d7 g5f5 d7e7 h6h7 e7d8 f5e5 d8c8 e5d6 c8b8 h7h5 b8a7 d6c5 a7b7 h5h1 b7c8 h1h3 c8d7 c5b5 d7d6 h3h4 d6e7 h4h1 e7e6 b5b6 e6f5 h1h5 f5g4 h5h6 g4f3 h6f6 f3e3 f6d6 e3d2 d3d4 d2d3 d6f6 d3d4 b6c6 d4e4 f6d6 e4e5 d6d1 e5f6 d1d4 f6e5 d4d1 e5e4 d1d6 e4e3 d6d1 e3e2 d1d4 e2f2 d4b4 f2e3 b4c4 e3f3 b3b4 f3e2 c4c2 e2d3 b4b5 d3c2 c6d5 c2d3 b5b6 d3e2 d5d4 e2f3 d4c4 f3f4 c4b5 f4f5 b5c5 f5g6 c5b4 g6f6 b4a5 f6f5 b6b7 f5e4 a5b6 e4e3 b6c5 e3e4 c5c4 e4f4 c4c5 f4g3 c5c4 g3f4 c4d4 f4f5 d4c5 f5e4 c5b5 e4e3 b5a5 e3f3 a5a4 f3g3 a4a5 g3f3 a5a4 f3g3 a4b3 g3f4 b3c4 f4f5 c4b3 f5e6 b3c3 e6f5 c3d3 f5f4 d3c4 f4e4 c4b5 e4e3 b5b6 e3d3 b6c7 d3e2 c7b6 e2e3 b6c6 e3f3 c6d7 f3f4 d7d6 f4g4 d6c6 g4g3 c6d5 g3g4 d5c6 g4f4 c6d7 f4g5 d7c7 g5f6 c7d6 f6f7 d6d7 f7g6 d7c6 g6g5 c6d7 g5f4 d7e6 f4e3 e6f6 e3d4 f6g5 d4e4 g5f6 e4d4 f6g5 d4d5 g5g4 d5e4 g4g5 e4e5
Warning; Bestmove does not match beginning of last PV - move h4h5 from B
Info; info depth 39 seldepth 18 multipv 1 score mate 9 nodes 841044 nps 2803480 hashfull 64 tbhits 0 time 300 pv b7b8q e4d5 b8b4 d5c6 h4g4 c6d7 g4f5 d7c7 f5e6 c7c6 b4a5 c6b7 e6d6 b7b8 d6c6 b8c8 a5c7
Position; fen rnbqkbnr/pppp1pp1/4p2p/8/P7/1P6/2PPPPPP/RNBQKBNR w KQkq - 0 3
Moves; c1b2 c7c6 g2g3 b8a6 e2e3 a6c7 g1f3 g7g6 b2h8 c7b5 a4b5 a7a5 b5c6 d7c6 d1e2 b7b5 h8d4 g8f6 b1a3 f8a3 f1g2 b5b4 a1a3 b4a3 e1g1 a3a2 d2d3 f6g4 e2d2 g6g5 d4c3 a8b8 c3b2 e8f8 f1a1 b8b6 d2c3 g4h2 c3g7 f8e8 g7g8 e8e7 b2a3 b6b4 a3b4 a5b4 g8d8 e7d8 g1h2 f7f6 h2g1 g5g4 f3d2 d8c7 a1a2 c8b7 a2a1 h6h5 g1h1 h5h4 d2e4 e6e5 e4d2 h4g3 h1g1 g3f2 g1f2 g4g3 f2f3 c7d6 f3g3 d6e6 a1a7 e5e4 g2e4 e6d6 d2c4 d6d7 g3g2 d7e6 e4f5 e6f5 g2g3 b7a6 a7a8 a6c4 a8a5 c4d5 g3f2 f5e6 a5a4 d5b3 a4a6 e6d6 c2b3 f6f5 a6a8 c6c5 a8a6 d6c7 f2f3 f5f4 f3f4 c7b7 a6h6 b7c7 f4g5 c7d7 g5f5 d7e7 h6h7 e7d8 f5e5 d8c8 e5d6 c8b8 h7h5 b8a7 d6c5 a7b7 h5h1 b7c8 h1h3 c8d7 c5b5 d7d6 h3h4 d6e7 h4h1 e7e6 b5b6 e6f5 h1h5 f5g4 h5h6 g4f3 h6f6 f3e3 f6d6 e3d2 d3d4 d2d3 d6f6 d3d4 b6c6 d4e4 f6d6 e4e5 d6d1 e5f6 d1d4 f6e5 d4d1 e5e4 d1d6 e4e3 d6d1 e3e2 d1d4 e2f2 d4b4 f2e3 b4c4 e3f3 b3b4 f3e2 c4c2 e2d3 b4b5 d3c2 c6d5 c2d3 b5b6 d3e2 d5d4 e2f3 d4c4 f3f4 c4b5 f4f5 b5c5 f5g6 c5b4 g6f6 b4a5 f6f5 b6b7 f5e4 a5b6 e4e3 b6c5 e3e4 c5c4 e4f4 c4c5 f4g3 c5c4 g3f4 c4d4 f4f5 d4c5 f5e4 c5b5 e4e3 b5a5 e3f3 a5a4 f3g3 a4a5 g3f3 a5a4 f3g3 a4b3 g3f4 b3c4 f4f5 c4b3 f5e6 b3c3 e6f5 c3d3 f5f4 d3c4 f4e4 c4b5 e4e3 b5b6 e3d3 b6c7 d3e2 c7b6 e2e3 b6c6 e3f3 c6d7 f3f4 d7d6 f4g4 d6c6 g4g3 c6d5 g3g4 d5c6 g4f4 c6d7 f4g5 d7c7 g5f6 c7d6 f6f7 d6d7 f7g6 d7c6 g6g5 c6d7 g5f4 d7e6 f4e3 e6f6 e3d4 f6g5 d4e4 g5f6 e4d4 f6g5 d4d5 g5g4 d5e4 g4g5 e4e5 g5h4 e5e4
Warning; Bestmove does not match beginning of last PV - move h5g5 from B
Info; info depth 38 seldepth 20 multipv 1 score mate 10 nodes 840419 nps 2801396 hashfull 78 tbhits 0 time 300 pv h5g4 d5c4 b7b8q c4c5 g4f5 c5c4 b8e5 c4d3 e5c5 d3e2 f5e4 e2d2 c5b4 d2d1 e4d3 d1c1 b4b8 c1d1 b8b1
Position; fen rnbqkbnr/pppp1pp1/4p2p/8/P7/1P6/2PPPPPP/RNBQKBNR w KQkq - 0 3
Moves; c1b2 c7c6 g2g3 b8a6 e2e3 a6c7 g1f3 g7g6 b2h8 c7b5 a4b5 a7a5 b5c6 d7c6 d1e2 b7b5 h8d4 g8f6 b1a3 f8a3 f1g2 b5b4 a1a3 b4a3 e1g1 a3a2 d2d3 f6g4 e2d2 g6g5 d4c3 a8b8 c3b2 e8f8 f1a1 b8b6 d2c3 g4h2 c3g7 f8e8 g7g8 e8e7 b2a3 b6b4 a3b4 a5b4 g8d8 e7d8 g1h2 f7f6 h2g1 g5g4 f3d2 d8c7 a1a2 c8b7 a2a1 h6h5 g1h1 h5h4 d2e4 e6e5 e4d2 h4g3 h1g1 g3f2 g1f2 g4g3 f2f3 c7d6 f3g3 d6e6 a1a7 e5e4 g2e4 e6d6 d2c4 d6d7 g3g2 d7e6 e4f5 e6f5 g2g3 b7a6 a7a8 a6c4 a8a5 c4d5 g3f2 f5e6 a5a4 d5b3 a4a6 e6d6 c2b3 f6f5 a6a8 c6c5 a8a6 d6c7 f2f3 f5f4 f3f4 c7b7 a6h6 b7c7 f4g5 c7d7 g5f5 d7e7 h6h7 e7d8 f5e5 d8c8 e5d6 c8b8 h7h5 b8a7 d6c5 a7b7 h5h1 b7c8 h1h3 c8d7 c5b5 d7d6 h3h4 d6e7 h4h1 e7e6 b5b6 e6f5 h1h5 f5g4 h5h6 g4f3 h6f6 f3e3 f6d6 e3d2 d3d4 d2d3 d6f6 d3d4 b6c6 d4e4 f6d6 e4e5 d6d1 e5f6 d1d4 f6e5 d4d1 e5e4 d1d6 e4e3 d6d1 e3e2 d1d4 e2f2 d4b4 f2e3 b4c4 e3f3 b3b4 f3e2 c4c2 e2d3 b4b5 d3c2 c6d5 c2d3 b5b6 d3e2 d5d4 e2f3 d4c4 f3f4 c4b5 f4f5 b5c5 f5g6 c5b4 g6f6 b4a5 f6f5 b6b7 f5e4 a5b6 e4e3 b6c5 e3e4 c5c4 e4f4 c4c5 f4g3 c5c4 g3f4 c4d4 f4f5 d4c5 f5e4 c5b5 e4e3 b5a5 e3f3 a5a4 f3g3 a4a5 g3f3 a5a4 f3g3 a4b3 g3f4 b3c4 f4f5 c4b3 f5e6 b3c3 e6f5 c3d3 f5f4 d3c4 f4e4 c4b5 e4e3 b5b6 e3d3 b6c7 d3e2 c7b6 e2e3 b6c6 e3f3 c6d7 f3f4 d7d6 f4g4 d6c6 g4g3 c6d5 g3g4 d5c6 g4f4 c6d7 f4g5 d7c7 g5f6 c7d6 f6f7 d6d7 f7g6 d7c6 g6g5 c6d7 g5f4 d7e6 f4e3 e6f6 e3d4 f6g5 d4e4 g5f6 e4d4 f6g5 d4d5 g5g4 d5e4 g4g5 e4e5 g5h4 e5e4 h4h5 e4d5
Warning; Bestmove does not match beginning of last PV - move g5g6 from B
Info; info depth 36 seldepth 16 multipv 1 score mate 8 nodes 933054 nps 3110180 hashfull 71 tbhits 0 time 300 pv b7b8q e5d5 b8b4 d5e5 b4c4 e5d6 g5f5 d6d7 c4c5 d7e8 f5e6 e8d8 c5c3 d8e8 c3c8
Position; fen rnbqkbnr/pppp1pp1/4p2p/8/P7/1P6/2PPPPPP/RNBQKBNR w KQkq - 0 3
Moves; c1b2 c7c6 g2g3 b8a6 e2e3 a6c7 g1f3 g7g6 b2h8 c7b5 a4b5 a7a5 b5c6 d7c6 d1e2 b7b5 h8d4 g8f6 b1a3 f8a3 f1g2 b5b4 a1a3 b4a3 e1g1 a3a2 d2d3 f6g4 e2d2 g6g5 d4c3 a8b8 c3b2 e8f8 f1a1 b8b6 d2c3 g4h2 c3g7 f8e8 g7g8 e8e7 b2a3 b6b4 a3b4 a5b4 g8d8 e7d8 g1h2 f7f6 h2g1 g5g4 f3d2 d8c7 a1a2 c8b7 a2a1 h6h5 g1h1 h5h4 d2e4 e6e5 e4d2 h4g3 h1g1 g3f2 g1f2 g4g3 f2f3 c7d6 f3g3 d6e6 a1a7 e5e4 g2e4 e6d6 d2c4 d6d7 g3g2 d7e6 e4f5 e6f5 g2g3 b7a6 a7a8 a6c4 a8a5 c4d5 g3f2 f5e6 a5a4 d5b3 a4a6 e6d6 c2b3 f6f5 a6a8 c6c5 a8a6 d6c7 f2f3 f5f4 f3f4 c7b7 a6h6 b7c7 f4g5 c7d7 g5f5 d7e7 h6h7 e7d8 f5e5 d8c8 e5d6 c8b8 h7h5 b8a7 d6c5 a7b7 h5h1 b7c8 h1h3 c8d7 c5b5 d7d6 h3h4 d6e7 h4h1 e7e6 b5b6 e6f5 h1h5 f5g4 h5h6 g4f3 h6f6 f3e3 f6d6 e3d2 d3d4 d2d3 d6f6 d3d4 b6c6 d4e4 f6d6 e4e5 d6d1 e5f6 d1d4 f6e5 d4d1 e5e4 d1d6 e4e3 d6d1 e3e2 d1d4 e2f2 d4b4 f2e3 b4c4 e3f3 b3b4 f3e2 c4c2 e2d3 b4b5 d3c2 c6d5 c2d3 b5b6 d3e2 d5d4 e2f3 d4c4 f3f4 c4b5 f4f5 b5c5 f5g6 c5b4 g6f6 b4a5 f6f5 b6b7 f5e4 a5b6 e4e3 b6c5 e3e4 c5c4 e4f4 c4c5 f4g3 c5c4 g3f4 c4d4 f4f5 d4c5 f5e4 c5b5 e4e3 b5a5 e3f3 a5a4 f3g3 a4a5 g3f3 a5a4 f3g3 a4b3 g3f4 b3c4 f4f5 c4b3 f5e6 b3c3 e6f5 c3d3 f5f4 d3c4 f4e4 c4b5 e4e3 b5b6 e3d3 b6c7 d3e2 c7b6 e2e3 b6c6 e3f3 c6d7 f3f4 d7d6 f4g4 d6c6 g4g3 c6d5 g3g4 d5c6 g4f4 c6d7 f4g5 d7c7 g5f6 c7d6 f6f7 d6d7 f7g6 d7c6 g6g5 c6d7 g5f4 d7e6 f4e3 e6f6 e3d4 f6g5 d4e4 g5f6 e4d4 f6g5 d4d5 g5g4 d5e4 g4g5 e4e5 g5h4 e5e4 h4h5 e4d5 h5g5 d5e5
Warning; Bestmove does not match beginning of last PV - move f5e6 from B
Info; info depth 39 seldepth 16 multipv 1 score mate 8 nodes 929839 nps 3099463 hashfull 61 tbhits 0 time 300 pv f5e4 c5c4 b7b8q c4c5 b8c7 c5b4 e4d3 b4b5 c7d6 b5a4 d3c4 a4a5 d6f6 a5a4 f6a6
Position; fen rnbqkbnr/pppp1pp1/4p2p/8/P7/1P6/2PPPPPP/RNBQKBNR w KQkq - 0 3
Moves; c1b2 c7c6 g2g3 b8a6 e2e3 a6c7 g1f3 g7g6 b2h8 c7b5 a4b5 a7a5 b5c6 d7c6 d1e2 b7b5 h8d4 g8f6 b1a3 f8a3 f1g2 b5b4 a1a3 b4a3 e1g1 a3a2 d2d3 f6g4 e2d2 g6g5 d4c3 a8b8 c3b2 e8f8 f1a1 b8b6 d2c3 g4h2 c3g7 f8e8 g7g8 e8e7 b2a3 b6b4 a3b4 a5b4 g8d8 e7d8 g1h2 f7f6 h2g1 g5g4 f3d2 d8c7 a1a2 c8b7 a2a1 h6h5 g1h1 h5h4 d2e4 e6e5 e4d2 h4g3 h1g1 g3f2 g1f2 g4g3 f2f3 c7d6 f3g3 d6e6 a1a7 e5e4 g2e4 e6d6 d2c4 d6d7 g3g2 d7e6 e4f5 e6f5 g2g3 b7a6 a7a8 a6c4 a8a5 c4d5 g3f2 f5e6 a5a4 d5b3 a4a6 e6d6 c2b3 f6f5 a6a8 c6c5 a8a6 d6c7 f2f3 f5f4 f3f4 c7b7 a6h6 b7c7 f4g5 c7d7 g5f5 d7e7 h6h7 e7d8 f5e5 d8c8 e5d6 c8b8 h7h5 b8a7 d6c5 a7b7 h5h1 b7c8 h1h3 c8d7 c5b5 d7d6 h3h4 d6e7 h4h1 e7e6 b5b6 e6f5 h1h5 f5g4 h5h6 g4f3 h6f6 f3e3 f6d6 e3d2 d3d4 d2d3 d6f6 d3d4 b6c6 d4e4 f6d6 e4e5 d6d1 e5f6 d1d4 f6e5 d4d1 e5e4 d1d6 e4e3 d6d1 e3e2 d1d4 e2f2 d4b4 f2e3 b4c4 e3f3 b3b4 f3e2 c4c2 e2d3 b4b5 d3c2 c6d5 c2d3 b5b6 d3e2 d5d4 e2f3 d4c4 f3f4 c4b5 f4f5 b5c5 f5g6 c5b4 g6f6 b4a5 f6f5 b6b7 f5e4 a5b6 e4e3 b6c5 e3e4 c5c4 e4f4 c4c5 f4g3 c5c4 g3f4 c4d4 f4f5 d4c5 f5e4 c5b5 e4e3 b5a5 e3f3 a5a4 f3g3 a4a5 g3f3 a5a4 f3g3 a4b3 g3f4 b3c4 f4f5 c4b3 f5e6 b3c3 e6f5 c3d3 f5f4 d3c4 f4e4 c4b5 e4e3 b5b6 e3d3 b6c7 d3e2 c7b6 e2e3 b6c6 e3f3 c6d7 f3f4 d7d6 f4g4 d6c6 g4g3 c6d5 g3g4 d5c6 g4f4 c6d7 f4g5 d7c7 g5f6 c7d6 f6f7 d6d7 f7g6 d7c6 g6g5 c6d7 g5f4 d7e6 f4e3 e6f6 e3d4 f6g5 d4e4 g5f6 e4d4 f6g5 d4d5 g5g4 d5e4 g4g5 e4e5 g5h4 e5e4 h4h5 e4d5 h5g5 d5e5 g5g6 e5d5 g6f5 d5c5
Warning; Bestmove does not match beginning of last PV - move e6d7 from B
Info; info depth 51 seldepth 14 multipv 1 score mate 7 nodes 1024342 nps 3414473 hashfull 76 tbhits 0 time 300 pv b8e5 e4d3 e6d5 d3c2 d5d4 c2b2 d4c4 b2a2 e5h2 a2a3 h2g2 a3a4 g2a2
Position; fen rnbqkbnr/pppp1pp1/4p2p/8/P7/1P6/2PPPPPP/RNBQKBNR w KQkq - 0 3
Moves; c1b2 c7c6 g2g3 b8a6 e2e3 a6c7 g1f3 g7g6 b2h8 c7b5 a4b5 a7a5 b5c6 d7c6 d1e2 b7b5 h8d4 g8f6 b1a3 f8a3 f1g2 b5b4 a1a3 b4a3 e1g1 a3a2 d2d3 f6g4 e2d2 g6g5 d4c3 a8b8 c3b2 e8f8 f1a1 b8b6 d2c3 g4h2 c3g7 f8e8 g7g8 e8e7 b2a3 b6b4 a3b4 a5b4 g8d8 e7d8 g1h2 f7f6 h2g1 g5g4 f3d2 d8c7 a1a2 c8b7 a2a1 h6h5 g1h1 h5h4 d2e4 e6e5 e4d2 h4g3 h1g1 g3f2 g1f2 g4g3 f2f3 c7d6 f3g3 d6e6 a1a7 e5e4 g2e4 e6d6 d2c4 d6d7 g3g2 d7e6 e4f5 e6f5 g2g3 b7a6 a7a8 a6c4 a8a5 c4d5 g3f2 f5e6 a5a4 d5b3 a4a6 e6d6 c2b3 f6f5 a6a8 c6c5 a8a6 d6c7 f2f3 f5f4 f3f4 c7b7 a6h6 b7c7 f4g5 c7d7 g5f5 d7e7 h6h7 e7d8 f5e5 d8c8 e5d6 c8b8 h7h5 b8a7 d6c5 a7b7 h5h1 b7c8 h1h3 c8d7 c5b5 d7d6 h3h4 d6e7 h4h1 e7e6 b5b6 e6f5 h1h5 f5g4 h5h6 g4f3 h6f6 f3e3 f6d6 e3d2 d3d4 d2d3 d6f6 d3d4 b6c6 d4e4 f6d6 e4e5 d6d1 e5f6 d1d4 f6e5 d4d1 e5e4 d1d6 e4e3 d6d1 e3e2 d1d4 e2f2 d4b4 f2e3 b4c4 e3f3 b3b4 f3e2 c4c2 e2d3 b4b5 d3c2 c6d5 c2d3 b5b6 d3e2 d5d4 e2f3 d4c4 f3f4 c4b5 f4f5 b5c5 f5g6 c5b4 g6f6 b4a5 f6f5 b6b7 f5e4 a5b6 e4e3 b6c5 e3e4 c5c4 e4f4 c4c5 f4g3 c5c4 g3f4 c4d4 f4f5 d4c5 f5e4 c5b5 e4e3 b5a5 e3f3 a5a4 f3g3 a4a5 g3f3 a5a4 f3g3 a4b3 g3f4 b3c4 f4f5 c4b3 f5e6 b3c3 e6f5 c3d3 f5f4 d3c4 f4e4 c4b5 e4e3 b5b6 e3d3 b6c7 d3e2 c7b6 e2e3 b6c6 e3f3 c6d7 f3f4 d7d6 f4g4 d6c6 g4g3 c6d5 g3g4 d5c6 g4f4 c6d7 f4g5 d7c7 g5f6 c7d6 f6f7 d6d7 f7g6 d7c6 g6g5 c6d7 g5f4 d7e6 f4e3 e6f6 e3d4 f6g5 d4e4 g5f6 e4d4 f6g5 d4d5 g5g4 d5e4 g4g5 e4e5 g5h4 e5e4 h4h5 e4d5 h5g5 d5e5 g5g6 e5d5 g6f5 d5c5 f5e6 c5d4 b7b8q d4e4
Warning; Bestmove does not match beginning of last PV - move e5b5 from B
Info; info depth 57 seldepth 10 multipv 1 score mate 5 nodes 1043054 nps 3476846 hashfull 68 tbhits 0 time 300 pv e6f5 f3f2 f5f4 f2g2 e5b2 g2f1 f4f3 f1e1 b2c1
Position; fen rnbqkbnr/pppp1pp1/4p2p/8/P7/1P6/2PPPPPP/RNBQKBNR w KQkq - 0 3
Moves; c1b2 c7c6 g2g3 b8a6 e2e3 a6c7 g1f3 g7g6 b2h8 c7b5 a4b5 a7a5 b5c6 d7c6 d1e2 b7b5 h8d4 g8f6 b1a3 f8a3 f1g2 b5b4 a1a3 b4a3 e1g1 a3a2 d2d3 f6g4 e2d2 g6g5 d4c3 a8b8 c3b2 e8f8 f1a1 b8b6 d2c3 g4h2 c3g7 f8e8 g7g8 e8e7 b2a3 b6b4 a3b4 a5b4 g8d8 e7d8 g1h2 f7f6 h2g1 g5g4 f3d2 d8c7 a1a2 c8b7 a2a1 h6h5 g1h1 h5h4 d2e4 e6e5 e4d2 h4g3 h1g1 g3f2 g1f2 g4g3 f2f3 c7d6 f3g3 d6e6 a1a7 e5e4 g2e4 e6d6 d2c4 d6d7 g3g2 d7e6 e4f5 e6f5 g2g3 b7a6 a7a8 a6c4 a8a5 c4d5 g3f2 f5e6 a5a4 d5b3 a4a6 e6d6 c2b3 f6f5 a6a8 c6c5 a8a6 d6c7 f2f3 f5f4 f3f4 c7b7 a6h6 b7c7 f4g5 c7d7 g5f5 d7e7 h6h7 e7d8 f5e5 d8c8 e5d6 c8b8 h7h5 b8a7 d6c5 a7b7 h5h1 b7c8 h1h3 c8d7 c5b5 d7d6 h3h4 d6e7 h4h1 e7e6 b5b6 e6f5 h1h5 f5g4 h5h6 g4f3 h6f6 f3e3 f6d6 e3d2 d3d4 d2d3 d6f6 d3d4 b6c6 d4e4 f6d6 e4e5 d6d1 e5f6 d1d4 f6e5 d4d1 e5e4 d1d6 e4e3 d6d1 e3e2 d1d4 e2f2 d4b4 f2e3 b4c4 e3f3 b3b4 f3e2 c4c2 e2d3 b4b5 d3c2 c6d5 c2d3 b5b6 d3e2 d5d4 e2f3 d4c4 f3f4 c4b5 f4f5 b5c5 f5g6 c5b4 g6f6 b4a5 f6f5 b6b7 f5e4 a5b6 e4e3 b6c5 e3e4 c5c4 e4f4 c4c5 f4g3 c5c4 g3f4 c4d4 f4f5 d4c5 f5e4 c5b5 e4e3 b5a5 e3f3 a5a4 f3g3 a4a5 g3f3 a5a4 f3g3 a4b3 g3f4 b3c4 f4f5 c4b3 f5e6 b3c3 e6f5 c3d3 f5f4 d3c4 f4e4 c4b5 e4e3 b5b6 e3d3 b6c7 d3e2 c7b6 e2e3 b6c6 e3f3 c6d7 f3f4 d7d6 f4g4 d6c6 g4g3 c6d5 g3g4 d5c6 g4f4 c6d7 f4g5 d7c7 g5f6 c7d6 f6f7 d6d7 f7g6 d7c6 g6g5 c6d7 g5f4 d7e6 f4e3 e6f6 e3d4 f6g5 d4e4 g5f6 e4d4 f6g5 d4d5 g5g4 d5e4 g4g5 e4e5 g5h4 e5e4 h4h5 e4d5 h5g5 d5e5 g5g6 e5d5 g6f5 d5c5 f5e6 c5d4 b7b8q d4e4 e6d7 e4d3 d7e6 d3e4 b8e5 e4f3
Warning; Bestmove does not match beginning of last PV - move e6d5 from B
Info; info depth 48 seldepth 12 multipv 1 score mate 6 nodes 980853 nps 3269510 hashfull 73 tbhits 0 time 300 pv b5e5 f2g2 e6f5 g2f3 e5e1 f3g2 f5f4 g2h2 f4f3 h2h3 e1g3
Position; fen rnbqkbnr/pppp1pp1/4p2p/8/P7/1P6/2PPPPPP/RNBQKBNR w KQkq - 0 3
Moves; c1b2 c7c6 g2g3 b8a6 e2e3 a6c7 g1f3 g7g6 b2h8 c7b5 a4b5 a7a5 b5c6 d7c6 d1e2 b7b5 h8d4 g8f6 b1a3 f8a3 f1g2 b5b4 a1a3 b4a3 e1g1 a3a2 d2d3 f6g4 e2d2 g6g5 d4c3 a8b8 c3b2 e8f8 f1a1 b8b6 d2c3 g4h2 c3g7 f8e8 g7g8 e8e7 b2a3 b6b4 a3b4 a5b4 g8d8 e7d8 g1h2 f7f6 h2g1 g5g4 f3d2 d8c7 a1a2 c8b7 a2a1 h6h5 g1h1 h5h4 d2e4 e6e5 e4d2 h4g3 h1g1 g3f2 g1f2 g4g3 f2f3 c7d6 f3g3 d6e6 a1a7 e5e4 g2e4 e6d6 d2c4 d6d7 g3g2 d7e6 e4f5 e6f5 g2g3 b7a6 a7a8 a6c4 a8a5 c4d5 g3f2 f5e6 a5a4 d5b3 a4a6 e6d6 c2b3 f6f5 a6a8 c6c5 a8a6 d6c7 f2f3 f5f4 f3f4 c7b7 a6h6 b7c7 f4g5 c7d7 g5f5 d7e7 h6h7 e7d8 f5e5 d8c8 e5d6 c8b8 h7h5 b8a7 d6c5 a7b7 h5h1 b7c8 h1h3 c8d7 c5b5 d7d6 h3h4 d6e7 h4h1 e7e6 b5b6 e6f5 h1h5 f5g4 h5h6 g4f3 h6f6 f3e3 f6d6 e3d2 d3d4 d2d3 d6f6 d3d4 b6c6 d4e4 f6d6 e4e5 d6d1 e5f6 d1d4 f6e5 d4d1 e5e4 d1d6 e4e3 d6d1 e3e2 d1d4 e2f2 d4b4 f2e3 b4c4 e3f3 b3b4 f3e2 c4c2 e2d3 b4b5 d3c2 c6d5 c2d3 b5b6 d3e2 d5d4 e2f3 d4c4 f3f4 c4b5 f4f5 b5c5 f5g6 c5b4 g6f6 b4a5 f6f5 b6b7 f5e4 a5b6 e4e3 b6c5 e3e4 c5c4 e4f4 c4c5 f4g3 c5c4 g3f4 c4d4 f4f5 d4c5 f5e4 c5b5 e4e3 b5a5 e3f3 a5a4 f3g3 a4a5 g3f3 a5a4 f3g3 a4b3 g3f4 b3c4 f4f5 c4b3 f5e6 b3c3 e6f5 c3d3 f5f4 d3c4 f4e4 c4b5 e4e3 b5b6 e3d3 b6c7 d3e2 c7b6 e2e3 b6c6 e3f3 c6d7 f3f4 d7d6 f4g4 d6c6 g4g3 c6d5 g3g4 d5c6 g4f4 c6d7 f4g5 d7c7 g5f6 c7d6 f6f7 d6d7 f7g6 d7c6 g6g5 c6d7 g5f4 d7e6 f4e3 e6f6 e3d4 f6g5 d4e4 g5f6 e4d4 f6g5 d4d5 g5g4 d5e4 g4g5 e4e5 g5h4 e5e4 h4h5 e4d5 h5g5 d5e5 g5g6 e5d5 g6f5 d5c5 f5e6 c5d4 b7b8q d4e4 e6d7 e4d3 d7e6 d3e4 b8e5 e4f3 e5b5 f3f2
Warning; Bestmove does not match beginning of last PV - move d5e5 from B
Info; info depth 51 seldepth 12 multipv 1 score mate 6 nodes 970674 nps 3235580 hashfull 83 tbhits 0 time 300 pv b5f1 e3d2 d5d4 d2c2 f1b5 c2d1 b5b2 d1e1 d4e3 e1d1 b2d2
Position; fen rnbqkbnr/pppp1pp1/4p2p/8/P7/1P6/2PPPPPP/RNBQKBNR w KQkq - 0 3
Moves; c1b2 c7c6 g2g3 b8a6 e2e3 a6c7 g1f3 g7g6 b2h8 c7b5 a4b5 a7a5 b5c6 d7c6 d1e2 b7b5 h8d4 g8f6 b1a3 f8a3 f1g2 b5b4 a1a3 b4a3 e1g1 a3a2 d2d3 f6g4 e2d2 g6g5 d4c3 a8b8 c3b2 e8f8 f1a1 b8b6 d2c3 g4h2 c3g7 f8e8 g7g8 e8e7 b2a3 b6b4 a3b4 a5b4 g8d8 e7d8 g1h2 f7f6 h2g1 g5g4 f3d2 d8c7 a1a2 c8b7 a2a1 h6h5 g1h1 h5h4 d2e4 e6e5 e4d2 h4g3 h1g1 g3f2 g1f2 g4g3 f2f3 c7d6 f3g3 d6e6 a1a7 e5e4 g2e4 e6d6 d2c4 d6d7 g3g2 d7e6 e4f5 e6f5 g2g3 b7a6 a7a8 a6c4 a8a5 c4d5 g3f2 f5e6 a5a4 d5b3 a4a6 e6d6 c2b3 f6f5 a6a8 c6c5 a8a6 d6c7 f2f3 f5f4 f3f4 c7b7 a6h6 b7c7 f4g5 c7d7 g5f5 d7e7 h6h7 e7d8 f5e5 d8c8 e5d6 c8b8 h7h5 b8a7 d6c5 a7b7 h5h1 b7c8 h1h3 c8d7 c5b5 d7d6 h3h4 d6e7 h4h1 e7e6 b5b6 e6f5 h1h5 f5g4 h5h6 g4f3 h6f6 f3e3 f6d6 e3d2 d3d4 d2d3 d6f6 d3d4 b6c6 d4e4 f6d6 e4e5 d6d1 e5f6 d1d4 f6e5 d4d1 e5e4 d1d6 e4e3 d6d1 e3e2 d1d4 e2f2 d4b4 f2e3 b4c4 e3f3 b3b4 f3e2 c4c2 e2d3 b4b5 d3c2 c6d5 c2d3 b5b6 d3e2 d5d4 e2f3 d4c4 f3f4 c4b5 f4f5 b5c5 f5g6 c5b4 g6f6 b4a5 f6f5 b6b7 f5e4 a5b6 e4e3 b6c5 e3e4 c5c4 e4f4 c4c5 f4g3 c5c4 g3f4 c4d4 f4f5 d4c5 f5e4 c5b5 e4e3 b5a5 e3f3 a5a4 f3g3 a4a5 g3f3 a5a4 f3g3 a4b3 g3f4 b3c4 f4f5 c4b3 f5e6 b3c3 e6f5 c3d3 f5f4 d3c4 f4e4 c4b5 e4e3 b5b6 e3d3 b6c7 d3e2 c7b6 e2e3 b6c6 e3f3 c6d7 f3f4 d7d6 f4g4 d6c6 g4g3 c6d5 g3g4 d5c6 g4f4 c6d7 f4g5 d7c7 g5f6 c7d6 f6f7 d6d7 f7g6 d7c6 g6g5 c6d7 g5f4 d7e6 f4e3 e6f6 e3d4 f6g5 d4e4 g5f6 e4d4 f6g5 d4d5 g5g4 d5e4 g4g5 e4e5 g5h4 e5e4 h4h5 e4d5 h5g5 d5e5 g5g6 e5d5 g6f5 d5c5 f5e6 c5d4 b7b8q d4e4 e6d7 e4d3 d7e6 d3e4 b8e5 e4f3 e5b5 f3f2 e6d5 f2e3
Warning; Bestmove does not match beginning of last PV - move e5d4 from B
Info; info depth 64 seldepth 10 multipv 1 score mate 5 nodes 1113925 nps 3713083 hashfull 82 tbhits 0 time 300 pv b5d3 f3f2 e5f4 f2e1 d3c2 e1f1 f4f3 f1e1 c2c1
Position; fen rnbqkbnr/pppp1pp1/4p2p/8/P7/1P6/2PPPPPP/RNBQKBNR w KQkq - 0 3
Moves; c1b2 c7c6 g2g3 b8a6 e2e3 a6c7 g1f3 g7g6 b2h8 c7b5 a4b5 a7a5 b5c6 d7c6 d1e2 b7b5 h8d4 g8f6 b1a3 f8a3 f1g2 b5b4 a1a3 b4a3 e1g1 a3a2 d2d3 f6g4 e2d2 g6g5 d4c3 a8b8 c3b2 e8f8 f1a1 b8b6 d2c3 g4h2 c3g7 f8e8 g7g8 e8e7 b2a3 b6b4 a3b4 a5b4 g8d8 e7d8 g1h2 f7f6 h2g1 g5g4 f3d2 d8c7 a1a2 c8b7 a2a1 h6h5 g1h1 h5h4 d2e4 e6e5 e4d2 h4g3 h1g1 g3f2 g1f2 g4g3 f2f3 c7d6 f3g3 d6e6 a1a7 e5e4 g2e4 e6d6 d2c4 d6d7 g3g2 d7e6 e4f5 e6f5 g2g3 b7a6 a7a8 a6c4 a8a5 c4d5 g3f2 f5e6 a5a4 d5b3 a4a6 e6d6 c2b3 f6f5 a6a8 c6c5 a8a6 d6c7 f2f3 f5f4 f3f4 c7b7 a6h6 b7c7 f4g5 c7d7 g5f5 d7e7 h6h7 e7d8 f5e5 d8c8 e5d6 c8b8 h7h5 b8a7 d6c5 a7b7 h5h1 b7c8 h1h3 c8d7 c5b5 d7d6 h3h4 d6e7 h4h1 e7e6 b5b6 e6f5 h1h5 f5g4 h5h6 g4f3 h6f6 f3e3 f6d6 e3d2 d3d4 d2d3 d6f6 d3d4 b6c6 d4e4 f6d6 e4e5 d6d1 e5f6 d1d4 f6e5 d4d1 e5e4 d1d6 e4e3 d6d1 e3e2 d1d4 e2f2 d4b4 f2e3 b4c4 e3f3 b3b4 f3e2 c4c2 e2d3 b4b5 d3c2 c6d5 c2d3 b5b6 d3e2 d5d4 e2f3 d4c4 f3f4 c4b5 f4f5 b5c5 f5g6 c5b4 g6f6 b4a5 f6f5 b6b7 f5e4 a5b6 e4e3 b6c5 e3e4 c5c4 e4f4 c4c5 f4g3 c5c4 g3f4 c4d4 f4f5 d4c5 f5e4 c5b5 e4e3 b5a5 e3f3 a5a4 f3g3 a4a5 g3f3 a5a4 f3g3 a4b3 g3f4 b3c4 f4f5 c4b3 f5e6 b3c3 e6f5 c3d3 f5f4 d3c4 f4e4 c4b5 e4e3 b5b6 e3d3 b6c7 d3e2 c7b6 e2e3 b6c6 e3f3 c6d7 f3f4 d7d6 f4g4 d6c6 g4g3 c6d5 g3g4 d5c6 g4f4 c6d7 f4g5 d7c7 g5f6 c7d6 f6f7 d6d7 f7g6 d7c6 g6g5 c6d7 g5f4 d7e6 f4e3 e6f6 e3d4 f6g5 d4e4 g5f6 e4d4 f6g5 d4d5 g5g4 d5e4 g4g5 e4e5 g5h4 e5e4 h4h5 e4d5 h5g5 d5e5 g5g6 e5d5 g6f5 d5c5 f5e6 c5d4 b7b8q d4e4 e6d7 e4d3 d7e6 d3e4 b8e5 e4f3 e5b5 f3f2 e6d5 f2e3 d5e5 e3f3
Warning; Bestmove does not match beginning of last PV - move b5a6 from B
Info; info depth 77 seldepth 10 multipv 1 score mate 5 nodes 1179576 nps 3931920 hashfull 37 tbhits 0 time 300 pv d4e4 g3f2 e4f4 f2g2 b5b2 g2f1 f4f3 f1g1 b2g2
Position; fen rnbqkbnr/pppp1pp1/4p2p/8/P7/1P6/2PPPPPP/RNBQKBNR w KQkq - 0 3
Moves; c1b2 c7c6 g2g3 b8a6 e2e3 a6c7 g1f3 g7g6 b2h8 c7b5 a4b5 a7a5 b5c6 d7c6 d1e2 b7b5 h8d4 g8f6 b1a3 f8a3 f1g2 b5b4 a1a3 b4a3 e1g1 a3a2 d2d3 f6g4 e2d2 g6g5 d4c3 a8b8 c3b2 e8f8 f1a1 b8b6 d2c3 g4h2 c3g7 f8e8 g7g8 e8e7 b2a3 b6b4 a3b4 a5b4 g8d8 e7d8 g1h2 f7f6 h2g1 g5g4 f3d2 d8c7 a1a2 c8b7 a2a1 h6h5 g1h1 h5h4 d2e4 e6e5 e4d2 h4g3 h1g1 g3f2 g1f2 g4g3 f2f3 c7d6 f3g3 d6e6 a1a7 e5e4 g2e4 e6d6 d2c4 d6d7 g3g2 d7e6 e4f5 e6f5 g2g3 b7a6 a7a8 a6c4 a8a5 c4d5 g3f2 f5e6 a5a4 d5b3 a4a6 e6d6 c2b3 f6f5 a6a8 c6c5 a8a6 d6c7 f2f3 f5f4 f3f4 c7b7 a6h6 b7c7 f4g5 c7d7 g5f5 d7e7 h6h7 e7d8 f5e5 d8c8 e5d6 c8b8 h7h5 b8a7 d6c5 a7b7 h5h1 b7c8 h1h3 c8d7 c5b5 d7d6 h3h4 d6e7 h4h1 e7e6 b5b6 e6f5 h1h5 f5g4 h5h6 g4f3 h6f6 f3e3 f6d6 e3d2 d3d4 d2d3 d6f6 d3d4 b6c6 d4e4 f6d6 e4e5 d6d1 e5f6 d1d4 f6e5 d4d1 e5e4 d1d6 e4e3 d6d1 e3e2 d1d4 e2f2 d4b4 f2e3 b4c4 e3f3 b3b4 f3e2 c4c2 e2d3 b4b5 d3c2 c6d5 c2d3 b5b6 d3e2 d5d4 e2f3 d4c4 f3f4 c4b5 f4f5 b5c5 f5g6 c5b4 g6f6 b4a5 f6f5 b6b7 f5e4 a5b6 e4e3 b6c5 e3e4 c5c4 e4f4 c4c5 f4g3 c5c4 g3f4 c4d4 f4f5 d4c5 f5e4 c5b5 e4e3 b5a5 e3f3 a5a4 f3g3 a4a5 g3f3 a5a4 f3g3 a4b3 g3f4 b3c4 f4f5 c4b3 f5e6 b3c3 e6f5 c3d3 f5f4 d3c4 f4e4 c4b5 e4e3 b5b6 e3d3 b6c7 d3e2 c7b6 e2e3 b6c6 e3f3 c6d7 f3f4 d7d6 f4g4 d6c6 g4g3 c6d5 g3g4 d5c6 g4f4 c6d7 f4g5 d7c7 g5f6 c7d6 f6f7 d6d7 f7g6 d7c6 g6g5 c6d7 g5f4 d7e6 f4e3 e6f6 e3d4 f6g5 d4e4 g5f6 e4d4 f6g5 d4d5 g5g4 d5e4 g4g5 e4e5 g5h4 e5e4 h4h5 e4d5 h5g5 d5e5 g5g6 e5d5 g6f5 d5c5 f5e6 c5d4 b7b8q d4e4 e6d7 e4d3 d7e6 d3e4 b8e5 e4f3 e5b5 f3f2 e6d5 f2e3 d5e5 e3f3 e5d4 f3g3
Warning; Bestmove does not match beginning of last PV - move a6f1 from B
Info; info depth 57 seldepth 10 multipv 1 score mate 5 nodes 1000742 nps 3335806 hashfull 47 tbhits 0 time 300 pv a6f6 f3g4 d4e3 g4h5 f6g7 h5h4 e3f4 h4h3 g7g3
Position; fen rnbqkbnr/pppp1pp1/4p2p/8/P7/1P6/2PPPPPP/RNBQKBNR w KQkq - 0 3
Moves; c1b2 c7c6 g2g3 b8a6 e2e3 a6c7 g1f3 g7g6 b2h8 c7b5 a4b5 a7a5 b5c6 d7c6 d1e2 b7b5 h8d4 g8f6 b1a3 f8a3 f1g2 b5b4 a1a3 b4a3 e1g1 a3a2 d2d3 f6g4 e2d2 g6g5 d4c3 a8b8 c3b2 e8f8 f1a1 b8b6 d2c3 g4h2 c3g7 f8e8 g7g8 e8e7 b2a3 b6b4 a3b4 a5b4 g8d8 e7d8 g1h2 f7f6 h2g1 g5g4 f3d2 d8c7 a1a2 c8b7 a2a1 h6h5 g1h1 h5h4 d2e4 e6e5 e4d2 h4g3 h1g1 g3f2 g1f2 g4g3 f2f3 c7d6 f3g3 d6e6 a1a7 e5e4 g2e4 e6d6 d2c4 d6d7 g3g2 d7e6 e4f5 e6f5 g2g3 b7a6 a7a8 a6c4 a8a5 c4d5 g3f2 f5e6 a5a4 d5b3 a4a6 e6d6 c2b3 f6f5 a6a8 c6c5 a8a6 d6c7 f2f3 f5f4 f3f4 c7b7 a6h6 b7c7 f4g5 c7d7 g5f5 d7e7 h6h7 e7d8 f5e5 d8c8 e5d6 c8b8 h7h5 b8a7 d6c5 a7b7 h5h1 b7c8 h1h3 c8d7 c5b5 d7d6 h3h4 d6e7 h4h1 e7e6 b5b6 e6f5 h1h5 f5g4 h5h6 g4f3 h6f6 f3e3 f6d6 e3d2 d3d4 d2d3 d6f6 d3d4 b6c6 d4e4 f6d6 e4e5 d6d1 e5f6 d1d4 f6e5 d4d1 e5e4 d1d6 e4e3 d6d1 e3e2 d1d4 e2f2 d4b4 f2e3 b4c4 e3f3 b3b4 f3e2 c4c2 e2d3 b4b5 d3c2 c6d5 c2d3 b5b6 d3e2 d5d4 e2f3 d4c4 f3f4 c4b5 f4f5 b5c5 f5g6 c5b4 g6f6 b4a5 f6f5 b6b7 f5e4 a5b6 e4e3 b6c5 e3e4 c5c4 e4f4 c4c5 f4g3 c5c4 g3f4 c4d4 f4f5 d4c5 f5e4 c5b5 e4e3 b5a5 e3f3 a5a4 f3g3 a4a5 g3f3 a5a4 f3g3 a4b3 g3f4 b3c4 f4f5 c4b3 f5e6 b3c3 e6f5 c3d3 f5f4 d3c4 f4e4 c4b5 e4e3 b5b6 e3d3 b6c7 d3e2 c7b6 e2e3 b6c6 e3f3 c6d7 f3f4 d7d6 f4g4 d6c6 g4g3 c6d5 g3g4 d5c6 g4f4 c6d7 f4g5 d7c7 g5f6 c7d6 f6f7 d6d7 f7g6 d7c6 g6g5 c6d7 g5f4 d7e6 f4e3 e6f6 e3d4 f6g5 d4e4 g5f6 e4d4 f6g5 d4d5 g5g4 d5e4 g4g5 e4e5 g5h4 e5e4 h4h5 e4d5 h5g5 d5e5 g5g6 e5d5 g6f5 d5c5 f5e6 c5d4 b7b8q d4e4 e6d7 e4d3 d7e6 d3e4 b8e5 e4f3 e5b5 f3f2 e6d5 f2e3 d5e5 e3f3 e5d4 f3g3 b5a6 g3f3
Warning; Bestmove does not match beginning of last PV - move e4e5 from B
Info; info depth 245 seldepth 8 multipv 1 score mate 4 nodes 1095048 nps 4260887 hashfull 24 tbhits 0 time 257 pv e4e3 h2g3 f1g1 g3h4 e3f4 h4h3 g1g3
Position; fen rnbqkbnr/pppp1pp1/4p2p/8/P7/1P6/2PPPPPP/RNBQKBNR w KQkq - 0 3
Moves; c1b2 c7c6 g2g3 b8a6 e2e3 a6c7 g1f3 g7g6 b2h8 c7b5 a4b5 a7a5 b5c6 d7c6 d1e2 b7b5 h8d4 g8f6 b1a3 f8a3 f1g2 b5b4 a1a3 b4a3 e1g1 a3a2 d2d3 f6g4 e2d2 g6g5 d4c3 a8b8 c3b2 e8f8 f1a1 b8b6 d2c3 g4h2 c3g7 f8e8 g7g8 e8e7 b2a3 b6b4 a3b4 a5b4 g8d8 e7d8 g1h2 f7f6 h2g1 g5g4 f3d2 d8c7 a1a2 c8b7 a2a1 h6h5 g1h1 h5h4 d2e4 e6e5 e4d2 h4g3 h1g1 g3f2 g1f2 g4g3 f2f3 c7d6 f3g3 d6e6 a1a7 e5e4 g2e4 e6d6 d2c4 d6d7 g3g2 d7e6 e4f5 e6f5 g2g3 b7a6 a7a8 a6c4 a8a5 c4d5 g3f2 f5e6 a5a4 d5b3 a4a6 e6d6 c2b3 f6f5 a6a8 c6c5 a8a6 d6c7 f2f3 f5f4 f3f4 c7b7 a6h6 b7c7 f4g5 c7d7 g5f5 d7e7 h6h7 e7d8 f5e5 d8c8 e5d6 c8b8 h7h5 b8a7 d6c5 a7b7 h5h1 b7c8 h1h3 c8d7 c5b5 d7d6 h3h4 d6e7 h4h1 e7e6 b5b6 e6f5 h1h5 f5g4 h5h6 g4f3 h6f6 f3e3 f6d6 e3d2 d3d4 d2d3 d6f6 d3d4 b6c6 d4e4 f6d6 e4e5 d6d1 e5f6 d1d4 f6e5 d4d1 e5e4 d1d6 e4e3 d6d1 e3e2 d1d4 e2f2 d4b4 f2e3 b4c4 e3f3 b3b4 f3e2 c4c2 e2d3 b4b5 d3c2 c6d5 c2d3 b5b6 d3e2 d5d4 e2f3 d4c4 f3f4 c4b5 f4f5 b5c5 f5g6 c5b4 g6f6 b4a5 f6f5 b6b7 f5e4 a5b6 e4e3 b6c5 e3e4 c5c4 e4f4 c4c5 f4g3 c5c4 g3f4 c4d4 f4f5 d4c5 f5e4 c5b5 e4e3 b5a5 e3f3 a5a4 f3g3 a4a5 g3f3 a5a4 f3g3 a4b3 g3f4 b3c4 f4f5 c4b3 f5e6 b3c3 e6f5 c3d3 f5f4 d3c4 f4e4 c4b5 e4e3 b5b6 e3d3 b6c7 d3e2 c7b6 e2e3 b6c6 e3f3 c6d7 f3f4 d7d6 f4g4 d6c6 g4g3 c6d5 g3g4 d5c6 g4f4 c6d7 f4g5 d7c7 g5f6 c7d6 f6f7 d6d7 f7g6 d7c6 g6g5 c6d7 g5f4 d7e6 f4e3 e6f6 e3d4 f6g5 d4e4 g5f6 e4d4 f6g5 d4d5 g5g4 d5e4 g4g5 e4e5 g5h4 e5e4 h4h5 e4d5 h5g5 d5e5 g5g6 e5d5 g6f5 d5c5 f5e6 c5d4 b7b8q d4e4 e6d7 e4d3 d7e6 d3e4 b8e5 e4f3 e5b5 f3f2 e6d5 f2e3 d5e5 e3f3 e5d4 f3g3 b5a6 g3f3 a6f1 f3g3 d4e4 g3h2
Warning; Bestmove does not match beginning of last PV - move e2c2 from B
Info; info depth 245 seldepth 4 multipv 1 score mate 2 nodes 33886 nps 2823833 hashfull 17 tbhits 0 time 12 pv e2a2 h3h4 a2h2
Position; fen rnbqkbnr/pppp1pp1/4p2p/8/P7/1P6/2PPPPPP/RNBQKBNR w KQkq - 0 3
Moves; c1b2 c7c6 g2g3 b8a6 e2e3 a6c7 g1f3 g7g6 b2h8 c7b5 a4b5 a7a5 b5c6 d7c6 d1e2 b7b5 h8d4 g8f6 b1a3 f8a3 f1g2 b5b4 a1a3 b4a3 e1g1 a3a2 d2d3 f6g4 e2d2 g6g5 d4c3 a8b8 c3b2 e8f8 f1a1 b8b6 d2c3 g4h2 c3g7 f8e8 g7g8 e8e7 b2a3 b6b4 a3b4 a5b4 g8d8 e7d8 g1h2 f7f6 h2g1 g5g4 f3d2 d8c7 a1a2 c8b7 a2a1 h6h5 g1h1 h5h4 d2e4 e6e5 e4d2 h4g3 h1g1 g3f2 g1f2 g4g3 f2f3 c7d6 f3g3 d6e6 a1a7 e5e4 g2e4 e6d6 d2c4 d6d7 g3g2 d7e6 e4f5 e6f5 g2g3 b7a6 a7a8 a6c4 a8a5 c4d5 g3f2 f5e6 a5a4 d5b3 a4a6 e6d6 c2b3 f6f5 a6a8 c6c5 a8a6 d6c7 f2f3 f5f4 f3f4 c7b7 a6h6 b7c7 f4g5 c7d7 g5f5 d7e7 h6h7 e7d8 f5e5 d8c8 e5d6 c8b8 h7h5 b8a7 d6c5 a7b7 h5h1 b7c8 h1h3 c8d7 c5b5 d7d6 h3h4 d6e7 h4h1 e7e6 b5b6 e6f5 h1h5 f5g4 h5h6 g4f3 h6f6 f3e3 f6d6 e3d2 d3d4 d2d3 d6f6 d3d4 b6c6 d4e4 f6d6 e4e5 d6d1 e5f6 d1d4 f6e5 d4d1 e5e4 d1d6 e4e3 d6d1 e3e2 d1d4 e2f2 d4b4 f2e3 b4c4 e3f3 b3b4 f3e2 c4c2 e2d3 b4b5 d3c2 c6d5 c2d3 b5b6 d3e2 d5d4 e2f3 d4c4 f3f4 c4b5 f4f5 b5c5 f5g6 c5b4 g6f6 b4a5 f6f5 b6b7 f5e4 a5b6 e4e3 b6c5 e3e4 c5c4 e4f4 c4c5 f4g3 c5c4 g3f4 c4d4 f4f5 d4c5 f5e4 c5b5 e4e3 b5a5 e3f3 a5a4 f3g3 a4a5 g3f3 a5a4 f3g3 a4b3 g3f4 b3c4 f4f5 c4b3 f5e6 b3c3 e6f5 c3d3 f5f4 d3c4 f4e4 c4b5 e4e3 b5b6 e3d3 b6c7 d3e2 c7b6 e2e3 b6c6 e3f3 c6d7 f3f4 d7d6 f4g4 d6c6 g4g3 c6d5 g3g4 d5c6 g4f4 c6d7 f4g5 d7c7 g5f6 c7d6 f6f7 d6d7 f7g6 d7c6 g6g5 c6d7 g5f4 d7e6 f4e3 e6f6 e3d4 f6g5 d4e4 g5f6 e4d4 f6g5 d4d5 g5g4 d5e4 g4g5 e4e5 g5h4 e5e4 h4h5 e4d5 h5g5 d5e5 g5g6 e5d5 g6f5 d5c5 f5e6 c5d4 b7b8q d4e4 e6d7 e4d3 d7e6 d3e4 b8e5 e4f3 e5b5 f3f2 e6d5 f2e3 d5e5 e3f3 e5d4 f3g3 b5a6 g3f3 a6f1 f3g3 d4e4 g3h2 e4e5 h2g3 f1e2 g3h4 e5f4 h4h3
Finished game 16 (B vs A): 1-0 {White mates}
--------------------------------------------------
Results of A vs B (0.3/move, NULL - 1t, NULL - 16MB, openings_4ply.epd):
Elo: -596.54 +/- -nan, nElo: -1392.84 +/- 170.24
LOS: 0.00 %, DrawRatio: 0.00 %, PairsRatio: 0.00
Games: 16, Wins: 0, Losses: 15, Draws: 1, Points: 0.5 (3.12 %)
Ptnml(0-2): [7, 1, 0, 0, 0], WL/DD Ratio: -nan
--------------------------------------------------
Finished match
Total Time: 00:02:28 (hours:minutes:seconds)

