Indexing opening suite...
Started game 1 of 16 (A vs B)
Started game 2 of 16 (B vs A)
Started game 4 of 16 (B vs A)
Started game 5 of 16 (A vs B)
Started game 3 of 16 (A vs B)
Warning; Bestmove does not match beginning of last PV - move g8h6 from B
Info; info depth 11 seldepth 30 multipv 1 score cp 146 nodes 81084 nps 269382 hashfull 28 tbhits 0 time 301 pv c7c6 b5c3 d7d5 e2e4 f8c5 f3f4 d8b6 g1f3 c5f2 e1e2 g8f6 f4e5 d5e4 e5f6 e4f3 g2f3
Position; fen rnbqkbnr/1ppp1ppp/8/p3p3/8/2N2P2/PPPPP1PP/R1BQKBNR w KQkq - 0 3
Moves; c3b5
Warning; Bestmove does not match beginning of last PV - move f1e2 from B
Info; info depth 12 seldepth 14 multipv 1 score cp 215 nodes 52571 nps 174076 hashfull 15 tbhits 0 time 302 pv e4f5 c8b7 a3b5 a7a6 b5c3 b8c6 g1f3 e7e6 f5e6 d7e6
Position; fen rnbqkbnr/p1ppp1pp/1p6/5p2/8/N2P4/PPP1PPPP/R1BQKBNR w KQkq - 0 3
Moves; e2e4 h7h5
Warning; Bestmove does not match beginning of last PV - move g8f6 from B
Info; info depth 11 seldepth 17 multipv 1 score cp 83 nodes 72781 nps 242603 hashfull 29 tbhits 0 time 300 pv e7e5 a3c2 c8b7 e3d2 g8f6 g2g3 d8e7 f1g2
Position; fen rnbqkbnr/p1ppp1pp/1p6/5p2/8/N2P4/PPP1PPPP/R1BQKBNR w KQkq - 0 3
Moves; c2c3 b8c6 c1e3
Warning; Bestmove does not match beginning of last PV - move c7b6 from B
Info; info depth 15 seldepth 20 multipv 1 score cp 558 nodes 76280 nps 253421 hashfull 26 tbhits 0 time 301 pv d7d5 d2d4 e5d4 c1h6 c7g3 e1d2 g7h6 e2e3 g3e5 e3d4 e5d4 d2c1 d4d1 c1d1
Position; fen rnbqkbnr/1ppp1ppp/8/p3p3/8/2N2P2/PPPPP1PP/R1BQKBNR w KQkq - 0 3
Moves; c3b5 g8h6 b5c7 d8c7 h2h4
Warning; Bestmove does not match beginning of last PV - move h1h8 from B
Info; info depth 16 seldepth 25 multipv 1 score cp 646 nodes 253211 nps 844036 hashfull 91 tbhits 0 time 300 pv d8c7 e2e4 c7g3 e1e2 g3g5 d2d4 g5f6 b1c3 h1h7 c1e3 h7h8 d1d2 e7e6
Position; fen rnbqkbnr/pp1pppp1/2p4p/8/7P/5N2/PPPPPPP1/RNBQKB1R w KQkq - 0 3
Moves; f3g5 h6g5 h4g5 h8h1 f2f3
Warning; Bestmove does not match beginning of last PV - move b1c3 from B
Info; info depth 14 seldepth 19 multipv 1 score cp 216 nodes 68459 nps 227438 hashfull 17 tbhits 0 time 301 pv e4e5 d7d5 e5d6 f8d6 b1d2 b6d8 f1d3 g8f6 d2c4 d6c7 a4a5 b8d7 e1g1 c6c5 f1e1 c5d4 f3d4
Position; fen rnbqkbnr/pp1pppp1/2p4p/8/7P/5N2/PPPPPPP1/RNBQKB1R w KQkq - 0 3
Moves; e2e4 d8b6 d2d4 g7g6 a2a4 e7e6
Finished game 4 (B vs A): 1-0 {White mates}
Started game 6 of 16 (B vs A)
Warning; Bestmove does not match beginning of last PV - move a5a4 from B
Info; info depth 15 seldepth 22 multipv 1 score cp 531 nodes 69320 nps 231066 hashfull 26 tbhits 0 time 300 pv d7d5 d2d4 f8d6 c1h6 g7h6 e2e3 b8c6 g1e2 c8e6
Position; fen rnbqkbnr/1ppp1ppp/8/p3p3/8/2N2P2/PPPPP1PP/R1BQKBNR w KQkq - 0 3
Moves; c3b5 g8h6 b5c7 d8c7 h2h4 c7b6 a2a3
Warning; Bestmove does not match beginning of last PV - move d7d5 from B
Info; info depth 16 seldepth 20 multipv 1 score cp 669 nodes 245806 nps 819353 hashfull 96 tbhits 0 time 300 pv d8c7 e1f2 e7e5 d2d4 e5e4 b1c3 d7d5 b2b4 c8e6 f3e4 b8d7 e4d5 e6d5
Position; fen rnbqkbnr/pp1pppp1/2p4p/8/7P/5N2/PPPPPPP1/RNBQKB1R w KQkq - 0 3
Moves; f3g5 h6g5 h4g5 h8h1 f2f3 h1h8 a2a3
Warning; Bestmove does not match beginning of last PV - move d7d6 from B
Info; info depth 15 seldepth 20 multipv 1 score cp 549 nodes 81249 nps 270830 hashfull 32 tbhits 0 time 300 pv d7d5 d2d4 b8c6 e2e4 f8e7 c2c3 e7h4 h3f2
Position; fen rnbqkbnr/1ppp1ppp/8/p3p3/8/2N2P2/PPPPP1PP/R1BQKBNR w KQkq - 0 3
Moves; c3b5 g8h6 b5c7 d8c7 h2h4 c7b6 a2a3 a5a4 g1h3
Warning; Bestmove does not match beginning of last PV - move e7e5 from B
Info; info depth 17 seldepth 24 multipv 1 score cp 706 nodes 310517 nps 1035056 hashfull 124 tbhits 0 time 300 pv d5d4 d2d3 e7e5 c2c4 f8e7 d1c2 e7g5 c1g5 d8g5 b1d2 g5f6 d2e4
Position; fen rnbqkbnr/pp1pppp1/2p4p/8/7P/5N2/PPPPPPP1/RNBQKB1R w KQkq - 0 3
Moves; f3g5 h6g5 h4g5 h8h1 f2f3 h1h8 a2a3 d7d5 e1f2
Warning; Bestmove does not match beginning of last PV - move e2e4 from B
Info; info depth 12 seldepth 20 multipv 1 score cp 141 nodes 56320 nps 185874 hashfull 21 tbhits 0 time 303 pv d4e5 f6e5 e2e4 g8f6 g1e2 f8b4 a2a3 b4c3 e2c3 e8g8 f1c4 b8c6 c1e3 f8d8 d1d2 d7d5 c3d5 f6d5 c4d5
Position; fen rnbqkbnr/1ppp1ppp/8/p3p3/8/2N2P2/PPPPP1PP/R1BQKBNR w KQkq - 0 3
Moves; d2d4 d8f6
Warning; Bestmove does not match beginning of last PV - move e5f6 from B
Info; info depth 16 seldepth 21 multipv 1 score cp 598 nodes 84736 nps 280582 hashfull 30 tbhits 0 time 302 pv a4a5 b6c7 e5f6 d7d5 a1a4 f8c5 b2b4 c5d6 e4e5 d6e5 f3e5 e8g8 e5f3 c8g4 c1h6 b8d7 f1e2
Position; fen rnbqkbnr/pp1pppp1/2p4p/8/7P/5N2/PPPPPPP1/RNBQKB1R w KQkq - 0 3
Moves; e2e4 d8b6 d2d4 g7g6 a2a4 e7e6 b1c3 e6e5 d4e5 g8f6
Warning; Bestmove does not match beginning of last PV - move d7d5 from B
Info; info depth 16 seldepth 19 multipv 1 score cp 702 nodes 101451 nps 338170 hashfull 46 tbhits 0 time 300 pv f4e3 g1h3 f8e7 g2g4 e8g8 g4g5 d7d5
Position; fen rnbqkbnr/p1ppp1pp/1p6/5p2/8/N2P4/PPP1PPPP/R1BQKBNR w KQkq - 0 3
Moves; c2c3 b8c6 c1e3 g8f6 a3b5 e7e5 b5c7 d8c7 f2f3 f5f4 h2h4
Warning; Bestmove does not match beginning of last PV - move d6d5 from B
Info; info depth 15 seldepth 25 multipv 1 score cp 499 nodes 101654 nps 337720 hashfull 36 tbhits 0 time 301 pv h6f5 e2e4 f5g3 d2d4 g3h1 f1c4 c8h3 g2h3 f8e7 c1e3 e7h4 e1f1 e8g8 f1g2 h1g3 b2b3 g8h8 b3a4 b6c7 c4d5 e5d4 e3d4 b8c6
Position; fen rnbqkbnr/1ppp1ppp/8/p3p3/8/2N2P2/PPPPP1PP/R1BQKBNR w KQkq - 0 3
Moves; c3b5 g8h6 b5c7 d8c7 h2h4 c7b6 a2a3 a5a4 g1h3 d7d6 c2c3
Warning; Bestmove does not match beginning of last PV - move b8d7 from B
Info; info depth 18 seldepth 25 multipv 1 score cp 828 nodes 254865 nps 849550 hashfull 89 tbhits 0 time 300 pv d8g5 b2b4 g5h4 f2g1 g8e7 b1c3 h4h2 g1f2 h2h7 f2g1 c8e6 a2b2 b8d7
Position; fen rnbqkbnr/pp1pppp1/2p4p/8/7P/5N2/PPPPPPP1/RNBQKB1R w KQkq - 0 3
Moves; f3g5 h6g5 h4g5 h8h1 f2f3 h1h8 a2a3 d7d5 e1f2 e7e5 a1a2
Warning; Bestmove does not match beginning of last PV - move g1e2 from B
Info; info depth 13 seldepth 28 multipv 1 score cp 242 nodes 70575 nps 234468 hashfull 24 tbhits 0 time 301 pv d4e5 f6e5 c3d5 g7g5 g1e2 f8b4 c2c3 b4c5 f3f4 e5e4 d5c7 e8d8 c7a8
Position; fen rnbqkbnr/1ppp1ppp/8/p3p3/8/2N2P2/PPPPP1PP/R1BQKBNR w KQkq - 0 3
Moves; d2d4 d8f6 e2e4 h7h6
Warning; Bestmove does not match beginning of last PV - move f8e7 from B
Info; info depth 13 seldepth 19 multipv 1 score cp 530 nodes 58004 nps 193346 hashfull 25 tbhits 0 time 300 pv f8d6 e3e4 e8g8 d2d4 d5e4 c1h6 g7h6 f3e4 e5d4 c3d4
Position; fen rnbqkbnr/1ppp1ppp/8/p3p3/8/2N2P2/PPPPP1PP/R1BQKBNR w KQkq - 0 3
Moves; c3b5 g8h6 b5c7 d8c7 h2h4 c7b6 a2a3 a5a4 g1h3 d7d6 c2c3 d6d5 e2e3
Warning; Bestmove does not match beginning of last PV - move d5d4 from B
Info; info depth 17 seldepth 24 multipv 1 score cp 830 nodes 210513 nps 701710 hashfull 77 tbhits 0 time 300 pv d8g5 f2g1 g5h4 c2c4 h4h2 g1f2 h2h7 b1c3 d5c4 b2b4 f8e7 c3e4
Position; fen rnbqkbnr/pp1pppp1/2p4p/8/7P/5N2/PPPPPPP1/RNBQKB1R w KQkq - 0 3
Moves; f3g5 h6g5 h4g5 h8h1 f2f3 h1h8 a2a3 d7d5 e1f2 e7e5 a1a2 b8d7 e2e3
Warning; Bestmove does not match beginning of last PV - move c3b5 from B
Info; info depth 16 seldepth 18 multipv 1 score cp 899 nodes 160218 nps 532285 hashfull 56 tbhits 0 time 301 pv c1e3 b6b4 f1e2 d7d6 d1d2 e7d8 e1g1 c8g4 f3d4 g4e2 d4e2 b8d7
Position; fen rnbqkbnr/pp1pppp1/2p4p/8/7P/5N2/PPPPPPP1/RNBQKB1R w KQkq - 0 3
Moves; e2e4 d8b6 d2d4 g7g6 a2a4 e7e6 b1c3 e6e5 d4e5 g8f6 e5f6 f8e7 f6e7 e8e7
Warning; Bestmove does not match beginning of last PV - move e5f4 from B
Info; info depth 17 seldepth 20 multipv 1 score cp 670 nodes 170443 nps 568143 hashfull 61 tbhits 0 time 300 pv a7a5 g1h3 f8d6 f1g2 e5f4 g3f4 c8h3 h1h3 d6f4 d1b3 f4g3 e1d1 e8g8
Position; fen rnbqkbnr/p1ppp1pp/1p6/5p2/8/N2P4/PPP1PPPP/R1BQKBNR w KQkq - 0 3
Moves; c2c3 b8c6 c1e3 g8f6 a3b5 e7e5 b5c7 d8c7 f2f3 f5f4 h2h4 d7d5 g2g3 f4e3 f3f4
Warning; Bestmove does not match beginning of last PV - move h6f5 from B
Info; info depth 15 seldepth 26 multipv 1 score cp 613 nodes 85961 nps 285584 hashfull 38 tbhits 0 time 301 pv a4b3 c3c4 d5d4 c4c5 b6c7 d1b3 d4e3
Position; fen rnbqkbnr/1ppp1ppp/8/p3p3/8/2N2P2/PPPPP1PP/R1BQKBNR w KQkq - 0 3
Moves; c3b5 g8h6 b5c7 d8c7 h2h4 c7b6 a2a3 a5a4 g1h3 d7d6 c2c3 d6d5 e2e3 f8e7 b2b4
Warning; Bestmove does not match beginning of last PV - move d4e3 from B
Info; info depth 17 seldepth 19 multipv 1 score cp 820 nodes 224230 nps 747433 hashfull 94 tbhits 0 time 300 pv d8g5 b2b4 f8e7 e3d4 g5h6 b1c3 e5d4 c3e4 e7h4 f2g1 h4e1
Position; fen rnbqkbnr/pp1pppp1/2p4p/8/7P/5N2/PPPPPPP1/RNBQKB1R w KQkq - 0 3
Moves; f3g5 h6g5 h4g5 h8h1 f2f3 h1h8 a2a3 d7d5 e1f2 e7e5 a1a2 b8d7 e2e3 d5d4 d1e1
Warning; Bestmove does not match beginning of last PV - move b5c3 from B
Info; info depth 16 seldepth 19 multipv 1 score cp 917 nodes 118905 nps 395033 hashfull 43 tbhits 0 time 301 pv c1d2 a5b6 a4a5 c6b5 a5b6 b8c6 d1c1 b5b4 d2f4 a7b6
Position; fen rnbqkbnr/pp1pppp1/2p4p/8/7P/5N2/PPPPPPP1/RNBQKB1R w KQkq - 0 3
Moves; e2e4 d8b6 d2d4 g7g6 a2a4 e7e6 b1c3 e6e5 d4e5 g8f6 e5f6 f8e7 f6e7 e8e7 c3b5 b6a5
Warning; Bestmove does not match beginning of last PV - move c8e6 from B
Info; info depth 16 seldepth 17 multipv 1 score cp 558 nodes 114647 nps 382156 hashfull 42 tbhits 0 time 300 pv f5g3 f1d3 g3h1 f2h1 e5e4 d3c2 a8a6 c1b2 b6g6 g2g3 e8g8
Position; fen rnbqkbnr/1ppp1ppp/8/p3p3/8/2N2P2/PPPPP1PP/R1BQKBNR w KQkq - 0 3
Moves; c3b5 g8h6 b5c7 d8c7 h2h4 c7b6 a2a3 a5a4 g1h3 d7d6 c2c3 d6d5 e2e3 f8e7 b2b4 h6f5 h3f2
Warning; Bestmove does not match beginning of last PV - move f8e7 from B
Info; info depth 16 seldepth 23 multipv 1 score cp 776 nodes 210036 nps 700120 hashfull 86 tbhits 0 time 300 pv f8c5 d2d4 c5d4 a2a1 d7f8 f2e1 c8e6
Position; fen rnbqkbnr/pp1pppp1/2p4p/8/7P/5N2/PPPPPPP1/RNBQKB1R w KQkq - 0 3
Moves; f3g5 h6g5 h4g5 h8h1 f2f3 h1h8 a2a3 d7d5 e1f2 e7e5 a1a2 b8d7 e2e3 d5d4 d1e1 d4e3 e1e3
Warning; Bestmove does not match beginning of last PV - move c3b5 from B
Info; info depth 18 seldepth 23 multipv 1 score cp 785 nodes 314932 nps 1049773 hashfull 128 tbhits 0 time 300 pv e2d4 f8c5 c3d5 b8a6 c2c3 a5a4 f1a6 a8a6 e1f2 c5d4 c3d4 g8e7 d5e7 d7d6
Position; fen rnbqkbnr/1ppp1ppp/8/p3p3/8/2N2P2/PPPPP1PP/R1BQKBNR w KQkq - 0 3
Moves; d2d4 d8f6 e2e4 h7h6 g1e2 f6h4 g2g3 h4h2 h1h2 e5d4
Warning; Bestmove does not match beginning of last PV - move c1e3 from B
Info; info depth 16 seldepth 22 multipv 1 score cp 865 nodes 223713 nps 745710 hashfull 95 tbhits 0 time 300 pv c1f4 d7d5 d1d2 e7e8 e4d5 f7f6 f1d3 e8f7 c3e2 a5d2 f4d2 h8e8 d5c6 b8c6
Position; fen rnbqkbnr/pp1pppp1/2p4p/8/7P/5N2/PPPPPPP1/RNBQKB1R w KQkq - 0 3
Moves; e2e4 d8b6 d2d4 g7g6 a2a4 e7e6 b1c3 e6e5 d4e5 g8f6 e5f6 f8e7 f6e7 e8e7 c3b5 b6a5 b5c3 a7a6
Warning; Bestmove does not match beginning of last PV - move e7c5 from B
Info; info depth 17 seldepth 21 multipv 1 score cp 930 nodes 189640 nps 632133 hashfull 74 tbhits 0 time 300 pv e7g5 e3d3 b7a6 f2e2 g8e7 d3d6 h8h6 d2d4 g5c1 b1c3 h6d6
Position; fen rnbqkbnr/pp1pppp1/2p4p/8/7P/5N2/PPPPPPP1/RNBQKB1R w KQkq - 0 3
Moves; f3g5 h6g5 h4g5 h8h1 f2f3 h1h8 a2a3 d7d5 e1f2 e7e5 a1a2 b8d7 e2e3 d5d4 d1e1 d4e3 e1e3 f8e7 f1a6
Warning; Bestmove does not match beginning of last PV - move e2d4 from B
Info; info depth 17 seldepth 29 multipv 1 score cp 896 nodes 300089 nps 1000296 hashfull 123 tbhits 0 time 300 pv b5c7 e8f7 c7a8 b8c6 e2d4 d7d5 e4d5 c6d4 d1d4 g8e7 c2c3 e7f5
Position; fen rnbqkbnr/1ppp1ppp/8/p3p3/8/2N2P2/PPPPP1PP/R1BQKBNR w KQkq - 0 3
Moves; d2d4 d8f6 e2e4 h7h6 g1e2 f6h4 g2g3 h4h2 h1h2 e5d4 c3b5 f7f6
Warning; Bestmove does not match beginning of last PV - move e8f8 from B
Info; info depth 17 seldepth 21 multipv 1 score cp 631 nodes 90724 nps 302413 hashfull 36 tbhits 0 time 300 pv b6b5 h1g1 g3e4 f3e4 b8d7 e4d5 e6d5 c1b2 d5b3
Position; fen rnbqkbnr/1ppp1ppp/8/p3p3/8/2N2P2/PPPPP1PP/R1BQKBNR w KQkq - 0 3
Moves; c3b5 g8h6 b5c7 d8c7 h2h4 c7b6 a2a3 a5a4 g1h3 d7d6 c2c3 d6d5 e2e3 f8e7 b2b4 h6f5 h3f2 c8e6 g2g4 f5g3 f1b5
Warning; Bestmove does not match beginning of last PV - move b6b5 from B
Info; info depth 17 seldepth 28 multipv 1 score cp 663 nodes 136121 nps 453736 hashfull 50 tbhits 0 time 300 pv g3h1 b5a4 h1f2 e1f2 h7h6 c1b2 h6g5 h4g5 b6a6 a4c2 b8c6 c3c4 d5c4
Position; fen rnbqkbnr/1ppp1ppp/8/p3p3/8/2N2P2/PPPPP1PP/R1BQKBNR w KQkq - 0 3
Moves; c3b5 g8h6 b5c7 d8c7 h2h4 c7b6 a2a3 a5a4 g1h3 d7d6 c2c3 d6d5 e2e3 f8e7 b2b4 h6f5 h3f2 c8e6 g2g4 f5g3 f1b5 e8f8 g4g5
Warning; Bestmove does not match beginning of last PV - move a7b6 from B
Info; info depth 17 seldepth 25 multipv 1 score cp 1037 nodes 282991 nps 943303 hashfull 106 tbhits 0 time 300 pv e1c1 d7d5 a7b6 a5b6 d4b6 c8g4 c1b1 e7f7 b6b3 f7g7 h4h5 g4f3 b3b7 b8d7 b7d7 g7f8 g2f3
Position; fen rnbqkbnr/pp1pppp1/2p4p/8/7P/5N2/PPPPPPP1/RNBQKB1R w KQkq - 0 3
Moves; e2e4 d8b6 d2d4 g7g6 a2a4 e7e6 b1c3 e6e5 d4e5 g8f6 e5f6 f8e7 f6e7 e8e7 c3b5 b6a5 b5c3 a7a6 c1e3 a8a7 e3a7 f7f6 d1d4 h8e8
Warning; Bestmove does not match beginning of last PV - move h7g6 from B
Info; info depth 16 seldepth 22 multipv 1 score cp 854 nodes 133996 nps 446653 hashfull 53 tbhits 0 time 300 pv g3h1 f2h1 e7h4 h1f2 h7g6 c3c4 b5c4 c1b2 b8c6 b4b5 c4b5
Position; fen rnbqkbnr/1ppp1ppp/8/p3p3/8/2N2P2/PPPPP1PP/R1BQKBNR w KQkq - 0 3
Moves; c3b5 g8h6 b5c7 d8c7 h2h4 c7b6 a2a3 a5a4 g1h3 d7d6 c2c3 d6d5 e2e3 f8e7 b2b4 h6f5 h3f2 c8e6 g2g4 f5g3 f1b5 e8f8 g4g5 b6b5 g5g6
Warning; Bestmove does not match beginning of last PV - move g5g6 from B
Info; info depth 18 seldepth 16 multipv 1 score mate 8 nodes 244421 nps 814736 hashfull 87 tbhits 0 time 300 pv d7c5 d3c2 g5g6 d2d3 b7a6 b2b4 g6d3 c2b2 c8f5 b1d2 d3c2 b2a1 c2c1 d2b1 c1b1
Position; fen rnbqkbnr/pp1pppp1/2p4p/8/7P/5N2/PPPPPPP1/RNBQKB1R w KQkq - 0 3
Moves; f3g5 h6g5 h4g5 h8h1 f2f3 h1h8 a2a3 d7d5 e1f2 e7e5 a1a2 b8d7 e2e3 d5d4 d1e1 d4e3 e1e3 f8e7 f1a6 e7c5 c2c3 c5e3 f2e3 d8g5 e3d3
Warning; Bestmove does not match beginning of last PV - move g3h1 from B
Info; info depth 17 seldepth 27 multipv 1 score cp 872 nodes 300024 nps 1000080 hashfull 129 tbhits 0 time 300 pv e7h4 d1f3 g3h1 f3h1 h4f2 e1f2 h8h1 c3c4 h1h3 c1b2 b5e8 c4d5 e6d5 f4e5
Position; fen rnbqkbnr/1ppp1ppp/8/p3p3/8/2N2P2/PPPPP1PP/R1BQKBNR w KQkq - 0 3
Moves; c3b5 g8h6 b5c7 d8c7 h2h4 c7b6 a2a3 a5a4 g1h3 d7d6 c2c3 d6d5 e2e3 f8e7 b2b4 h6f5 h3f2 c8e6 g2g4 f5g3 f1b5 e8f8 g4g5 b6b5 g5g6 h7g6 f3f4
Warning; Bestmove does not match beginning of last PV - move b5c7 from B
Info; info depth 17 seldepth 32 multipv 1 score cp 1060 nodes 328801 nps 1096003 hashfull 128 tbhits 0 time 300 pv e4e5 g8e7 c1a3 d7d6 e5d6 e7d5 f1d3 f6f5
Position; fen rnbqkbnr/1ppp1ppp/8/p3p3/8/2N2P2/PPPPP1PP/R1BQKBNR w KQkq - 0 3
Moves; d2d4 d8f6 e2e4 h7h6 g1e2 f6h4 g2g3 h4h2 h1h2 e5d4 c3b5 f7f6 e2d4 f8b4 c2c3 b4c3 b2c3 e8f7 d1b3 f7g6
Warning; Bestmove does not match beginning of last PV - move g3g4 from B
Info; info depth 17 seldepth 26 multipv 1 score cp 1016 nodes 369528 nps 1231760 hashfull 116 tbhits 0 time 300 pv c7a8 g8e7 a8b6 a5a4 b3b1 c6d4 c3d4 d7d5 b6a4
Position; fen rnbqkbnr/1ppp1ppp/8/p3p3/8/2N2P2/PPPPP1PP/R1BQKBNR w KQkq - 0 3
Moves; d2d4 d8f6 e2e4 h7h6 g1e2 f6h4 g2g3 h4h2 h1h2 e5d4 c3b5 f7f6 e2d4 f8b4 c2c3 b4c3 b2c3 e8f7 d1b3 f7g6 b5c7 b8c6
Warning; Bestmove does not match beginning of last PV - move g6e6 from B
Info; info depth 42 seldepth 6 multipv 1 score mate 3 nodes 425250 nps 1417500 hashfull 51 tbhits 0 time 300 pv a7a5 b4b5 g6a6 b5a4 d7c5
Position; fen rnbqkbnr/pp1pppp1/2p4p/8/7P/5N2/PPPPPPP1/RNBQKB1R w KQkq - 0 3
Moves; f3g5 h6g5 h4g5 h8h1 f2f3 h1h8 a2a3 d7d5 e1f2 e7e5 a1a2 b8d7 e2e3 d5d4 d1e1 d4e3 e1e3 f8e7 f1a6 e7c5 c2c3 c5e3 f2e3 d8g5 e3d3 g5g6 d3c4 b7b5 a6b5 c6b5 c4b4
Warning; Bestmove does not match beginning of last PV - move e6d6 from B
Info; info depth 29 seldepth 6 multipv 1 score mate 3 nodes 299324 nps 997746 hashfull 95 tbhits 0 time 300 pv a7a5 b4b5 e6a6 b5a4 d7c5
Position; fen rnbqkbnr/pp1pppp1/2p4p/8/7P/5N2/PPPPPPP1/RNBQKB1R w KQkq - 0 3
Moves; f3g5 h6g5 h4g5 h8h1 f2f3 h1h8 a2a3 d7d5 e1f2 e7e5 a1a2 b8d7 e2e3 d5d4 d1e1 d4e3 e1e3 f8e7 f1a6 e7c5 c2c3 c5e3 f2e3 d8g5 e3d3 g5g6 d3c4 b7b5 a6b5 c6b5 c4b4 g6e6 d2d3
Warning; Bestmove does not match beginning of last PV - move c1f4 from B
Info; info depth 17 seldepth 16 multipv 1 score mate 7 nodes 310399 nps 1034663 hashfull 138 tbhits 0 time 300 pv f1d3 d7d5 e4e5 f6f5 g4f5 g6h7 b3d5 b7b5 f5f6 c8f5 d3f5 g7g6 d5f7
Position; fen rnbqkbnr/1ppp1ppp/8/p3p3/8/2N2P2/PPPPP1PP/R1BQKBNR w KQkq - 0 3
Moves; d2d4 d8f6 e2e4 h7h6 g1e2 f6h4 g2g3 h4h2 h1h2 e5d4 c3b5 f7f6 e2d4 f8b4 c2c3 b4c3 b2c3 e8f7 d1b3 f7g6 b5c7 b8c6 g3g4 c6d4 c3d4 a8a7
Warning; Bestmove does not match beginning of last PV - move g6h6 from B
Info; info depth 37 seldepth 8 multipv 1 score mate 4 nodes 338020 nps 1126733 hashfull 67 tbhits 0 time 300 pv c5d6 e8e7 f1c4 c8e6 c4e6 b8d7 g6g8
Position; fen rnbqkbnr/pp1pppp1/2p4p/8/7P/5N2/PPPPPPP1/RNBQKB1R w KQkq - 0 3
Moves; e2e4 d8b6 d2d4 g7g6 a2a4 e7e6 b1c3 e6e5 d4e5 g8f6 e5f6 f8e7 f6e7 e8e7 c3b5 b6a5 b5c3 a7a6 c1e3 a8a7 e3a7 f7f6 d1d4 h8e8 a7b6 a5c3 d4c3 e7f8 c3f6 f8g8 f6g6 g8f8 b6c5 d7d6
Warning; Bestmove does not match beginning of last PV - move h8f8 from B
Info; info depth 37 seldepth 6 multipv 1 score mate 3 nodes 390957 nps 1303190 hashfull 65 tbhits 0 time 300 pv c6d4 a3a4 e3e2 d1c1 e2c2
Position; fen rnbqkbnr/p1ppp1pp/1p6/5p2/8/N2P4/PPP1PPPP/R1BQKBNR w KQkq - 0 3
Moves; c2c3 b8c6 c1e3 g8f6 a3b5 e7e5 b5c7 d8c7 f2f3 f5f4 h2h4 d7d5 g2g3 f4e3 f3f4 e5f4 g3f4 c7f4 d1b3 f4f2 e1d1 f2f1 d1c2 f1a1 h1h3 a1g1 h3e3 g1e3 c2d1 c8d7 a2a3 f8e7 b3d5 f6d5 d3d4
Warning; Bestmove does not match beginning of last PV - move e4e5 from B
Info; info depth 18 seldepth 18 multipv 1 score mate 9 nodes 233782 nps 779273 hashfull 98 tbhits 0 time 300 pv f1d3 d7d5 e4e5 f6f5 g4f5 g6h7 f5f6 c8f5 d3f5 g7g6 h2h5 g8h6 h5h6 h7g8 b3d5 g8f8 h6h8
Position; fen rnbqkbnr/1ppp1ppp/8/p3p3/8/2N2P2/PPPPP1PP/R1BQKBNR w KQkq - 0 3
Moves; d2d4 d8f6 e2e4 h7h6 g1e2 f6h4 g2g3 h4h2 h1h2 e5d4 c3b5 f7f6 e2d4 f8b4 c2c3 b4c3 b2c3 e8f7 d1b3 f7g6 b5c7 b8c6 g3g4 c6d4 c3d4 a8a7 c1f4 h6h5
Warning; Bestmove does not match beginning of last PV - move h8h1 from B
Info; info depth 47 seldepth 4 multipv 1 score mate 2 nodes 597664 nps 1992213 hashfull 29 tbhits 0 time 300 pv b5d3 c1d2 d3d2
Position; fen rnbqkbnr/1ppp1ppp/8/p3p3/8/2N2P2/PPPPP1PP/R1BQKBNR w KQkq - 0 3
Moves; c3b5 g8h6 b5c7 d8c7 h2h4 c7b6 a2a3 a5a4 g1h3 d7d6 c2c3 d6d5 e2e3 f8e7 b2b4 h6f5 h3f2 c8e6 g2g4 f5g3 f1b5 e8f8 g4g5 b6b5 g5g6 h7g6 f3f4 g3h1 f4e5 e7h4 d2d4 h1f2 d1f3 f2e4 f3f2 h4f2 e1d1
Warning; Bestmove does not match beginning of last PV - move f1c4 from B
Info; info depth 20 seldepth 8 multipv 1 score mate 4 nodes 390451 nps 1301503 hashfull 160 tbhits 0 time 300 pv h6g6 g8h8 c5d4 e8e5 f3e5 d6d5 e5f7
Position; fen rnbqkbnr/pp1pppp1/2p4p/8/7P/5N2/PPPPPPP1/RNBQKB1R w KQkq - 0 3
Moves; e2e4 d8b6 d2d4 g7g6 a2a4 e7e6 b1c3 e6e5 d4e5 g8f6 e5f6 f8e7 f6e7 e8e7 c3b5 b6a5 b5c3 a7a6 c1e3 a8a7 e3a7 f7f6 d1d4 h8e8 a7b6 a5c3 d4c3 e7f8 c3f6 f8g8 f6g6 g8f8 b6c5 d7d6 g6h6 f8g8
Warning; Bestmove does not match beginning of last PV - move c6d4 from B
Info; info depth 41 seldepth 8 multipv 1 score mate 4 nodes 587621 nps 1958736 hashfull 44 tbhits 0 time 300 pv e3e2 c2b3 c6a5 b3a2 d5c3 a2a1 f8f1
Position; fen rnbqkbnr/p1ppp1pp/1p6/5p2/8/N2P4/PPP1PPPP/R1BQKBNR w KQkq - 0 3
Moves; c2c3 b8c6 c1e3 g8f6 a3b5 e7e5 b5c7 d8c7 f2f3 f5f4 h2h4 d7d5 g2g3 f4e3 f3f4 e5f4 g3f4 c7f4 d1b3 f4f2 e1d1 f2f1 d1c2 f1a1 h1h3 a1g1 h3e3 g1e3 c2d1 c8d7 a2a3 f8e7 b3d5 f6d5 d3d4 h8f8 d1c2
Warning; Bestmove does not match beginning of last PV - move b5c4 from B
Info; info depth 47 seldepth 4 multipv 1 score mate 2 nodes 585085 nps 1950283 hashfull 37 tbhits 0 time 300 pv b5e2 c1d2 e2d2
Position; fen rnbqkbnr/1ppp1ppp/8/p3p3/8/2N2P2/PPPPP1PP/R1BQKBNR w KQkq - 0 3
Moves; c3b5 g8h6 b5c7 d8c7 h2h4 c7b6 a2a3 a5a4 g1h3 d7d6 c2c3 d6d5 e2e3 f8e7 b2b4 h6f5 h3f2 c8e6 g2g4 f5g3 f1b5 e8f8 g4g5 b6b5 g5g6 h7g6 f3f4 g3h1 f4e5 e7h4 d2d4 h1f2 d1f3 f2e4 f3f2 h4f2 e1d1 h8h1 d1c2
Warning; Bestmove does not match beginning of last PV - move f8f1 from B
Info; info depth 195 seldepth 6 multipv 1 score mate 3 nodes 1123305 nps 3744350 hashfull 5 tbhits 0 time 300 pv d5c3 b2c3 f8f1 b1a2 e3e2
Position; fen rnbqkbnr/p1ppp1pp/1p6/5p2/8/N2P4/PPP1PPPP/R1BQKBNR w KQkq - 0 3
Moves; c2c3 b8c6 c1e3 g8f6 a3b5 e7e5 b5c7 d8c7 f2f3 f5f4 h2h4 d7d5 g2g3 f4e3 f3f4 e5f4 g3f4 c7f4 d1b3 f4f2 e1d1 f2f1 d1c2 f1a1 h1h3 a1g1 h3e3 g1e3 c2d1 c8d7 a2a3 f8e7 b3d5 f6d5 d3d4 h8f8 d1c2 c6d4 c2b1
Warning; Bestmove does not match beginning of last PV - move c4b3 from B
Info; info depth 48 seldepth 6 multipv 1 score mate 3 nodes 801228 nps 2670760 hashfull 62 tbhits 0 time 300 pv h1a1 d2e1 c4e2 e1d2 e2d2
Position; fen rnbqkbnr/1ppp1ppp/8/p3p3/8/2N2P2/PPPPP1PP/R1BQKBNR w KQkq - 0 3
Moves; c3b5 g8h6 b5c7 d8c7 h2h4 c7b6 a2a3 a5a4 g1h3 d7d6 c2c3 d6d5 e2e3 f8e7 b2b4 h6f5 h3f2 c8e6 g2g4 f5g3 f1b5 e8f8 g4g5 b6b5 g5g6 h7g6 f3f4 g3h1 f4e5 e7h4 d2d4 h1f2 d1f3 f2e4 f3f2 h4f2 e1d1 h8h1 d1c2 b5c4 c1d2
Warning; Bestmove does not match beginning of last PV - move f3g5 from B
Info; info depth 245 seldepth 2 multipv 1 score mate 1 nodes 86037 nps 2098463 hashfull 0 tbhits 0 time 41 pv h6h8
Position; fen rnbqkbnr/pp1pppp1/2p4p/8/7P/5N2/PPPPPPP1/RNBQKB1R w KQkq - 0 3
Moves; e2e4 d8b6 d2d4 g7g6 a2a4 e7e6 b1c3 e6e5 d4e5 g8f6 e5f6 f8e7 f6e7 e8e7 c3b5 b6a5 b5c3 a7a6 c1e3 a8a7 e3a7 f7f6 d1d4 h8e8 a7b6 a5c3 d4c3 e7f8 c3f6 f8g8 f6g6 g8f8 b6c5 d7d6 g6h6 f8g8 f1c4 c8e6 c5d4 e8e7 c4e6 e7f7
Warning; Bestmove does not match beginning of last PV - move h6g6 from B
Info; info depth 245 seldepth 2 multipv 1 score mate 1 nodes 64113 nps 2210793 hashfull 0 tbhits 0 time 29 pv e6f7
Position; fen rnbqkbnr/pp1pppp1/2p4p/8/7P/5N2/PPPPPPP1/RNBQKB1R w KQkq - 0 3
Moves; e2e4 d8b6 d2d4 g7g6 a2a4 e7e6 b1c3 e6e5 d4e5 g8f6 e5f6 f8e7 f6e7 e8e7 c3b5 b6a5 b5c3 a7a6 c1e3 a8a7 e3a7 f7f6 d1d4 h8e8 a7b6 a5c3 d4c3 e7f8 c3f6 f8g8 f6g6 g8f8 b6c5 d7d6 g6h6 f8g8 f1c4 c8e6 c5d4 e8e7 c4e6 e7f7 f3g5 d6d5
Finished game 1 (A vs B): 0-1 {Black mates}
Started game 7 of 16 (A vs B)
Warning; Bestmove does not match beginning of last PV - move f3g4 from B
Info; info depth 21 seldepth 8 multipv 1 score mate 4 nodes 328954 nps 1096513 hashfull 130 tbhits 0 time 300 pv d3f5 g6f5 b3c2 f5f4 c7d5 f4f3 c2d3
Position; fen rnbqkbnr/1ppp1ppp/8/p3p3/8/2N2P2/PPPPP1PP/R1BQKBNR w KQkq - 0 3
Moves; d2d4 d8f6 e2e4 h7h6 g1e2 f6h4 g2g3 h4h2 h1h2 e5d4 c3b5 f7f6 e2d4 f8b4 c2c3 b4c3 b2c3 e8f7 d1b3 f7g6 b5c7 b8c6 g3g4 c6d4 c3d4 a8a7 c1f4 h6h5 e4e5 h5g4 f1d3 f6f5
Warning; Bestmove does not match beginning of last PV - move e3e6 from B
Info; info depth 165 seldepth 4 multipv 1 score mate 2 nodes 859735 nps 2865783 hashfull 3 tbhits 0 time 300 pv d5c3 b2c3 e3e2
Position; fen rnbqkbnr/p1ppp1pp/1p6/5p2/8/N2P4/PPP1PPPP/R1BQKBNR w KQkq - 0 3
Moves; c2c3 b8c6 c1e3 g8f6 a3b5 e7e5 b5c7 d8c7 f2f3 f5f4 h2h4 d7d5 g2g3 f4e3 f3f4 e5f4 g3f4 c7f4 d1b3 f4f2 e1d1 f2f1 d1c2 f1a1 h1h3 a1g1 h3e3 g1e3 c2d1 c8d7 a2a3 f8e7 b3d5 f6d5 d3d4 h8f8 d1c2 c6d4 c2b1 f8f1 b1a2
Warning; Bestmove does not match beginning of last PV - move d5f4 from B
Info; info depth 245 seldepth 4 multipv 1 score mate 2 nodes 121805 nps 1996803 hashfull 0 tbhits 0 time 61 pv d5c3 b2c3 e6e2
Position; fen rnbqkbnr/p1ppp1pp/1p6/5p2/8/N2P4/PPP1PPPP/R1BQKBNR w KQkq - 0 3
Moves; c2c3 b8c6 c1e3 g8f6 a3b5 e7e5 b5c7 d8c7 f2f3 f5f4 h2h4 d7d5 g2g3 f4e3 f3f4 e5f4 g3f4 c7f4 d1b3 f4f2 e1d1 f2f1 d1c2 f1a1 h1h3 a1g1 h3e3 g1e3 c2d1 c8d7 a2a3 f8e7 b3d5 f6d5 d3d4 h8f8 d1c2 c6d4 c2b1 f8f1 b1a2 e3e6 c3c4
Warning; Bestmove does not match beginning of last PV - move e1g1 from B
Info; info depth 245 seldepth 2 multipv 1 score mate 1 nodes 1067319 nps 3744978 hashfull 3 tbhits 0 time 285 pv g6f7
Position; fen rnbqkbnr/pp1pppp1/2p4p/8/7P/5N2/PPPPPPP1/RNBQKB1R w KQkq - 0 3
Moves; e2e4 d8b6 d2d4 g7g6 a2a4 e7e6 b1c3 e6e5 d4e5 g8f6 e5f6 f8e7 f6e7 e8e7 c3b5 b6a5 b5c3 a7a6 c1e3 a8a7 e3a7 f7f6 d1d4 h8e8 a7b6 a5c3 d4c3 e7f8 c3f6 f8g8 f6g6 g8f8 b6c5 d7d6 g6h6 f8g8 f1c4 c8e6 c5d4 e8e7 c4e6 e7f7 f3g5 d6d5 h6g6 g8f8
Warning; Bestmove does not match beginning of last PV - move c4f7 from B
Info; info depth 245 seldepth 2 multipv 1 score mate 1 nodes 89068 nps 2071348 hashfull 0 tbhits 0 time 43 pv c4b3
Position; fen rnbqkbnr/p1ppp1pp/1p6/5p2/8/N2P4/PPP1PPPP/R1BQKBNR w KQkq - 0 3
Moves; c2c3 b8c6 c1e3 g8f6 a3b5 e7e5 b5c7 d8c7 f2f3 f5f4 h2h4 d7d5 g2g3 f4e3 f3f4 e5f4 g3f4 c7f4 d1b3 f4f2 e1d1 f2f1 d1c2 f1a1 h1h3 a1g1 h3e3 g1e3 c2d1 c8d7 a2a3 f8e7 b3d5 f6d5 d3d4 h8f8 d1c2 c6d4 c2b1 f8f1 b1a2 e3e6 c3c4 d5f4 h4h5 e6c4 b2b3
Finished game 3 (A vs B): 0-1 {Black mates}
Started game 8 of 16 (B vs A)
Warning; Bestmove does not match beginning of last PV - move h1d1 from B
Info; info depth 51 seldepth 6 multipv 1 score mate 3 nodes 680845 nps 2269483 hashfull 29 tbhits 0 time 300 pv h1a1 b4b5 b3b1 d3e2 e6g4
Position; fen rnbqkbnr/1ppp1ppp/8/p3p3/8/2N2P2/PPPPP1PP/R1BQKBNR w KQkq - 0 3
Moves; c3b5 g8h6 b5c7 d8c7 h2h4 c7b6 a2a3 a5a4 g1h3 d7d6 c2c3 d6d5 e2e3 f8e7 b2b4 h6f5 h3f2 c8e6 g2g4 f5g3 f1b5 e8f8 g4g5 b6b5 g5g6 h7g6 f3f4 g3h1 f4e5 e7h4 d2d4 h1f2 d1f3 f2e4 f3f2 h4f2 e1d1 h8h1 d1c2 b5c4 c1d2 c4b3 c2d3
Warning; Bestmove does not match beginning of last PV - move d7d6 from B
Info; info depth 12 seldepth 16 multipv 1 score cp 121 nodes 72356 nps 239589 hashfull 19 tbhits 0 time 302 pv a6b4 e2e3 d7d6 h3f2 e7e5 c1a3 b4c6 f4e5 d6e5 a3f8 e8f8
Position; fen r1bqkbnr/ppppppp1/n6p/8/5P2/7N/PPPPP1PP/RNBQKB1R w KQkq - 1 3
Moves; b2b4
Warning; Bestmove does not match beginning of last PV - move d4c5 from B
Info; info depth 43 seldepth 4 multipv 1 score mate 2 nodes 718079 nps 2393596 hashfull 77 tbhits 0 time 300 pv g6f7 e7d8 d4b6
Position; fen rnbqkbnr/pp1pppp1/2p4p/8/7P/5N2/PPPPPPP1/RNBQKB1R w KQkq - 0 3
Moves; e2e4 d8b6 d2d4 g7g6 a2a4 e7e6 b1c3 e6e5 d4e5 g8f6 e5f6 f8e7 f6e7 e8e7 c3b5 b6a5 b5c3 a7a6 c1e3 a8a7 e3a7 f7f6 d1d4 h8e8 a7b6 a5c3 d4c3 e7f8 c3f6 f8g8 f6g6 g8f8 b6c5 d7d6 g6h6 f8g8 f1c4 c8e6 c5d4 e8e7 c4e6 e7f7 f3g5 d6d5 h6g6 g8f8 e1g1 f8e7
Warning; Bestmove does not match beginning of last PV - move e2e3 from B
Info; info depth 11 seldepth 16 multipv 1 score cp 37 nodes 72863 nps 242069 hashfull 16 tbhits 0 time 301 pv h3f2 e7e6 b2b3 d8f6 d2d4 d7d5 e2e4 d5e4 f2e4
Position; fen r1bqkbnr/ppppppp1/n6p/8/5P2/7N/PPPPP1PP/RNBQKB1R w KQkq - 1 3
Moves; 
Warning; Bestmove does not match beginning of last PV - move f8e8 from B
Info; info depth 245 seldepth 2 multipv 1 score mate 1 nodes 69918 nps 2689153 hashfull 0 tbhits 0 time 26 pv d1d2
Position; fen rnbqkbnr/1ppp1ppp/8/p3p3/8/2N2P2/PPPPP1PP/R1BQKBNR w KQkq - 0 3
Moves; c3b5 g8h6 b5c7 d8c7 h2h4 c7b6 a2a3 a5a4 g1h3 d7d6 c2c3 d6d5 e2e3 f8e7 b2b4 h6f5 h3f2 c8e6 g2g4 f5g3 f1b5 e8f8 g4g5 b6b5 g5g6 h7g6 f3f4 g3h1 f4e5 e7h4 d2d4 h1f2 d1f3 f2e4 f3f2 h4f2 e1d1 h8h1 d1c2 b5c4 c1d2 c4b3 c2d3 h1d1 a1d1 b3d1 b4b5
Finished game 5 (A vs B): 0-1 {Black mates}
Started game 9 of 16 (A vs B)
Warning; Bestmove does not match beginning of last PV - move c5b6 from B
Info; info depth 245 seldepth 4 multipv 1 score mate 2 nodes 586096 nps 2887172 hashfull 9 tbhits 0 time 203 pv g6f7 d5e4 c5b6
Position; fen rnbqkbnr/pp1pppp1/2p4p/8/7P/5N2/PPPPPPP1/RNBQKB1R w KQkq - 0 3
Moves; e2e4 d8b6 d2d4 g7g6 a2a4 e7e6 b1c3 e6e5 d4e5 g8f6 e5f6 f8e7 f6e7 e8e7 c3b5 b6a5 b5c3 a7a6 c1e3 a8a7 e3a7 f7f6 d1d4 h8e8 a7b6 a5c3 d4c3 e7f8 c3f6 f8g8 f6g6 g8f8 b6c5 d7d6 g6h6 f8g8 f1c4 c8e6 c5d4 e8e7 c4e6 e7f7 f3g5 d6d5 h6g6 g8f8 e1g1 f8e7 d4c5 e7d8
Warning; Bestmove does not match beginning of last PV - move f1d1 from B
Info; info depth 245 seldepth 4 multipv 1 score mate 2 nodes 553652 nps 2898701 hashfull 3 tbhits 0 time 191 pv g6f7 d5e4 b6c7
Position; fen rnbqkbnr/pp1pppp1/2p4p/8/7P/5N2/PPPPPPP1/RNBQKB1R w KQkq - 0 3
Moves; e2e4 d8b6 d2d4 g7g6 a2a4 e7e6 b1c3 e6e5 d4e5 g8f6 e5f6 f8e7 f6e7 e8e7 c3b5 b6a5 b5c3 a7a6 c1e3 a8a7 e3a7 f7f6 d1d4 h8e8 a7b6 a5c3 d4c3 e7f8 c3f6 f8g8 f6g6 g8f8 b6c5 d7d6 g6h6 f8g8 f1c4 c8e6 c5d4 e8e7 c4e6 e7f7 f3g5 d6d5 h6g6 g8f8 e1g1 f8e7 d4c5 e7d8 c5b6 f7c7
Warning; Bestmove does not match beginning of last PV - move b6c5 from B
Info; info depth 245 seldepth 4 multipv 1 score mate 2 nodes 830210 nps 3029963 hashfull 4 tbhits 0 time 274 pv g6f7 e7d8 b6c7
Position; fen rnbqkbnr/pp1pppp1/2p4p/8/7P/5N2/PPPPPPP1/RNBQKB1R w KQkq - 0 3
Moves; e2e4 d8b6 d2d4 g7g6 a2a4 e7e6 b1c3 e6e5 d4e5 g8f6 e5f6 f8e7 f6e7 e8e7 c3b5 b6a5 b5c3 a7a6 c1e3 a8a7 e3a7 f7f6 d1d4 h8e8 a7b6 a5c3 d4c3 e7f8 c3f6 f8g8 f6g6 g8f8 b6c5 d7d6 g6h6 f8g8 f1c4 c8e6 c5d4 e8e7 c4e6 e7f7 f3g5 d6d5 h6g6 g8f8 e1g1 f8e7 d4c5 e7d8 c5b6 f7c7 f1d1 d8e7
Warning; Bestmove does not match beginning of last PV - move g6f6 from B
Info; info depth 245 seldepth 2 multipv 1 score mate 1 nodes 861243 nps 2959597 hashfull 4 tbhits 0 time 291 pv g6g8
Position; fen rnbqkbnr/pp1pppp1/2p4p/8/7P/5N2/PPPPPPP1/RNBQKB1R w KQkq - 0 3
Moves; e2e4 d8b6 d2d4 g7g6 a2a4 e7e6 b1c3 e6e5 d4e5 g8f6 e5f6 f8e7 f6e7 e8e7 c3b5 b6a5 b5c3 a7a6 c1e3 a8a7 e3a7 f7f6 d1d4 h8e8 a7b6 a5c3 d4c3 e7f8 c3f6 f8g8 f6g6 g8f8 b6c5 d7d6 g6h6 f8g8 f1c4 c8e6 c5d4 e8e7 c4e6 e7f7 f3g5 d6d5 h6g6 g8f8 e1g1 f8e7 d4c5 e7d8 c5b6 f7c7 f1d1 d8e7 b6c5 e7d8
Finished game 6 (B vs A): 1-0 {White mates}
Started game 10 of 16 (B vs A)
Warning; Bestmove does not match beginning of last PV - move f6f8 from B
Info; info depth 245 seldepth 2 multipv 1 score mate 1 nodes 100034 nps 1923730 hashfull 2 tbhits 0 time 52 pv f6e7
Position; fen rnbqkbnr/pp1pppp1/2p4p/8/7P/5N2/PPPPPPP1/RNBQKB1R w KQkq - 0 3
Moves; e2e4 d8b6 d2d4 g7g6 a2a4 e7e6 b1c3 e6e5 d4e5 g8f6 e5f6 f8e7 f6e7 e8e7 c3b5 b6a5 b5c3 a7a6 c1e3 a8a7 e3a7 f7f6 d1d4 h8e8 a7b6 a5c3 d4c3 e7f8 c3f6 f8g8 f6g6 g8f8 b6c5 d7d6 g6h6 f8g8 f1c4 c8e6 c5d4 e8e7 c4e6 e7f7 f3g5 d6d5 h6g6 g8f8 e1g1 f8e7 d4c5 e7d8 c5b6 f7c7 f1d1 d8e7 b6c5 e7d8 g6f6 c7e7
Warning; Bestmove does not match beginning of last PV - move d1h5 from B
Info; info depth 11 seldepth 21 multipv 1 score cp 166 nodes 84752 nps 282506 hashfull 23 tbhits 0 time 300 pv f4f5 f8d6 d2d4 g8e7 d1h5 e8f8 f1d3 e6f5 b1d2 c7c5 e1g1 d6b8 e3e4 c5d4 e4f5 d7d5
Position; fen r1bqkbnr/ppppppp1/n6p/8/5P2/7N/PPPPP1PP/RNBQKB1R w KQkq - 1 3
Moves; e2e3 e7e6 c2c3 f7f6
Warning; Bestmove does not match beginning of last PV - move g8f6 from B
Info; info depth 16 seldepth 23 multipv 1 score cp 234 nodes 83202 nps 277340 hashfull 30 tbhits 0 time 300 pv d7d5 f1g2 g8f6 c3c4 c7c6 c4d5 c6d5 c1b2 b8c6 g1f3 e5e4 f3d4
Position; fen rnbqk1nr/pppp1ppp/8/4p3/1b6/P7/2PPPPPP/RNBQKBNR w KQkq - 0 3
Moves; c2c3 b4e7 g2g3
Warning; Bestmove does not match beginning of last PV - move d1d5 from B
Info; info depth 245 seldepth 2 multipv 1 score mate 1 nodes 799218 nps 3158964 hashfull 2 tbhits 0 time 253 pv c5b6
Position; fen rnbqkbnr/pp1pppp1/2p4p/8/7P/5N2/PPPPPPP1/RNBQKB1R w KQkq - 0 3
Moves; e2e4 d8b6 d2d4 g7g6 a2a4 e7e6 b1c3 e6e5 d4e5 g8f6 e5f6 f8e7 f6e7 e8e7 c3b5 b6a5 b5c3 a7a6 c1e3 a8a7 e3a7 f7f6 d1d4 h8e8 a7b6 a5c3 d4c3 e7f8 c3f6 f8g8 f6g6 g8f8 b6c5 d7d6 g6h6 f8g8 f1c4 c8e6 c5d4 e8e7 c4e6 e7f7 f3g5 d6d5 h6g6 g8f8 e1g1 f8e7 d4c5 e7d8 c5b6 f7c7 f1d1 d8e7 b6c5 e7d8 g6f6 c7e7 f6f8 e7e8
Warning; Bestmove does not match beginning of last PV - move c5b6 from B
Info; info depth 245 seldepth 4 multipv 1 score mate 2 nodes 578379 nps 3076484 hashfull 1 tbhits 0 time 188 pv d5d7 d8c8 f8e8
Position; fen rnbqkbnr/pp1pppp1/2p4p/8/7P/5N2/PPPPPPP1/RNBQKB1R w KQkq - 0 3
Moves; e2e4 d8b6 d2d4 g7g6 a2a4 e7e6 b1c3 e6e5 d4e5 g8f6 e5f6 f8e7 f6e7 e8e7 c3b5 b6a5 b5c3 a7a6 c1e3 a8a7 e3a7 f7f6 d1d4 h8e8 a7b6 a5c3 d4c3 e7f8 c3f6 f8g8 f6g6 g8f8 b6c5 d7d6 g6h6 f8g8 f1c4 c8e6 c5d4 e8e7 c4e6 e7f7 f3g5 d6d5 h6g6 g8f8 e1g1 f8e7 d4c5 e7d8 c5b6 f7c7 f1d1 d8e7 b6c5 e7d8 g6f6 c7e7 f6f8 e7e8 d1d5 b8d7
Warning; Bestmove does not match beginning of last PV - move d5d7 from B
Info; info depth 245 seldepth 2 multipv 1 score mate 1 nodes 95676 nps 1952571 hashfull 2 tbhits 0 time 49 pv f8e8
Position; fen rnbqkbnr/pp1pppp1/2p4p/8/7P/5N2/PPPPPPP1/RNBQKB1R w KQkq - 0 3
Moves; e2e4 d8b6 d2d4 g7g6 a2a4 e7e6 b1c3 e6e5 d4e5 g8f6 e5f6 f8e7 f6e7 e8e7 c3b5 b6a5 b5c3 a7a6 c1e3 a8a7 e3a7 f7f6 d1d4 h8e8 a7b6 a5c3 d4c3 e7f8 c3f6 f8g8 f6g6 g8f8 b6c5 d7d6 g6h6 f8g8 f1c4 c8e6 c5d4 e8e7 c4e6 e7f7 f3g5 d6d5 h6g6 g8f8 e1g1 f8e7 d4c5 e7d8 c5b6 f7c7 f1d1 d8e7 b6c5 e7d8 g6f6 c7e7 f6f8 e7e8 d1d5 b8d7 c5b6 d8c8
Warning; Bestmove does not match beginning of last PV - move b8c6 from B
Info; info depth 15 seldepth 22 multipv 1 score cp 258 nodes 80313 nps 265937 hashfull 27 tbhits 0 time 302 pv d7d5 d2d3 b8c6 f1g2 e8g8 g1f3 e5e4 d3e4 f6e4 e1g1 c6a5 d1c2
Position; fen rnbqk1nr/pppp1ppp/8/4p3/1b6/P7/2PPPPPP/RNBQKBNR w KQkq - 0 3
Moves; c2c3 b4e7 g2g3 g8f6 h2h3
Warning; Bestmove does not match beginning of last PV - move g5h7 from B
Info; info depth 245 seldepth 2 multipv 1 score mate 1 nodes 627187 nps 3778234 hashfull 8 tbhits 0 time 166 pv d7d8
Position; fen rnbqkbnr/pp1pppp1/2p4p/8/7P/5N2/PPPPPPP1/RNBQKB1R w KQkq - 0 3
Moves; e2e4 d8b6 d2d4 g7g6 a2a4 e7e6 b1c3 e6e5 d4e5 g8f6 e5f6 f8e7 f6e7 e8e7 c3b5 b6a5 b5c3 a7a6 c1e3 a8a7 e3a7 f7f6 d1d4 h8e8 a7b6 a5c3 d4c3 e7f8 c3f6 f8g8 f6g6 g8f8 b6c5 d7d6 g6h6 f8g8 f1c4 c8e6 c5d4 e8e7 c4e6 e7f7 f3g5 d6d5 h6g6 g8f8 e1g1 f8e7 d4c5 e7d8 c5b6 f7c7 f1d1 d8e7 b6c5 e7d8 g6f6 c7e7 f6f8 e7e8 d1d5 b8d7 c5b6 d8c8 d5d7 e8f8
Warning; Bestmove does not match beginning of last PV - move d2d4 from B
Info; info depth 16 seldepth 20 multipv 1 score cp 541 nodes 69546 nps 231049 hashfull 28 tbhits 0 time 301 pv e2e3 g8f6 c1b2 d7d6 g1f3 e5e4 f3d4 c8g4 f1e2 c7c5 e2g4
Position; fen rnbqk1nr/pppp1ppp/8/4p3/1b6/P7/2PPPPPP/RNBQKBNR w KQkq - 0 3
Moves; a3b4 g7g6
Warning; Bestmove does not match beginning of last PV - move f2f3 from B
Info; info depth 245 seldepth 2 multipv 1 score mate 1 nodes 78069 nps 2439656 hashfull 3 tbhits 0 time 32 pv d7d8
Position; fen rnbqkbnr/pp1pppp1/2p4p/8/7P/5N2/PPPPPPP1/RNBQKB1R w KQkq - 0 3
Moves; e2e4 d8b6 d2d4 g7g6 a2a4 e7e6 b1c3 e6e5 d4e5 g8f6 e5f6 f8e7 f6e7 e8e7 c3b5 b6a5 b5c3 a7a6 c1e3 a8a7 e3a7 f7f6 d1d4 h8e8 a7b6 a5c3 d4c3 e7f8 c3f6 f8g8 f6g6 g8f8 b6c5 d7d6 g6h6 f8g8 f1c4 c8e6 c5d4 e8e7 c4e6 e7f7 f3g5 d6d5 h6g6 g8f8 e1g1 f8e7 d4c5 e7d8 c5b6 f7c7 f1d1 d8e7 b6c5 e7d8 g6f6 c7e7 f6f8 e7e8 d1d5 b8d7 c5b6 d8c8 d5d7 e8f8 g5h7 c8b8 h7f8 c6c5
Warning; Bestmove does not match beginning of last PV - move b2b3 from B
Info; info depth 245 seldepth 2 multipv 1 score mate 1 nodes 83953 nps 2623531 hashfull 5 tbhits 0 time 32 pv d7d8
Position; fen rnbqkbnr/pp1pppp1/2p4p/8/7P/5N2/PPPPPPP1/RNBQKB1R w KQkq - 0 3
Moves; e2e4 d8b6 d2d4 g7g6 a2a4 e7e6 b1c3 e6e5 d4e5 g8f6 e5f6 f8e7 f6e7 e8e7 c3b5 b6a5 b5c3 a7a6 c1e3 a8a7 e3a7 f7f6 d1d4 h8e8 a7b6 a5c3 d4c3 e7f8 c3f6 f8g8 f6g6 g8f8 b6c5 d7d6 g6h6 f8g8 f1c4 c8e6 c5d4 e8e7 c4e6 e7f7 f3g5 d6d5 h6g6 g8f8 e1g1 f8e7 d4c5 e7d8 c5b6 f7c7 f1d1 d8e7 b6c5 e7d8 g6f6 c7e7 f6f8 e7e8 d1d5 b8d7 c5b6 d8c8 d5d7 e8f8 g5h7 c8b8 h7f8 c6c5 f2f3 b8a8
Warning; Bestmove does not match beginning of last PV - move b3c4 from B
Info; info depth 245 seldepth 2 multipv 1 score mate 1 nodes 71241 nps 2638555 hashfull 5 tbhits 0 time 27 pv d7d8
Position; fen rnbqkbnr/pp1pppp1/2p4p/8/7P/5N2/PPPPPPP1/RNBQKB1R w KQkq - 0 3
Moves; e2e4 d8b6 d2d4 g7g6 a2a4 e7e6 b1c3 e6e5 d4e5 g8f6 e5f6 f8e7 f6e7 e8e7 c3b5 b6a5 b5c3 a7a6 c1e3 a8a7 e3a7 f7f6 d1d4 h8e8 a7b6 a5c3 d4c3 e7f8 c3f6 f8g8 f6g6 g8f8 b6c5 d7d6 g6h6 f8g8 f1c4 c8e6 c5d4 e8e7 c4e6 e7f7 f3g5 d6d5 h6g6 g8f8 e1g1 f8e7 d4c5 e7d8 c5b6 f7c7 f1d1 d8e7 b6c5 e7d8 g6f6 c7e7 f6f8 e7e8 d1d5 b8d7 c5b6 d8c8 d5d7 e8f8 g5h7 c8b8 h7f8 c6c5 f2f3 b8a8 b2b3 c5c4
Warning; Bestmove does not match beginning of last PV - move c2c3 from B
Info; info depth 245 seldepth 2 multipv 1 score mate 1 nodes 76088 nps 2623724 hashfull 7 tbhits 0 time 29 pv d7d8
Position; fen rnbqkbnr/pp1pppp1/2p4p/8/7P/5N2/PPPPPPP1/RNBQKB1R w KQkq - 0 3
Moves; e2e4 d8b6 d2d4 g7g6 a2a4 e7e6 b1c3 e6e5 d4e5 g8f6 e5f6 f8e7 f6e7 e8e7 c3b5 b6a5 b5c3 a7a6 c1e3 a8a7 e3a7 f7f6 d1d4 h8e8 a7b6 a5c3 d4c3 e7f8 c3f6 f8g8 f6g6 g8f8 b6c5 d7d6 g6h6 f8g8 f1c4 c8e6 c5d4 e8e7 c4e6 e7f7 f3g5 d6d5 h6g6 g8f8 e1g1 f8e7 d4c5 e7d8 c5b6 f7c7 f1d1 d8e7 b6c5 e7d8 g6f6 c7e7 f6f8 e7e8 d1d5 b8d7 c5b6 d8c8 d5d7 e8f8 g5h7 c8b8 h7f8 c6c5 f2f3 b8a8 b2b3 c5c4 b3c4 a6a5
Warning; Bestmove does not match beginning of last PV - move b7b6 from B
Info; info depth 15 seldepth 26 multipv 1 score cp 305 nodes 55771 nps 185903 hashfull 13 tbhits 0 time 300 pv e8g8 d2d3 d7d5 f1g2 e5e4 d3e4 d5e4 c1e3 f6d5 e3c1 c6a5 b3c2 c8f5 b1d2
Position; fen rnbqk1nr/pppp1ppp/8/4p3/1b6/P7/2PPPPPP/RNBQKBNR w KQkq - 0 3
Moves; c2c3 b4e7 g2g3 g8f6 h2h3 b8c6 d1b3
Warning; Bestmove does not match beginning of last PV - move g1h2 from B
Info; info depth 245 seldepth 2 multipv 1 score mate 1 nodes 74156 nps 2852153 hashfull 10 tbhits 0 time 26 pv d7d8
Position; fen rnbqkbnr/pp1pppp1/2p4p/8/7P/5N2/PPPPPPP1/RNBQKB1R w KQkq - 0 3
Moves; e2e4 d8b6 d2d4 g7g6 a2a4 e7e6 b1c3 e6e5 d4e5 g8f6 e5f6 f8e7 f6e7 e8e7 c3b5 b6a5 b5c3 a7a6 c1e3 a8a7 e3a7 f7f6 d1d4 h8e8 a7b6 a5c3 d4c3 e7f8 c3f6 f8g8 f6g6 g8f8 b6c5 d7d6 g6h6 f8g8 f1c4 c8e6 c5d4 e8e7 c4e6 e7f7 f3g5 d6d5 h6g6 g8f8 e1g1 f8e7 d4c5 e7d8 c5b6 f7c7 f1d1 d8e7 b6c5 e7d8 g6f6 c7e7 f6f8 e7e8 d1d5 b8d7 c5b6 d8c8 d5d7 e8f8 g5h7 c8b8 h7f8 c6c5 f2f3 b8a8 b2b3 c5c4 b3c4 a6a5 c2c3 a8b8
Warning; Bestmove does not match beginning of last PV - move a1f1 from B
Info; info depth 245 seldepth 2 multipv 1 score mate 1 nodes 79419 nps 3309125 hashfull 10 tbhits 0 time 24 pv d7d8
Position; fen rnbqkbnr/pp1pppp1/2p4p/8/7P/5N2/PPPPPPP1/RNBQKB1R w KQkq - 0 3
Moves; e2e4 d8b6 d2d4 g7g6 a2a4 e7e6 b1c3 e6e5 d4e5 g8f6 e5f6 f8e7 f6e7 e8e7 c3b5 b6a5 b5c3 a7a6 c1e3 a8a7 e3a7 f7f6 d1d4 h8e8 a7b6 a5c3 d4c3 e7f8 c3f6 f8g8 f6g6 g8f8 b6c5 d7d6 g6h6 f8g8 f1c4 c8e6 c5d4 e8e7 c4e6 e7f7 f3g5 d6d5 h6g6 g8f8 e1g1 f8e7 d4c5 e7d8 c5b6 f7c7 f1d1 d8e7 b6c5 e7d8 g6f6 c7e7 f6f8 e7e8 d1d5 b8d7 c5b6 d8c8 d5d7 e8f8 g5h7 c8b8 h7f8 c6c5 f2f3 b8a8 b2b3 c5c4 b3c4 a6a5 c2c3 a8b8 g1h2 b8a8
Finished game 2 (B vs A): 1-0 {White mates}
Started game 11 of 16 (A vs B)
Warning; Bestmove does not match beginning of last PV - move c1b2 from B
Info; info depth 15 seldepth 18 multipv 1 score cp 602 nodes 71884 nps 238817 hashfull 26 tbhits 0 time 301 pv d4e5 d7d5 c1b2 d8b6 d1d2 b8a6 g1f3 a6b4 e2e3 g8f6
Position; fen rnbqk1nr/pppp1ppp/8/4p3/1b6/P7/2PPPPPP/RNBQKBNR w KQkq - 0 3
Moves; a3b4 g7g6 d2d4 c7c6
Warning; Bestmove does not match beginning of last PV - move d1d2 from B
Info; info depth 16 seldepth 22 multipv 1 score cp 614 nodes 77811 nps 257652 hashfull 28 tbhits 0 time 302 pv d4e5 b8a6 e2e3 a6b4 b1d2 d7d5 e5d6 c8f5 d2c4 b4c2 d1c2 b6b4 b2c3 f5c2 c3b4
Position; fen rnbqk1nr/pppp1ppp/8/4p3/1b6/P7/2PPPPPP/RNBQKBNR w KQkq - 0 3
Moves; a3b4 g7g6 d2d4 c7c6 c1b2 d8b6
Warning; Bestmove does not match beginning of last PV - move e4f6 from B
Info; info depth 14 seldepth 23 multipv 1 score cp 155 nodes 81272 nps 270006 hashfull 21 tbhits 0 time 301 pv b8d7 d2d4 e7e5 b1d2 e4f6 g1f3 f8e7 d4e5 d6e5 d2c4 e5e4 f3d4 d7b6 c4e3 e8g8 d4f5 d8d1 e2d1
Position; fen rnbqkb1r/ppp1pppp/3p1n2/8/4P3/8/PPPPBPPP/RNBQK1NR w KQkq - 0 3
Moves; h2h4 f6e4 c2c3
Warning; Bestmove does not match beginning of last PV - move f2f3 from B
Info; info depth 16 seldepth 23 multipv 1 score cp 567 nodes 85934 nps 286446 hashfull 30 tbhits 0 time 300 pv d4d5 b8a6 b2d4 b6b4 d4c3 b4c5 e2e3
Position; fen rnbqk1nr/pppp1ppp/8/4p3/1b6/P7/2PPPPPP/RNBQKBNR w KQkq - 0 3
Moves; a3b4 g7g6 d2d4 c7c6 c1b2 d8b6 d1d2 e5e4
Warning; Bestmove does not match beginning of last PV - move a1d4 from B
Info; info depth 15 seldepth 16 multipv 1 score cp 418 nodes 52236 nps 173541 hashfull 16 tbhits 0 time 301 pv a1g7 e2e4 g8f6 f1e2 f6d7 c1b2 e8g8 b2g7 g8g7 b1d2 a8b8 b3g3 e7e5 f4f5
Position; fen r1bqkbnr/ppppppp1/n6p/8/5P2/7N/PPPPP1PP/RNBQKB1R w KQkq - 1 3
Moves; b2b4 d7d6 c2c4 a6b4 d1a4 b4c6 d2d4 g7g6 d4d5 f8g7 a4b3 g7a1 d5c6 b7c6 h3f2
Warning; Bestmove does not match beginning of last PV - move a7a6 from B
Info; info depth 16 seldepth 18 multipv 1 score cp 644 nodes 70783 nps 232838 hashfull 25 tbhits 0 time 304 pv c6a5 b3a4 b7h1 a4f4 e8g8 c1b2 d7d5
Position; fen rnbqk1nr/pppp1ppp/8/4p3/1b6/P7/2PPPPPP/RNBQKBNR w KQkq - 0 3
Moves; c2c3 b4e7 g2g3 g8f6 h2h3 b8c6 d1b3 b7b6 e2e3 c8b7 f2f4 e5f4 f1b5
Warning; Bestmove does not match beginning of last PV - move e2f3 from B
Info; info depth 14 seldepth 20 multipv 1 score cp 561 nodes 48272 nps 159313 hashfull 18 tbhits 0 time 303 pv g1f3 g8f6 d4d5 c6d5 b2d4 b6d8 b1c3 e8g8 b4b5 d7d6
Position; fen rnbqk1nr/pppp1ppp/8/4p3/1b6/P7/2PPPPPP/RNBQKBNR w KQkq - 0 3
Moves; a3b4 g7g6 d2d4 c7c6 c1b2 d8b6 d1d2 e5e4 f2f3 e4f3
Warning; Bestmove does not match beginning of last PV - move d4c5 from B
Info; info depth 16 seldepth 18 multipv 1 score cp 396 nodes 78435 nps 258861 hashfull 28 tbhits 0 time 303 pv d4g7 f1d3 g8f6 b1d2 e8g8 c1b2 e7e5 f4f5 c8f5 d3f5 g6f5
Position; fen r1bqkbnr/ppppppp1/n6p/8/5P2/7N/PPPPP1PP/RNBQKB1R w KQkq - 1 3
Moves; b2b4 d7d6 c2c4 a6b4 d1a4 b4c6 d2d4 g7g6 d4d5 f8g7 a4b3 g7a1 d5c6 b7c6 h3f2 a1d4 e2e3
Warning; Bestmove does not match beginning of last PV - move c6a7 from B
Info; info depth 14 seldepth 21 multipv 1 score cp 785 nodes 73373 nps 244576 hashfull 25 tbhits 0 time 300 pv f6e4 g1f3 e7h4 e1d1 h4f6 f3e5 e4d6
Position; fen rnbqk1nr/pppp1ppp/8/4p3/1b6/P7/2PPPPPP/RNBQKBNR w KQkq - 0 3
Moves; c2c3 b4e7 g2g3 g8f6 h2h3 b8c6 d1b3 b7b6 e2e3 c8b7 f2f4 e5f4 f1b5 a7a6 g3f4 a6b5 b3b5
Warning; Bestmove does not match beginning of last PV - move a7a6 from B
Info; info depth 14 seldepth 19 multipv 1 score cp 241 nodes 58609 nps 194069 hashfull 18 tbhits 0 time 302 pv e7e5 d2d4 e5e4 c3c4 c8d7 b5c6 b7c6 c4c5 f8e7 g1e2 e8g8 c1f4
Position; fen rnbqkb1r/ppp1pppp/3p1n2/8/4P3/8/PPPPBPPP/RNBQK1NR w KQkq - 0 3
Moves; h2h4 f6e4 c2c3 e4f6 d1b3 b8c6 a2a3 d6d5 e2b5
Warning; Bestmove does not match beginning of last PV - move g8f8 from B
Info; info depth 17 seldepth 27 multipv 1 score cp 810 nodes 343638 nps 1145460 hashfull 131 tbhits 0 time 300 pv b1a3 c7c6 g8f8 d8f8 g6f8 d6c7 f8g6 f4e3 g6f4 a6c5 d2d4 c5e4 c1e3
Position; fen r1bqkbnr/ppppppp1/n6p/8/5P2/7N/PPPPP1PP/RNBQKB1R w KQkq - 1 3
Moves; e2e3 e7e6 c2c3 f7f6 d1h5 e8e7 f4f5 a8b8 h3f4 e6f5 f4g6 e7e6 g6h8 b7b5 h5f7 e6e5 h8g6 e5d6 f7g8 f5f4
Warning; Bestmove does not match beginning of last PV - move a7a5 from B
Info; info depth 16 seldepth 26 multipv 1 score cp 561 nodes 143061 nps 476870 hashfull 53 tbhits 0 time 300 pv c8f5 e3e4 a8b8 b3c2 f5e6 f1d3 e8f8 e1g1 h6h5 g1h1 f8g7 b1c3 c5d4 c2d2
Position; fen r1bqkbnr/ppppppp1/n6p/8/5P2/7N/PPPPP1PP/RNBQKB1R w KQkq - 1 3
Moves; b2b4 d7d6 c2c4 a6b4 d1a4 b4c6 d2d4 g7g6 d4d5 f8g7 a4b3 g7a1 d5c6 b7c6 h3f2 a1d4 e2e3 d4c5 c1b2 g8f6 b2f6 e7f6 f4f5
Warning; Bestmove does not match beginning of last PV - move e7e6 from B
Info; info depth 15 seldepth 24 multipv 1 score cp 381 nodes 57756 nps 191245 hashfull 18 tbhits 0 time 302 pv e7e5 g1e2 f8d6 d2d4 e8g8 c1g5 f8e8 b1d2 e5d4 c3d4 h7h6 g5e3 a6a5 e1f2 a5a4 b3c2
Position; fen rnbqkb1r/ppp1pppp/3p1n2/8/4P3/8/PPPPBPPP/RNBQK1NR w KQkq - 0 3
Moves; h2h4 f6e4 c2c3 e4f6 d1b3 b8c6 a2a3 d6d5 e2b5 a7a6 b5c6 b7c6 f2f3
Warning; Bestmove does not match beginning of last PV - move e7f6 from B
Info; info depth 17 seldepth 34 multipv 1 score cp 859 nodes 238428 nps 794760 hashfull 102 tbhits 0 time 300 pv e4c5 b3d1 h1b7 d2d4 b7a6 f1g2 c5e4 g2h2 d7d5 d1c2 a6b7
Position; fen rnbqk1nr/pppp1ppp/8/4p3/1b6/P7/2PPPPPP/RNBQKBNR w KQkq - 0 3
Moves; c2c3 b4e7 g2g3 g8f6 h2h3 b8c6 d1b3 b7b6 e2e3 c8b7 f2f4 e5f4 f1b5 a7a6 g3f4 a6b5 b3b5 c6a7 b5b3 b7h1 e1f2 f6e4 f2f1
Warning; Bestmove does not match beginning of last PV - move a6a5 from B
Info; info depth 15 seldepth 21 multipv 1 score cp 375 nodes 62743 nps 209143 hashfull 17 tbhits 0 time 300 pv f8d6 d2d4 e6e5 c1g5 e5d4 c3d4 e8g8 b1c3 f8e8 e1f2
Position; fen rnbqkb1r/ppp1pppp/3p1n2/8/4P3/8/PPPPBPPP/RNBQK1NR w KQkq - 0 3
Moves; h2h4 f6e4 c2c3 e4f6 d1b3 b8c6 a2a3 d6d5 e2b5 a7a6 b5c6 b7c6 f2f3 e7e6 g1h3
Warning; Bestmove does not match beginning of last PV - move f1d3 from B
Info; info depth 17 seldepth 24 multipv 1 score cp 928 nodes 278913 nps 926621 hashfull 102 tbhits 0 time 301 pv b1d2 c6c5 d4f6 g8f6 b2f6 a6b4 f1b5 c8d7 b5d7 e8d7 f6g7 d7d8 g7h8 d8c7 h8g7 c7d8 g7c3 b4c2 c3c2 a8c8 c2b2 c5c4
Position; fen rnbqk1nr/pppp1ppp/8/4p3/1b6/P7/2PPPPPP/RNBQKBNR w KQkq - 0 3
Moves; a3b4 g7g6 d2d4 c7c6 c1b2 d8b6 d1d2 e5e4 f2f3 e4f3 e2f3 h7h5 d4d5 f7f6 b2d4 b6b4 d2b4 d7d6 b4b2 b8a6
Warning; Bestmove does not match beginning of last PV - move f6f5 from B
Info; info depth 15 seldepth 19 multipv 1 score cp 552 nodes 58540 nps 195133 hashfull 24 tbhits 0 time 300 pv f7g6 b1d2 a8b8 b3c3 c5b4 c3d4 d8e7 f1e2
Position; fen r1bqkbnr/ppppppp1/n6p/8/5P2/7N/PPPPP1PP/RNBQKB1R w KQkq - 1 3
Moves; b2b4 d7d6 c2c4 a6b4 d1a4 b4c6 d2d4 g7g6 d4d5 f8g7 a4b3 g7a1 d5c6 b7c6 h3f2 a1d4 e2e3 d4c5 c1b2 g8f6 b2f6 e7f6 f4f5 a7a5 f5g6 e8g8 e1d1
Warning; Bestmove does not match beginning of last PV - move d2d4 from B
Info; info depth 17 seldepth 23 multipv 1 score cp 830 nodes 366617 nps 1222056 hashfull 142 tbhits 0 time 300 pv d2e3 a6c5 b2b4 c5e4 b1a3 a7a6 c1d2 d6e6 f1d3 e6f7 g6h4 f7f8
Position; fen r1bqkbnr/ppppppp1/n6p/8/5P2/7N/PPPPP1PP/RNBQKB1R w KQkq - 1 3
Moves; e2e3 e7e6 c2c3 f7f6 d1h5 e8e7 f4f5 a8b8 h3f4 e6f5 f4g6 e7e6 g6h8 b7b5 h5f7 e6e5 h8g6 e5d6 f7g8 f5f4 g8f8 d8f8 g6f8 c8b7 f8g6 f4e3
Warning; Bestmove does not match beginning of last PV - move a7c6 from B
Info; info depth 18 seldepth 21 multipv 1 score cp 885 nodes 251070 nps 836900 hashfull 99 tbhits 0 time 300 pv e4c5 b3d1 h1e4 d2d4 e4b1 a2g2 d7d6 d4c5 d6c5 d1h5 g7g6 h5h6 b1d3 f1e1 f6c3 c1d2
Position; fen rnbqk1nr/pppp1ppp/8/4p3/1b6/P7/2PPPPPP/RNBQKBNR w KQkq - 0 3
Moves; c2c3 b4e7 g2g3 g8f6 h2h3 b8c6 d1b3 b7b6 e2e3 c8b7 f2f4 e5f4 f1b5 a7a6 g3f4 a6b5 b3b5 c6a7 b5b3 b7h1 e1f2 f6e4 f2f1 e7f6 a1a2
Warning; Bestmove does not match beginning of last PV - move c6c5 from B
Info; info depth 14 seldepth 24 multipv 1 score cp 347 nodes 48091 nps 160303 hashfull 13 tbhits 0 time 300 pv f8d6 d2d4 e6e5 d4e5 a5a4 b3c2 d6e5 h4h5 e8g8 h5h6 f8e8
Position; fen rnbqkb1r/ppp1pppp/3p1n2/8/4P3/8/PPPPBPPP/RNBQK1NR w KQkq - 0 3
Moves; h2h4 f6e4 c2c3 e4f6 d1b3 b8c6 a2a3 d6d5 e2b5 a7a6 b5c6 b7c6 f2f3 e7e6 g1h3 a6a5 h3f2
Warning; Bestmove does not match beginning of last PV - move b1a3 from B
Info; info depth 17 seldepth 24 multipv 1 score cp 960 nodes 266626 nps 888753 hashfull 93 tbhits 0 time 300 pv d3a6 c6c5 a6b5 d7e7 d4c5 e7f7 b1c3 d6c5 d5d6 c8f5 c3e4 f5e4
Position; fen rnbqk1nr/pppp1ppp/8/4p3/1b6/P7/2PPPPPP/RNBQKBNR w KQkq - 0 3
Moves; a3b4 g7g6 d2d4 c7c6 c1b2 d8b6 d1d2 e5e4 f2f3 e4f3 e2f3 h7h5 d4d5 f7f6 b2d4 b6b4 d2b4 d7d6 b4b2 b8a6 f1d3 e8d7
Warning; Bestmove does not match beginning of last PV - move f6d7 from B
Info; info depth 15 seldepth 24 multipv 1 score cp 399 nodes 73599 nps 243705 hashfull 25 tbhits 0 time 302 pv a5a4 b3d1 f6h5 f3f4 d8h4 d2d4 f8d6 f2d3 h5g3 f1e1 h4h1 g1f2
Position; fen rnbqkb1r/ppp1pppp/3p1n2/8/4P3/8/PPPPBPPP/RNBQK1NR w KQkq - 0 3
Moves; h2h4 f6e4 c2c3 e4f6 d1b3 b8c6 a2a3 d6d5 e2b5 a7a6 b5c6 b7c6 f2f3 e7e6 g1h3 a6a5 h3f2 c6c5 e1g1
Warning; Bestmove does not match beginning of last PV - move d5c6 from B
Info; info depth 18 seldepth 31 multipv 1 score cp 1023 nodes 290722 nps 969073 hashfull 120 tbhits 0 time 300 pv b2b4 g8e7 d5c6 b7c6 a3c4 c6c5 b4a4 d7d8 d4f6 a7a5 c4d6 h8f8 f6g5 c8f5 g5e7 d8e7 d6f5 g6f5
Position; fen rnbqk1nr/pppp1ppp/8/4p3/1b6/P7/2PPPPPP/RNBQKBNR w KQkq - 0 3
Moves; a3b4 g7g6 d2d4 c7c6 c1b2 d8b6 d1d2 e5e4 f2f3 e4f3 e2f3 h7h5 d4d5 f7f6 b2d4 b6b4 d2b4 d7d6 b4b2 b8a6 f1d3 e8d7 b1a3 a6b4
Warning; Bestmove does not match beginning of last PV - move c8e6 from B
Info; info depth 15 seldepth 19 multipv 1 score cp 598 nodes 76772 nps 255906 hashfull 27 tbhits 0 time 300 pv c8d7 b1d2 a8b8 b2c3 c5e3 h2h4 c6c5 h1h3 d7a4 d1c1
Position; fen r1bqkbnr/ppppppp1/n6p/8/5P2/7N/PPPPP1PP/RNBQKB1R w KQkq - 1 3
Moves; b2b4 d7d6 c2c4 a6b4 d1a4 b4c6 d2d4 g7g6 d4d5 f8g7 a4b3 g7a1 d5c6 b7c6 h3f2 a1d4 e2e3 d4c5 c1b2 g8f6 b2f6 e7f6 f4f5 a7a5 f5g6 e8g8 e1d1 f6f5 g6g7 f8e8 b3b2
Warning; Bestmove does not match beginning of last PV - move f7e8 from B
Info; info depth 17 seldepth 26 multipv 1 score cp 1105 nodes 278465 nps 928216 hashfull 105 tbhits 0 time 300 pv d8e7 d2d3 a8g8 g1f3 h1f3 e2f3 f7e8 d3e4 e7e6 e4e5 e6h3 f3e2 h3g4 e2e1
Position; fen rnbqk1nr/pppp1ppp/8/4p3/1b6/P7/2PPPPPP/RNBQKBNR w KQkq - 0 3
Moves; c2c3 b4e7 g2g3 g8f6 h2h3 b8c6 d1b3 b7b6 e2e3 c8b7 f2f4 e5f4 f1b5 a7a6 g3f4 a6b5 b3b5 c6a7 b5b3 b7h1 e1f2 f6e4 f2f1 e7f6 a1a2 a7c6 b3f7 e8f7 f1e2
Warning; Bestmove does not match beginning of last PV - move c8a6 from B
Info; info depth 15 seldepth 22 multipv 1 score cp 534 nodes 88134 nps 291834 hashfull 30 tbhits 0 time 302 pv d8h4 f2h3 f8d6 f3f4 c8a6 d2d3 a6d3 b1d2 d3f1 d2f1 h4e7 c1e3
Position; fen rnbqkb1r/ppp1pppp/3p1n2/8/4P3/8/PPPPBPPP/RNBQK1NR w KQkq - 0 3
Moves; h2h4 f6e4 c2c3 e4f6 d1b3 b8c6 a2a3 d6d5 e2b5 a7a6 b5c6 b7c6 f2f3 e7e6 g1h3 a6a5 h3f2 c6c5 e1g1 f6d7 g1h1
Warning; Bestmove does not match beginning of last PV - move a8b8 from B
Info; info depth 15 seldepth 20 multipv 1 score cp 610 nodes 82940 nps 275548 hashfull 27 tbhits 0 time 301 pv c5e3 b1d2 a8b8 b2c3 e3f2 d2f3 c6c5 c3d2 d8f6 f1d3 f2d4 f3d4 c5d4
Position; fen r1bqkbnr/ppppppp1/n6p/8/5P2/7N/PPPPP1PP/RNBQKB1R w KQkq - 1 3
Moves; b2b4 d7d6 c2c4 a6b4 d1a4 b4c6 d2d4 g7g6 d4d5 f8g7 a4b3 g7a1 d5c6 b7c6 h3f2 a1d4 e2e3 d4c5 c1b2 g8f6 b2f6 e7f6 f4f5 a7a5 f5g6 e8g8 e1d1 f6f5 g6g7 f8e8 b3b2 c8e6 h2h3
Warning; Bestmove does not match beginning of last PV - move e4d6 from B
Info; info depth 17 seldepth 24 multipv 1 score cp 1135 nodes 278168 nps 927226 hashfull 115 tbhits 0 time 300 pv d8c8 c3c4 c8a6 b1d2 e4d2 e2d2 a8b8 a2c2 h1e4 d2e1 a6a5 e1d1 e4c2 d1c2
Position; fen rnbqk1nr/pppp1ppp/8/4p3/1b6/P7/2PPPPPP/RNBQKBNR w KQkq - 0 3
Moves; c2c3 b4e7 g2g3 g8f6 h2h3 b8c6 d1b3 b7b6 e2e3 c8b7 f2f4 e5f4 f1b5 a7a6 g3f4 a6b5 b3b5 c6a7 b5b3 b7h1 e1f2 f6e4 f2f1 e7f6 a1a2 a7c6 b3f7 e8f7 f1e2 f7e8 d2d4
Warning; Bestmove does not match beginning of last PV - move b4c5 from B
Info; info depth 25 seldepth 6 multipv 1 score mate 3 nodes 333105 nps 1110350 hashfull 136 tbhits 0 time 300 pv a3b5 c6d7 b4d6 d7e8 d3g6
Position; fen rnbqk1nr/pppp1ppp/8/4p3/1b6/P7/2PPPPPP/RNBQKBNR w KQkq - 0 3
Moves; a3b4 g7g6 d2d4 c7c6 c1b2 d8b6 d1d2 e5e4 f2f3 e4f3 e2f3 h7h5 d4d5 f7f6 b2d4 b6b4 d2b4 d7d6 b4b2 b8a6 f1d3 e8d7 b1a3 a6b4 d5c6 d7c6 b2b4 d6d5
Warning; Bestmove does not match beginning of last PV - move h1e4 from B
Info; info depth 17 seldepth 29 multipv 1 score cp 1129 nodes 286453 nps 954843 hashfull 123 tbhits 0 time 300 pv c6e7 g1e2 h1d5 e2g3 f6h4 b1d2 d5a2 e3e4 h4g3 f2g3 h8f8
Position; fen rnbqk1nr/pppp1ppp/8/4p3/1b6/P7/2PPPPPP/RNBQKBNR w KQkq - 0 3
Moves; c2c3 b4e7 g2g3 g8f6 h2h3 b8c6 d1b3 b7b6 e2e3 c8b7 f2f4 e5f4 f1b5 a7a6 g3f4 a6b5 b3b5 c6a7 b5b3 b7h1 e1f2 f6e4 f2f1 e7f6 a1a2 a7c6 b3f7 e8f7 f1e2 f7e8 d2d4 e4d6 e2f2
Warning; Bestmove does not match beginning of last PV - move e4d5 from B
Info; info depth 17 seldepth 20 multipv 1 score cp 1125 nodes 287910 nps 959700 hashfull 107 tbhits 0 time 300 pv e4b1 a2a1 b1g6 f3e5 d8c8 c3c4 g6h5 c1d2 d6e4 f2e1 f6h4 e1f1 e4d2 f1g2 c6e7
Position; fen rnbqk1nr/pppp1ppp/8/4p3/1b6/P7/2PPPPPP/RNBQKBNR w KQkq - 0 3
Moves; c2c3 b4e7 g2g3 g8f6 h2h3 b8c6 d1b3 b7b6 e2e3 c8b7 f2f4 e5f4 f1b5 a7a6 g3f4 a6b5 b3b5 c6a7 b5b3 b7h1 e1f2 f6e4 f2f1 e7f6 a1a2 a7c6 b3f7 e8f7 f1e2 f7e8 d2d4 e4d6 e2f2 h1e4 g1f3
Warning; Bestmove does not match beginning of last PV - move d4c5 from B
Info; info depth 28 seldepth 2 multipv 1 score mate 1 nodes 278642 nps 928806 hashfull 104 tbhits 0 time 300 pv d5f7
Position; fen rnbqk1nr/pppp1ppp/8/4p3/1b6/P7/2PPPPPP/RNBQKBNR w KQkq - 0 3
Moves; a3b4 g7g6 d2d4 c7c6 c1b2 d8b6 d1d2 e5e4 f2f3 e4f3 e2f3 h7h5 d4d5 f7f6 b2d4 b6b4 d2b4 d7d6 b4b2 b8a6 f1d3 e8d7 b1a3 a6b4 d5c6 d7c6 b2b4 d6d5 b4c5 c6d7 c5d5 d7e8 d3g6 e8f8
Warning; Bestmove does not match beginning of last PV - move d8h4 from B
Info; info depth 18 seldepth 22 multipv 1 score cp 865 nodes 303060 nps 1010200 hashfull 111 tbhits 0 time 300 pv g7h6 d2d4 a2b1 c1f4 d8h4 f2h3 f8d6 f4d6 c7d6 h1h2 c5d4 g2g3 h4h5
Position; fen rnbqkb1r/ppp1pppp/3p1n2/8/4P3/8/PPPPBPPP/RNBQK1NR w KQkq - 0 3
Moves; h2h4 f6e4 c2c3 e4f6 d1b3 b8c6 a2a3 d6d5 e2b5 a7a6 b5c6 b7c6 f2f3 e7e6 g1h3 a6a5 h3f2 c6c5 e1g1 f6d7 g1h1 c8a6 a1a2 a6f1 h4h5 f1c4 b3d1 c4a2 h5h6
Warning; Bestmove does not match beginning of last PV - move g6e7 from B
Info; info depth 31 seldepth 4 multipv 1 score mate 2 nodes 266757 nps 889190 hashfull 92 tbhits 0 time 300 pv h1g1 b8e8 d1f1
Position; fen r1bqkbnr/ppppppp1/n6p/8/5P2/7N/PPPPP1PP/RNBQKB1R w KQkq - 1 3
Moves; e2e3 e7e6 c2c3 f7f6 d1h5 e8e7 f4f5 a8b8 h3f4 e6f5 f4g6 e7e6 g6h8 b7b5 h5f7 e6e5 h8g6 e5d6 f7g8 f5f4 g8f8 d8f8 g6f8 c8b7 f8g6 f4e3 d2d4 b7d5 b1a3 d5g2 f1g2 a6c5 d4c5 d6c5 c1e3 c5d6 e1c1 d6e6 g2d5 e6f5
Warning; Bestmove does not match beginning of last PV - move c5f8 from B
Info; info depth 241 seldepth 2 multipv 1 score mate 1 nodes 874196 nps 2913986 hashfull 2 tbhits 0 time 300 pv c5e3
Position; fen rnbqk1nr/pppp1ppp/8/4p3/1b6/P7/2PPPPPP/RNBQKBNR w KQkq - 0 3
Moves; a3b4 g7g6 d2d4 c7c6 c1b2 d8b6 d1d2 e5e4 f2f3 e4f3 e2f3 h7h5 d4d5 f7f6 b2d4 b6b4 d2b4 d7d6 b4b2 b8a6 f1d3 e8d7 b1a3 a6b4 d5c6 d7c6 b2b4 d6d5 b4c5 c6d7 c5d5 d7e8 d3g6 e8f8 d4c5 f8g7 d5f7 g7h6
Warning; Bestmove does not match beginning of last PV - move g8h7 from B
Info; info depth 245 seldepth 6 multipv 1 score mate 3 nodes 56268 nps 3309882 hashfull 0 tbhits 0 time 17 pv g8g7 h6f5 e6f5 f1d3 b2d2
Position; fen r1bqkbnr/ppppppp1/n6p/8/5P2/7N/PPPPP1PP/RNBQKB1R w KQkq - 1 3
Moves; b2b4 d7d6 c2c4 a6b4 d1a4 b4c6 d2d4 g7g6 d4d5 f8g7 a4b3 g7a1 d5c6 b7c6 h3f2 a1d4 e2e3 d4c5 c1b2 g8f6 b2f6 e7f6 f4f5 a7a5 f5g6 e8g8 e1d1 f6f5 g6g7 f8e8 b3b2 c8e6 h2h3 a8b8 b2b8 d8b8 f2g4 b8b1 d1d2 b1b2 d2d1 c5b4 g4h6
Warning; Bestmove does not match beginning of last PV - move a2b1 from B
Info; info depth 17 seldepth 24 multipv 1 score cp 880 nodes 326831 nps 1089436 hashfull 114 tbhits 0 time 300 pv f8d6 b2b4 g7h6 b4c5 h4h2 g1f1 d7c5 f2g4 h2h1 f1f2 c5d3 f2e2 d3c1 e2f2 h1d1
Position; fen rnbqkb1r/ppp1pppp/3p1n2/8/4P3/8/PPPPBPPP/RNBQK1NR w KQkq - 0 3
Moves; h2h4 f6e4 c2c3 e4f6 d1b3 b8c6 a2a3 d6d5 e2b5 a7a6 b5c6 b7c6 f2f3 e7e6 g1h3 a6a5 h3f2 c6c5 e1g1 f6d7 g1h1 c8a6 a1a2 a6f1 h4h5 f1c4 b3d1 c4a2 h5h6 d8h4 h1g1
Warning; Bestmove does not match beginning of last PV - move h7g6 from B
Info; info depth 245 seldepth 2 multipv 1 score mate 1 nodes 352662 nps 4148964 hashfull 1 tbhits 0 time 85 pv b2d2
Position; fen r1bqkbnr/ppppppp1/n6p/8/5P2/7N/PPPPP1PP/RNBQKB1R w KQkq - 1 3
Moves; b2b4 d7d6 c2c4 a6b4 d1a4 b4c6 d2d4 g7g6 d4d5 f8g7 a4b3 g7a1 d5c6 b7c6 h3f2 a1d4 e2e3 d4c5 c1b2 g8f6 b2f6 e7f6 f4f5 a7a5 f5g6 e8g8 e1d1 f6f5 g6g7 f8e8 b3b2 c8e6 h2h3 a8b8 b2b8 d8b8 f2g4 b8b1 d1d2 b1b2 d2d1 c5b4 g4h6 g8h7 g7g8q e8g8 h6g4
Warning; Bestmove does not match beginning of last PV - move d1g1 from B
Info; info depth 245 seldepth 6 multipv 1 score mate 3 nodes 979617 nps 3710670 hashfull 5 tbhits 0 time 264 pv h2h3 g4h5 d5f3 h5h4 e7f5
Position; fen r1bqkbnr/ppppppp1/n6p/8/5P2/7N/PPPPP1PP/RNBQKB1R w KQkq - 1 3
Moves; e2e3 e7e6 c2c3 f7f6 d1h5 e8e7 f4f5 a8b8 h3f4 e6f5 f4g6 e7e6 g6h8 b7b5 h5f7 e6e5 h8g6 e5d6 f7g8 f5f4 g8f8 d8f8 g6f8 c8b7 f8g6 f4e3 d2d4 b7d5 b1a3 d5g2 f1g2 a6c5 d4c5 d6c5 c1e3 c5d6 e1c1 d6e6 g2d5 e6f5 g6e7 f5g4
Warning; Bestmove does not match beginning of last PV - move g6f6 from B
Info; info depth 245 seldepth 2 multipv 1 score mate 1 nodes 75549 nps 3976263 hashfull 0 tbhits 0 time 19 pv b2d2
Position; fen r1bqkbnr/ppppppp1/n6p/8/5P2/7N/PPPPP1PP/RNBQKB1R w KQkq - 1 3
Moves; b2b4 d7d6 c2c4 a6b4 d1a4 b4c6 d2d4 g7g6 d4d5 f8g7 a4b3 g7a1 d5c6 b7c6 h3f2 a1d4 e2e3 d4c5 c1b2 g8f6 b2f6 e7f6 f4f5 a7a5 f5g6 e8g8 e1d1 f6f5 g6g7 f8e8 b3b2 c8e6 h2h3 a8b8 b2b8 d8b8 f2g4 b8b1 d1d2 b1b2 d2d1 c5b4 g4h6 g8h7 g7g8q e8g8 h6g4 h7g6 g4e5 d6e5 c4c5
Warning; Bestmove does not match beginning of last PV - move e7g6 from B
Info; info depth 245 seldepth 4 multipv 1 score mate 2 nodes 831513 nps 3235459 hashfull 4 tbhits 0 time 257 pv e7f5 b8e8 g1g3
Position; fen r1bqkbnr/ppppppp1/n6p/8/5P2/7N/PPPPP1PP/RNBQKB1R w KQkq - 1 3
Moves; e2e3 e7e6 c2c3 f7f6 d1h5 e8e7 f4f5 a8b8 h3f4 e6f5 f4g6 e7e6 g6h8 b7b5 h5f7 e6e5 h8g6 e5d6 f7g8 f5f4 g8f8 d8f8 g6f8 c8b7 f8g6 f4e3 d2d4 b7d5 b1a3 d5g2 f1g2 a6c5 d4c5 d6c5 c1e3 c5d6 e1c1 d6e6 g2d5 e6f5 g6e7 f5g4 d1g1 g4h3
Warning; Bestmove does not match beginning of last PV - move e3a7 from B
Info; info depth 245 seldepth 2 multipv 1 score mate 1 nodes 85907 nps 3181740 hashfull 0 tbhits 0 time 27 pv g1g3
Position; fen r1bqkbnr/ppppppp1/n6p/8/5P2/7N/PPPPP1PP/RNBQKB1R w KQkq - 1 3
Moves; e2e3 e7e6 c2c3 f7f6 d1h5 e8e7 f4f5 a8b8 h3f4 e6f5 f4g6 e7e6 g6h8 b7b5 h5f7 e6e5 h8g6 e5d6 f7g8 f5f4 g8f8 d8f8 g6f8 c8b7 f8g6 f4e3 d2d4 b7d5 b1a3 d5g2 f1g2 a6c5 d4c5 d6c5 c1e3 c5d6 e1c1 d6e6 g2d5 e6f5 g6e7 f5g4 d1g1 g4h3 e7g6 a7a5
Warning; Bestmove does not match beginning of last PV - move e6b3 from B
Info; info depth 245 seldepth 2 multipv 1 score mate 1 nodes 440415 nps 3670125 hashfull 1 tbhits 0 time 120 pv b2d2
Position; fen r1bqkbnr/ppppppp1/n6p/8/5P2/7N/PPPPP1PP/RNBQKB1R w KQkq - 1 3
Moves; b2b4 d7d6 c2c4 a6b4 d1a4 b4c6 d2d4 g7g6 d4d5 f8g7 a4b3 g7a1 d5c6 b7c6 h3f2 a1d4 e2e3 d4c5 c1b2 g8f6 b2f6 e7f6 f4f5 a7a5 f5g6 e8g8 e1d1 f6f5 g6g7 f8e8 b3b2 c8e6 h2h3 a8b8 b2b8 d8b8 f2g4 b8b1 d1d2 b1b2 d2d1 c5b4 g4h6 g8h7 g7g8q e8g8 h6g4 h7g6 g4e5 d6e5 c4c5 g6f6 g2g4
Finished game 8 (B vs A): 1-0 {White mates}
Started game 12 of 16 (B vs A)
Warning; Bestmove does not match beginning of last PV - move f8d6 from B
Info; info depth 245 seldepth 4 multipv 1 score mate 2 nodes 889998 nps 4178394 hashfull 3 tbhits 0 time 213 pv f7c7 f4e3 f8c5
Position; fen rnbqk1nr/pppp1ppp/8/4p3/1b6/P7/2PPPPPP/RNBQKBNR w KQkq - 0 3
Moves; a3b4 g7g6 d2d4 c7c6 c1b2 d8b6 d1d2 e5e4 f2f3 e4f3 e2f3 h7h5 d4d5 f7f6 b2d4 b6b4 d2b4 d7d6 b4b2 b8a6 f1d3 e8d7 b1a3 a6b4 d5c6 d7c6 b2b4 d6d5 b4c5 c6d7 c5d5 d7e8 d3g6 e8f8 d4c5 f8g7 d5f7 g7h6 c5f8 h6g5 h2h4 g5f4
Warning; Bestmove does not match beginning of last PV - move g1e2 from B
Info; info depth 245 seldepth 4 multipv 1 score mate 2 nodes 89724 nps 3901043 hashfull 0 tbhits 0 time 23 pv a3c4 e3d4 g1e2
Position; fen rnbqk1nr/pppp1ppp/8/4p3/1b6/P7/2PPPPPP/RNBQKBNR w KQkq - 0 3
Moves; a3b4 g7g6 d2d4 c7c6 c1b2 d8b6 d1d2 e5e4 f2f3 e4f3 e2f3 h7h5 d4d5 f7f6 b2d4 b6b4 d2b4 d7d6 b4b2 b8a6 f1d3 e8d7 b1a3 a6b4 d5c6 d7c6 b2b4 d6d5 b4c5 c6d7 c5d5 d7e8 d3g6 e8f8 d4c5 f8g7 d5f7 g7h6 c5f8 h6g5 h2h4 g5f4 f8d6 f4e3
Warning; Bestmove does not match beginning of last PV - move d6f4 from B
Info; info depth 245 seldepth 2 multipv 1 score mate 1 nodes 61553 nps 4396642 hashfull 0 tbhits 0 time 14 pv f7e6
Position; fen rnbqk1nr/pppp1ppp/8/4p3/1b6/P7/2PPPPPP/RNBQKBNR w KQkq - 0 3
Moves; a3b4 g7g6 d2d4 c7c6 c1b2 d8b6 d1d2 e5e4 f2f3 e4f3 e2f3 h7h5 d4d5 f7f6 b2d4 b6b4 d2b4 d7d6 b4b2 b8a6 f1d3 e8d7 b1a3 a6b4 d5c6 d7c6 b2b4 d6d5 b4c5 c6d7 c5d5 d7e8 d3g6 e8f8 d4c5 f8g7 d5f7 g7h6 c5f8 h6g5 h2h4 g5f4 f8d6 f4e3 g1e2 c8e6
Finished game 10 (B vs A): 1-0 {White mates}
Started game 13 of 16 (A vs B)
Warning; Bestmove does not match beginning of last PV - move g8d8 from B
Info; info depth 57 seldepth 2 multipv 1 score mate 1 nodes 674415 nps 2248050 hashfull 15 tbhits 0 time 300 pv b2d2
Position; fen r1bqkbnr/ppppppp1/n6p/8/5P2/7N/PPPPP1PP/RNBQKB1R w KQkq - 1 3
Moves; b2b4 d7d6 c2c4 a6b4 d1a4 b4c6 d2d4 g7g6 d4d5 f8g7 a4b3 g7a1 d5c6 b7c6 h3f2 a1d4 e2e3 d4c5 c1b2 g8f6 b2f6 e7f6 f4f5 a7a5 f5g6 e8g8 e1d1 f6f5 g6g7 f8e8 b3b2 c8e6 h2h3 a8b8 b2b8 d8b8 f2g4 b8b1 d1d2 b1b2 d2d1 c5b4 g4h6 g8h7 g7g8q e8g8 h6g4 h7g6 g4e5 d6e5 c4c5 g6f6 g2g4 e6b3 a2b3
Warning; Bestmove does not match beginning of last PV - move f6g7 from B
Info; info depth 245 seldepth 2 multipv 1 score mate 1 nodes 527459 nps 4929523 hashfull 1 tbhits 0 time 107 pv d8d3
Position; fen r1bqkbnr/ppppppp1/n6p/8/5P2/7N/PPPPP1PP/RNBQKB1R w KQkq - 1 3
Moves; b2b4 d7d6 c2c4 a6b4 d1a4 b4c6 d2d4 g7g6 d4d5 f8g7 a4b3 g7a1 d5c6 b7c6 h3f2 a1d4 e2e3 d4c5 c1b2 g8f6 b2f6 e7f6 f4f5 a7a5 f5g6 e8g8 e1d1 f6f5 g6g7 f8e8 b3b2 c8e6 h2h3 a8b8 b2b8 d8b8 f2g4 b8b1 d1d2 b1b2 d2d1 c5b4 g4h6 g8h7 g7g8q e8g8 h6g4 h7g6 g4e5 d6e5 c4c5 g6f6 g2g4 e6b3 a2b3 g8d8 f1d3
Warning; Bestmove does not match beginning of last PV - move f6g6 from B
Info; info depth 29 seldepth 6 multipv 1 score mate 3 nodes 303386 nps 1011286 hashfull 90 tbhits 0 time 300 pv f6f5 e3e4 f5e4 d3d2 d6c4
Position; fen rnbqk1nr/pppp1ppp/8/4p3/1b6/P7/2PPPPPP/RNBQKBNR w KQkq - 0 3
Moves; c2c3 b4e7 g2g3 g8f6 h2h3 b8c6 d1b3 b7b6 e2e3 c8b7 f2f4 e5f4 f1b5 a7a6 g3f4 a6b5 b3b5 c6a7 b5b3 b7h1 e1f2 f6e4 f2f1 e7f6 a1a2 a7c6 b3f7 e8f7 f1e2 f7e8 d2d4 e4d6 e2f2 h1e4 g1f3 e4d5 a2b2 f6h4 f2e2 d5f3 e2d3 d8f6 d4d5
Warning; Bestmove does not match beginning of last PV - move b2b1 from B
Info; info depth 245 seldepth 2 multipv 1 score mate 1 nodes 388154 nps 4312822 hashfull 1 tbhits 0 time 90 pv b2d2
Position; fen r1bqkbnr/ppppppp1/n6p/8/5P2/7N/PPPPP1PP/RNBQKB1R w KQkq - 1 3
Moves; b2b4 d7d6 c2c4 a6b4 d1a4 b4c6 d2d4 g7g6 d4d5 f8g7 a4b3 g7a1 d5c6 b7c6 h3f2 a1d4 e2e3 d4c5 c1b2 g8f6 b2f6 e7f6 f4f5 a7a5 f5g6 e8g8 e1d1 f6f5 g6g7 f8e8 b3b2 c8e6 h2h3 a8b8 b2b8 d8b8 f2g4 b8b1 d1d2 b1b2 d2d1 c5b4 g4h6 g8h7 g7g8q e8g8 h6g4 h7g6 g4e5 d6e5 c4c5 g6f6 g2g4 e6b3 a2b3 g8d8 f1d3 f6g7 h1h2 d8d3 h2d2
Warning; Bestmove does not match beginning of last PV - move f3e4 from B
Info; info depth 29 seldepth 6 multipv 1 score mate 3 nodes 275487 nps 918290 hashfull 87 tbhits 0 time 300 pv g6f5 e3e4 f5e4 d3d2 e4e2
Position; fen rnbqk1nr/pppp1ppp/8/4p3/1b6/P7/2PPPPPP/RNBQKBNR w KQkq - 0 3
Moves; c2c3 b4e7 g2g3 g8f6 h2h3 b8c6 d1b3 b7b6 e2e3 c8b7 f2f4 e5f4 f1b5 a7a6 g3f4 a6b5 b3b5 c6a7 b5b3 b7h1 e1f2 f6e4 f2f1 e7f6 a1a2 a7c6 b3f7 e8f7 f1e2 f7e8 d2d4 e4d6 e2f2 h1e4 g1f3 e4d5 a2b2 f6h4 f2e2 d5f3 e2d3 d8f6 d4d5 f6g6 f4f5
Warning; Bestmove does not match beginning of last PV - move h4d8 from B
Info; info depth 18 seldepth 27 multipv 1 score cp 1230 nodes 296263 nps 987543 hashfull 122 tbhits 0 time 300 pv h4g3 g1f1 b8b3 f3f4 g3f4 f1e2 f4g3 d2d4 c5d4 a3a4 h8g8
Position; fen rnbqkb1r/ppp1pppp/3p1n2/8/4P3/8/PPPPBPPP/RNBQK1NR w KQkq - 0 3
Moves; h2h4 f6e4 c2c3 e4f6 d1b3 b8c6 a2a3 d6d5 e2b5 a7a6 b5c6 b7c6 f2f3 e7e6 g1h3 a6a5 h3f2 c6c5 e1g1 f6d7 g1h1 c8a6 a1a2 a6f1 h4h5 f1c4 b3d1 c4a2 h5h6 d8h4 h1g1 a2b1 h6g7 f8g7 d1b3 a8b8 g2g3
Warning; Bestmove does not match beginning of last PV - move e7e6 from B
Info; info depth 16 seldepth 17 multipv 1 score cp 641 nodes 71907 nps 238102 hashfull 25 tbhits 0 time 302 pv g8f6 a2a4 b5b4 c3b4 a6b7 b1c3 a7a6 b4b5 e7e6 d2d4 a6b5 a4b5 b7h1
Position; fen rnbqkbnr/p1ppppp1/B6p/1p6/8/4P3/PPPP1PPP/RNBQK1NR w KQkq - 0 3
Moves; g2g3 c8a6 c2c3
Warning; Bestmove does not match beginning of last PV - move d6c4 from B
Info; info depth 245 seldepth 2 multipv 1 score mate 1 nodes 81761 nps 2920035 hashfull 0 tbhits 0 time 28 pv g3e1
Position; fen rnbqk1nr/pppp1ppp/8/4p3/1b6/P7/2PPPPPP/RNBQKBNR w KQkq - 0 3
Moves; c2c3 b4e7 g2g3 g8f6 h2h3 b8c6 d1b3 b7b6 e2e3 c8b7 f2f4 e5f4 f1b5 a7a6 g3f4 a6b5 b3b5 c6a7 b5b3 b7h1 e1f2 f6e4 f2f1 e7f6 a1a2 a7c6 b3f7 e8f7 f1e2 f7e8 d2d4 e4d6 e2f2 h1e4 g1f3 e4d5 a2b2 f6h4 f2e2 d5f3 e2d3 d8f6 d4d5 f6g6 f4f5 f3e4 d3d2 g6g3 d5c6
Warning; Bestmove does not match beginning of last PV - move e5e4 from B
Info; info depth 31 seldepth 6 multipv 1 score mate 3 nodes 267799 nps 892663 hashfull 53 tbhits 0 time 300 pv d3d2 e2f3 b1f1 f3g3 f1f2
Position; fen r1bqkbnr/ppppppp1/n6p/8/5P2/7N/PPPPP1PP/RNBQKB1R w KQkq - 1 3
Moves; b2b4 d7d6 c2c4 a6b4 d1a4 b4c6 d2d4 g7g6 d4d5 f8g7 a4b3 g7a1 d5c6 b7c6 h3f2 a1d4 e2e3 d4c5 c1b2 g8f6 b2f6 e7f6 f4f5 a7a5 f5g6 e8g8 e1d1 f6f5 g6g7 f8e8 b3b2 c8e6 h2h3 a8b8 b2b8 d8b8 f2g4 b8b1 d1d2 b1b2 d2d1 c5b4 g4h6 g8h7 g7g8q e8g8 h6g4 h7g6 g4e5 d6e5 c4c5 g6f6 g2g4 e6b3 a2b3 g8d8 f1d3 f6g7 h1h2 d8d3 h2d2 b2b1 d1e2
Warning; Bestmove does not match beginning of last PV - move g3f2 from B
Info; info depth 245 seldepth 2 multipv 1 score mate 1 nodes 77774 nps 2681862 hashfull 0 tbhits 0 time 29 pv g3e1
Position; fen rnbqk1nr/pppp1ppp/8/4p3/1b6/P7/2PPPPPP/RNBQKBNR w KQkq - 0 3
Moves; c2c3 b4e7 g2g3 g8f6 h2h3 b8c6 d1b3 b7b6 e2e3 c8b7 f2f4 e5f4 f1b5 a7a6 g3f4 a6b5 b3b5 c6a7 b5b3 b7h1 e1f2 f6e4 f2f1 e7f6 a1a2 a7c6 b3f7 e8f7 f1e2 f7e8 d2d4 e4d6 e2f2 h1e4 g1f3 e4d5 a2b2 f6h4 f2e2 d5f3 e2d3 d8f6 d4d5 f6g6 f4f5 f3e4 d3d2 g6g3 d5c6 d6c4 d2e2
Warning; Bestmove does not match beginning of last PV - move e4f3 from B
Info; info depth 245 seldepth 2 multipv 1 score mate 1 nodes 78733 nps 2916037 hashfull 0 tbhits 0 time 27 pv f2e1
Position; fen rnbqk1nr/pppp1ppp/8/4p3/1b6/P7/2PPPPPP/RNBQKBNR w KQkq - 0 3
Moves; c2c3 b4e7 g2g3 g8f6 h2h3 b8c6 d1b3 b7b6 e2e3 c8b7 f2f4 e5f4 f1b5 a7a6 g3f4 a6b5 b3b5 c6a7 b5b3 b7h1 e1f2 f6e4 f2f1 e7f6 a1a2 a7c6 b3f7 e8f7 f1e2 f7e8 d2d4 e4d6 e2f2 h1e4 g1f3 e4d5 a2b2 f6h4 f2e2 d5f3 e2d3 d8f6 d4d5 f6g6 f4f5 f3e4 d3d2 g6g3 d5c6 d6c4 d2e2 g3f2 e2d1
Warning; Bestmove does not match beginning of last PV - move d2d4 from B
Info; info depth 12 seldepth 18 multipv 1 score cp 67 nodes 69413 nps 231376 hashfull 19 tbhits 0 time 300 pv g1f3 e7e5 d2d4 b8d7 c3c4 g7g6 b1c3 f8g7 d4e5 d6e5 h2h3
Position; fen rnbqkb1r/ppp1pppp/3p1n2/8/4P3/8/PPPPBPPP/RNBQK1NR w KQkq - 0 3
Moves; c2c3 h7h6 d1c2 a7a5
Warning; Bestmove does not match beginning of last PV - move f3e2 from B
Info; info depth 38 seldepth 2 multipv 1 score mate 1 nodes 512725 nps 1709083 hashfull 75 tbhits 0 time 300 pv f2e2
Position; fen rnbqk1nr/pppp1ppp/8/4p3/1b6/P7/2PPPPPP/RNBQKBNR w KQkq - 0 3
Moves; c2c3 b4e7 g2g3 g8f6 h2h3 b8c6 d1b3 b7b6 e2e3 c8b7 f2f4 e5f4 f1b5 a7a6 g3f4 a6b5 b3b5 c6a7 b5b3 b7h1 e1f2 f6e4 f2f1 e7f6 a1a2 a7c6 b3f7 e8f7 f1e2 f7e8 d2d4 e4d6 e2f2 h1e4 g1f3 e4d5 a2b2 f6h4 f2e2 d5f3 e2d3 d8f6 d4d5 f6g6 f4f5 f3e4 d3d2 g6g3 d5c6 d6c4 d2e2 g3f2 e2d1 e4f3 b2e2
Warning; Bestmove does not match beginning of last PV - move b8c6 from B
Info; info depth 16 seldepth 21 multipv 1 score cp 592 nodes 107257 nps 357523 hashfull 38 tbhits 0 time 300 pv d7d5 d2d4 d5e4 g1h3 f8d6 e1g1 g8f6 f1e1 e8g8 h3f4 d6f4 c1f4
Position; fen rnbqkbnr/p1ppppp1/B6p/1p6/8/4P3/PPPP1PPP/RNBQK1NR w KQkq - 0 3
Moves; g2g3 c8a6 c2c3 e7e6 e3e4
Warning; Bestmove does not match beginning of last PV - move h8g8 from B
Info; info depth 18 seldepth 24 multipv 1 score cp 994 nodes 316155 nps 1053850 hashfull 126 tbhits 0 time 300 pv a5b4 a3b4 c5c4 c1a3 h8g8 f2g4 g7f8 g1g2 g8g6
Position; fen rnbqkb1r/ppp1pppp/3p1n2/8/4P3/8/PPPPBPPP/RNBQK1NR w KQkq - 0 3
Moves; h2h4 f6e4 c2c3 e4f6 d1b3 b8c6 a2a3 d6d5 e2b5 a7a6 b5c6 b7c6 f2f3 e7e6 g1h3 a6a5 h3f2 c6c5 e1g1 f6d7 g1h1 c8a6 a1a2 a6f1 h4h5 f1c4 b3d1 c4a2 h5h6 d8h4 h1g1 a2b1 h6g7 f8g7 d1b3 a8b8 g2g3 h4d8 b3b8 d8b8 b2b4
Warning; Bestmove does not match beginning of last PV - move g8f6 from B
Info; info depth 15 seldepth 23 multipv 1 score cp 614 nodes 115291 nps 383026 hashfull 45 tbhits 0 time 301 pv d7d5 d2d4 d5e4 g1e2 g8f6 e1g1 f8d6
Position; fen rnbqkbnr/p1ppppp1/B6p/1p6/8/4P3/PPPP1PPP/RNBQK1NR w KQkq - 0 3
Moves; g2g3 c8a6 c2c3 e7e6 e3e4 b8c6 h2h4
Warning; Bestmove does not match beginning of last PV - move g7f6 from B
Info; info depth 103 seldepth 6 multipv 1 score mate 3 nodes 947643 nps 3158810 hashfull 20 tbhits 0 time 300 pv d2e3 f2g3 b1g1 g3h4 g1g5
Position; fen r1bqkbnr/ppppppp1/n6p/8/5P2/7N/PPPPP1PP/RNBQKB1R w KQkq - 1 3
Moves; b2b4 d7d6 c2c4 a6b4 d1a4 b4c6 d2d4 g7g6 d4d5 f8g7 a4b3 g7a1 d5c6 b7c6 h3f2 a1d4 e2e3 d4c5 c1b2 g8f6 b2f6 e7f6 f4f5 a7a5 f5g6 e8g8 e1d1 f6f5 g6g7 f8e8 b3b2 c8e6 h2h3 a8b8 b2b8 d8b8 f2g4 b8b1 d1d2 b1b2 d2d1 c5b4 g4h6 g8h7 g7g8q e8g8 h6g4 h7g6 g4e5 d6e5 c4c5 g6f6 g2g4 e6b3 a2b3 g8d8 f1d3 f6g7 h1h2 d8d3 h2d2 b2b1 d1e2 e5e4 e2f2 b4d2 g4f5
Warning; Bestmove does not match beginning of last PV - move g7f8 from B
Info; info depth 17 seldepth 26 multipv 1 score cp 1039 nodes 276799 nps 922663 hashfull 104 tbhits 0 time 300 pv g7e5 f2g4 e5g3 a5a6 g3h4 a6a7 b8a7 g1h2 h4e7 g4h6 e7d6 h2h3 g8g3 h3h2 g3f3 h2g2
Position; fen rnbqkb1r/ppp1pppp/3p1n2/8/4P3/8/PPPPBPPP/RNBQK1NR w KQkq - 0 3
Moves; h2h4 f6e4 c2c3 e4f6 d1b3 b8c6 a2a3 d6d5 e2b5 a7a6 b5c6 b7c6 f2f3 e7e6 g1h3 a6a5 h3f2 c6c5 e1g1 f6d7 g1h1 c8a6 a1a2 a6f1 h4h5 f1c4 b3d1 c4a2 h5h6 d8h4 h1g1 a2b1 h6g7 f8g7 d1b3 a8b8 g2g3 h4d8 b3b8 d8b8 b2b4 h8g8 b4a5
Warning; Bestmove does not match beginning of last PV - move e2d1 from B
Info; info depth 33 seldepth 6 multipv 1 score mate 3 nodes 289397 nps 964656 hashfull 79 tbhits 0 time 300 pv f5e4 c2b3 e4b1 c1b2 b1b2
Position; fen rnbqk1nr/pppp1ppp/8/4p3/1b6/P7/2PPPPPP/RNBQKBNR w KQkq - 0 3
Moves; c2c3 b4e7 g2g3 g8f6 h2h3 b8c6 d1b3 b7b6 e2e3 c8b7 f2f4 e5f4 f1b5 a7a6 g3f4 a6b5 b3b5 c6a7 b5b3 b7h1 e1f2 f6e4 f2f1 e7f6 a1a2 a7c6 b3f7 e8f7 f1e2 f7e8 d2d4 e4d6 e2f2 h1e4 g1f3 e4d5 a2b2 f6h4 f2e2 d5f3 e2d3 d8f6 d4d5 f6g6 f4f5 f3e4 d3d2 g6g3 d5c6 d6c4 d2e2 g3f2 e2d1 e4f3 b2e2 f3e2 d1c2 f2f5 e3e4
Warning; Bestmove does not match beginning of last PV - move d8c8 from B
Info; info depth 15 seldepth 21 multipv 1 score cp 624 nodes 92129 nps 304056 hashfull 36 tbhits 0 time 303 pv d8b8 g1f3 b8b6 d2d4 c6e7 e1g1 a6b7 f3e5 h6h5
Position; fen rnbqkbnr/p1ppppp1/B6p/1p6/8/4P3/PPPP1PPP/RNBQK1NR w KQkq - 0 3
Moves; g2g3 c8a6 c2c3 e7e6 e3e4 b8c6 h2h4 g8f6 f2f4
Warning; Bestmove does not match beginning of last PV - move d2e1 from B
Info; info depth 65 seldepth 6 multipv 1 score mate 3 nodes 774603 nps 2582010 hashfull 14 tbhits 0 time 300 pv d2e3 f2g3 b1g1 g3h4 g1g5
Position; fen r1bqkbnr/ppppppp1/n6p/8/5P2/7N/PPPPP1PP/RNBQKB1R w KQkq - 1 3
Moves; b2b4 d7d6 c2c4 a6b4 d1a4 b4c6 d2d4 g7g6 d4d5 f8g7 a4b3 g7a1 d5c6 b7c6 h3f2 a1d4 e2e3 d4c5 c1b2 g8f6 b2f6 e7f6 f4f5 a7a5 f5g6 e8g8 e1d1 f6f5 g6g7 f8e8 b3b2 c8e6 h2h3 a8b8 b2b8 d8b8 f2g4 b8b1 d1d2 b1b2 d2d1 c5b4 g4h6 g8h7 g7g8q e8g8 h6g4 h7g6 g4e5 d6e5 c4c5 g6f6 g2g4 e6b3 a2b3 g8d8 f1d3 f6g7 h1h2 d8d3 h2d2 b2b1 d1e2 e5e4 e2f2 b4d2 g4f5 g7f6 b3b4
Warning; Bestmove does not match beginning of last PV - move e1h4 from B
Info; info depth 245 seldepth 4 multipv 1 score mate 2 nodes 365980 nps 3852421 hashfull 8 tbhits 0 time 95 pv d3d2 g2h1 e1h4
Position; fen r1bqkbnr/ppppppp1/n6p/8/5P2/7N/PPPPP1PP/RNBQKB1R w KQkq - 1 3
Moves; b2b4 d7d6 c2c4 a6b4 d1a4 b4c6 d2d4 g7g6 d4d5 f8g7 a4b3 g7a1 d5c6 b7c6 h3f2 a1d4 e2e3 d4c5 c1b2 g8f6 b2f6 e7f6 f4f5 a7a5 f5g6 e8g8 e1d1 f6f5 g6g7 f8e8 b3b2 c8e6 h2h3 a8b8 b2b8 d8b8 f2g4 b8b1 d1d2 b1b2 d2d1 c5b4 g4h6 g8h7 g7g8q e8g8 h6g4 h7g6 g4e5 d6e5 c4c5 g6f6 g2g4 e6b3 a2b3 g8d8 f1d3 f6g7 h1h2 d8d3 h2d2 b2b1 d1e2 e5e4 e2f2 b4d2 g4f5 g7f6 b3b4 d2e1 f2g2
Finished game 7 (A vs B): 0-1 {Black mates}
Started game 14 of 16 (B vs A)
Warning; Bestmove does not match beginning of last PV - move b1f5 from B
Info; info depth 18 seldepth 22 multipv 1 score cp 1070 nodes 322289 nps 1074296 hashfull 121 tbhits 0 time 300 pv g8g3 g1f1 b8a7 d2d3 g3f3 f1e1 a7a6
Position; fen rnbqkb1r/ppp1pppp/3p1n2/8/4P3/8/PPPPBPPP/RNBQK1NR w KQkq - 0 3
Moves; h2h4 f6e4 c2c3 e4f6 d1b3 b8c6 a2a3 d6d5 e2b5 a7a6 b5c6 b7c6 f2f3 e7e6 g1h3 a6a5 h3f2 c6c5 e1g1 f6d7 g1h1 c8a6 a1a2 a6f1 h4h5 f1c4 b3d1 c4a2 h5h6 d8h4 h1g1 a2b1 h6g7 f8g7 d1b3 a8b8 g2g3 h4d8 b3b8 d8b8 b2b4 h8g8 b4a5 g7f8 a5a6
Warning; Bestmove does not match beginning of last PV - move f6e4 from B
Info; info depth 15 seldepth 20 multipv 1 score cp 614 nodes 82184 nps 273946 hashfull 27 tbhits 0 time 300 pv f6d5 g1f3 c6e7 d2d4 c7c5 d4c5 c8c5 b2b4 c5c7
Position; fen rnbqkbnr/p1ppppp1/B6p/1p6/8/4P3/PPPP1PPP/RNBQK1NR w KQkq - 0 3
Moves; g2g3 c8a6 c2c3 e7e6 e3e4 b8c6 h2h4 g8f6 f2f4 d8c8 e4e5
Warning; Bestmove does not match beginning of last PV - move g1f3 from B
Info; info depth 14 seldepth 18 multipv 1 score cp 495 nodes 47804 nps 159346 hashfull 20 tbhits 0 time 300 pv f6g7 f8g7 g1f3 e8g8 f3e5 c6c5 e1g1 c5d4 g1h1 b5b4 e2a6 b8a6 c3d4
Position; fen rnbqkb1r/ppp1pppp/3p1n2/8/4P3/8/PPPPBPPP/RNBQK1NR w KQkq - 0 3
Moves; c2c3 h7h6 d1c2 a7a5 d2d4 c7c6 f2f4 d6d5 e4e5 b7b5 e5f6 c8a6
Warning; Bestmove does not match beginning of last PV - move f3e2 from B
Info; info depth 26 seldepth 8 multipv 1 score mate 4 nodes 242892 nps 809640 hashfull 79 tbhits 0 time 300 pv f3e4 c2d1 e4d3 c1d2 c4e3 d1c1 d3c2
Position; fen rnbqk1nr/pppp1ppp/8/4p3/1b6/P7/2PPPPPP/RNBQKBNR w KQkq - 0 3
Moves; c2c3 b4e7 g2g3 g8f6 h2h3 b8c6 d1b3 b7b6 e2e3 c8b7 f2f4 e5f4 f1b5 a7a6 g3f4 a6b5 b3b5 c6a7 b5b3 b7h1 e1f2 f6e4 f2f1 e7f6 a1a2 a7c6 b3f7 e8f7 f1e2 f7e8 d2d4 e4d6 e2f2 h1e4 g1f3 e4d5 a2b2 f6h4 f2e2 d5f3 e2d3 d8f6 d4d5 f6g6 f4f5 f3e4 d3d2 g6g3 d5c6 d6c4 d2e2 g3f2 e2d1 e4f3 b2e2 f3e2 d1c2 f2f5 e3e4 e2d1 c2d1 f5f3 d1c2
Warning; Bestmove does not match beginning of last PV - move b5d3 from B
Info; info depth 11 seldepth 17 multipv 1 score cp 155 nodes 59271 nps 196261 hashfull 18 tbhits 0 time 302 pv b5a4 e7e6 g1f3 d8a5 c2c3 f8e7 d2d4 g8f6 e1g1 e8g8
Position; fen rnbqkbnr/p1ppppp1/B6p/1p6/8/4P3/PPPP1PPP/RNBQK1NR w KQkq - 0 3
Moves; a6b5 c7c6
Warning; Bestmove does not match beginning of last PV - move b8a7 from B
Info; info depth 18 seldepth 20 multipv 1 score cp 1099 nodes 243025 nps 810083 hashfull 88 tbhits 0 time 300 pv g8g3 g2f1 b8a7 d2d3 a7a6 c3c4 g3f3 c1d2 f5d3 f1g2 f3g3 g2h1 g3g6 f2d3
Position; fen rnbqkb1r/ppp1pppp/3p1n2/8/4P3/8/PPPPBPPP/RNBQK1NR w KQkq - 0 3
Moves; h2h4 f6e4 c2c3 e4f6 d1b3 b8c6 a2a3 d6d5 e2b5 a7a6 b5c6 b7c6 f2f3 e7e6 g1h3 a6a5 h3f2 c6c5 e1g1 f6d7 g1h1 c8a6 a1a2 a6f1 h4h5 f1c4 b3d1 c4a2 h5h6 d8h4 h1g1 a2b1 h6g7 f8g7 d1b3 a8b8 g2g3 h4d8 b3b8 d8b8 b2b4 h8g8 b4a5 g7f8 a5a6 b1f5 g1g2 f8d6 a3a4
Warning; Bestmove does not match beginning of last PV - move b2b3 from B
Info; info depth 13 seldepth 21 multipv 1 score cp 165 nodes 72666 nps 241415 hashfull 26 tbhits 0 time 301 pv g1f3 g8f6 e1g1 e7e6 d3e2 d7d5 c2c4 f8d6 b1c3 e6e5 b2b3 e8g8 c4d5 c6d5 c3b5
Position; fen rnbqkbnr/p1ppppp1/B6p/1p6/8/4P3/PPPP1PPP/RNBQK1NR w KQkq - 0 3
Moves; a6b5 c7c6 b5d3 a7a5
Warning; Bestmove does not match beginning of last PV - move e2e4 from B
Info; info depth 36 seldepth 8 multipv 1 score mate 4 nodes 328756 nps 1095853 hashfull 58 tbhits 0 time 300 pv a8a4 e4e5 a4a2 c2b3 a2b2 b3a4 e2d1
Position; fen rnbqk1nr/pppp1ppp/8/4p3/1b6/P7/2PPPPPP/RNBQKBNR w KQkq - 0 3
Moves; c2c3 b4e7 g2g3 g8f6 h2h3 b8c6 d1b3 b7b6 e2e3 c8b7 f2f4 e5f4 f1b5 a7a6 g3f4 a6b5 b3b5 c6a7 b5b3 b7h1 e1f2 f6e4 f2f1 e7f6 a1a2 a7c6 b3f7 e8f7 f1e2 f7e8 d2d4 e4d6 e2f2 h1e4 g1f3 e4d5 a2b2 f6h4 f2e2 d5f3 e2d3 d8f6 d4d5 f6g6 f4f5 f3e4 d3d2 g6g3 d5c6 d6c4 d2e2 g3f2 e2d1 e4f3 b2e2 f3e2 d1c2 f2f5 e3e4 e2d1 c2d1 f5f3 d1c2 f3e2 c1d2 d7c6 a3a4
Warning; Bestmove does not match beginning of last PV - move h1g3 from B
Info; info depth 17 seldepth 21 multipv 1 score cp 883 nodes 286824 nps 956080 hashfull 112 tbhits 0 time 300 pv c6e7 d2d3 e7f5 e3d2 h1g3 d1f3 a6b7 f3f2 d7d6 d2d1 f8e7 g1f3 c7c5 a2a3 d6e5 f3e5
Position; fen rnbqkbnr/p1ppppp1/B6p/1p6/8/4P3/PPPP1PPP/RNBQK1NR w KQkq - 0 3
Moves; g2g3 c8a6 c2c3 e7e6 e3e4 b8c6 h2h4 g8f6 f2f4 d8c8 e4e5 f6e4 e1e2 e4g3 e2f2 g3h1 f2e3
Warning; Bestmove does not match beginning of last PV - move a8d8 from B
Info; info depth 39 seldepth 8 multipv 1 score mate 4 nodes 448377 nps 1494590 hashfull 70 tbhits 0 time 300 pv a8a4 b1a3 a4a3 c1d1 a3a1 d2c1 e4d3
Position; fen rnbqk1nr/pppp1ppp/8/4p3/1b6/P7/2PPPPPP/RNBQKBNR w KQkq - 0 3
Moves; c2c3 b4e7 g2g3 g8f6 h2h3 b8c6 d1b3 b7b6 e2e3 c8b7 f2f4 e5f4 f1b5 a7a6 g3f4 a6b5 b3b5 c6a7 b5b3 b7h1 e1f2 f6e4 f2f1 e7f6 a1a2 a7c6 b3f7 e8f7 f1e2 f7e8 d2d4 e4d6 e2f2 h1e4 g1f3 e4d5 a2b2 f6h4 f2e2 d5f3 e2d3 d8f6 d4d5 f6g6 f4f5 f3e4 d3d2 g6g3 d5c6 d6c4 d2e2 g3f2 e2d1 e4f3 b2e2 f3e2 d1c2 f2f5 e3e4 e2d1 c2d1 f5f3 d1c2 f3e2 c1d2 d7c6 a3a4 e2e4 c2c1
Warning; Bestmove does not match beginning of last PV - move c6e5 from B
Info; info depth 17 seldepth 22 multipv 1 score cp 847 nodes 251310 nps 837700 hashfull 86 tbhits 0 time 300 pv g3f5 d2d4 d7d6 g1f3 d6e5 f4e5 a6b7 a2a4 a7a6 c1f4 f8e7 b1d2 c6a7 a4b5 a7b5 d1a4 b7f3
Position; fen rnbqkbnr/p1ppppp1/B6p/1p6/8/4P3/PPPP1PPP/RNBQK1NR w KQkq - 0 3
Moves; g2g3 c8a6 c2c3 e7e6 e3e4 b8c6 h2h4 g8f6 f2f4 d8c8 e4e5 f6e4 e1e2 e4g3 e2f2 g3h1 f2e3 h1g3 e3f2
Warning; Bestmove does not match beginning of last PV - move e2d1 from B
Info; info depth 17 seldepth 26 multipv 1 score cp 641 nodes 161559 nps 536740 hashfull 53 tbhits 0 time 301 pv e2d3 b8d7 e1e7 f8e7 b1a3 e7d6 g1f2 e8d8 f3e1 d7b6 a1b1 h8e8 c2d1
Position; fen rnbqkb1r/ppp1pppp/3p1n2/8/4P3/8/PPPPBPPP/RNBQK1NR w KQkq - 0 3
Moves; c2c3 h7h6 d1c2 a7a5 d2d4 c7c6 f2f4 d6d5 e4e5 b7b5 e5f6 c8a6 g1f3 e7f6 e1g1 a5a4 f1e1 a4a3 b2b4 d8e7
Warning; Bestmove does not match beginning of last PV - move g3e4 from B
Info; info depth 16 seldepth 24 multipv 1 score cp 763 nodes 191196 nps 637320 hashfull 81 tbhits 0 time 300 pv g3f5 g1f3 a6b7 d2d4 h8g8 f2e1 f8e7 c1f4 f5h4 f3d2
Position; fen rnbqkbnr/p1ppppp1/B6p/1p6/8/4P3/PPPP1PPP/RNBQK1NR w KQkq - 0 3
Moves; g2g3 c8a6 c2c3 e7e6 e3e4 b8c6 h2h4 g8f6 f2f4 d8c8 e4e5 f6e4 e1e2 e4g3 e2f2 g3h1 f2e3 h1g3 e3f2 c6e5 f4e5
Warning; Bestmove does not match beginning of last PV - move h2h3 from B
Info; info depth 16 seldepth 22 multipv 1 score cp 635 nodes 186411 nps 621370 hashfull 72 tbhits 0 time 300 pv f2f4 g6g5 g1h3 g8f6 f4g5 h6g5 e1g1 f8e7 h8f6 e7f6 b1c3 g5g4 d1g4
Position; fen rnbqkbnr/p1ppppp1/B6p/1p6/8/4P3/PPPP1PPP/RNBQK1NR w KQkq - 0 3
Moves; a6b5 c7c6 b5d3 a7a5 b2b3 g7g6 c1b2 e7e6 b2h8 a8a7
Warning; Bestmove does not match beginning of last PV - move g3g6 from B
Info; info depth 50 seldepth 6 multipv 1 score mate 3 nodes 902715 nps 3009050 hashfull 51 tbhits 0 time 300 pv a4a1 f2d1 a1d1 h1h2 d1g1
Position; fen rnbqkb1r/ppp1pppp/3p1n2/8/4P3/8/PPPPBPPP/RNBQK1NR w KQkq - 0 3
Moves; h2h4 f6e4 c2c3 e4f6 d1b3 b8c6 a2a3 d6d5 e2b5 a7a6 b5c6 b7c6 f2f3 e7e6 g1h3 a6a5 h3f2 c6c5 e1g1 f6d7 g1h1 c8a6 a1a2 a6f1 h4h5 f1c4 b3d1 c4a2 h5h6 d8h4 h1g1 a2b1 h6g7 f8g7 d1b3 a8b8 g2g3 h4d8 b3b8 d8b8 b2b4 h8g8 b4a5 g7f8 a5a6 b1f5 g1g2 f8d6 a3a4 b8a7 c1a3 g8g3 g2h1 a7a6 d2d3 a6a4 a3b4
Warning; Bestmove does not match beginning of last PV - move d7d5 from B
Info; info depth 16 seldepth 25 multipv 1 score cp 764 nodes 218812 nps 729373 hashfull 81 tbhits 0 time 300 pv a6b7 g1f3 d7d6 d2d4 d6e5 f3e5 f8d6 d1h5 d6e5 h5e5 e4f6 e5b5 c7c6
Position; fen rnbqkbnr/p1ppppp1/B6p/1p6/8/4P3/PPPP1PPP/RNBQK1NR w KQkq - 0 3
Moves; g2g3 c8a6 c2c3 e7e6 e3e4 b8c6 h2h4 g8f6 f2f4 d8c8 e4e5 f6e4 e1e2 e4g3 e2f2 g3h1 f2e3 h1g3 e3f2 c6e5 f4e5 g3e4 f2e3
Warning; Bestmove does not match beginning of last PV - move h4e7 from B
Info; info depth 55 seldepth 2 multipv 1 score mate 1 nodes 591101 nps 1970336 hashfull 22 tbhits 0 time 300 pv g1d1
Position; fen rnbqk1nr/pppp1ppp/8/4p3/1b6/P7/2PPPPPP/RNBQKBNR w KQkq - 0 3
Moves; c2c3 b4e7 g2g3 g8f6 h2h3 b8c6 d1b3 b7b6 e2e3 c8b7 f2f4 e5f4 f1b5 a7a6 g3f4 a6b5 b3b5 c6a7 b5b3 b7h1 e1f2 f6e4 f2f1 e7f6 a1a2 a7c6 b3f7 e8f7 f1e2 f7e8 d2d4 e4d6 e2f2 h1e4 g1f3 e4d5 a2b2 f6h4 f2e2 d5f3 e2d3 d8f6 d4d5 f6g6 f4f5 f3e4 d3d2 g6g3 d5c6 d6c4 d2e2 g3f2 e2d1 e4f3 b2e2 f3e2 d1c2 f2f5 e3e4 e2d1 c2d1 f5f3 d1c2 f3e2 c1d2 d7c6 a3a4 e2e4 c2c1 a8d8 d2e3 e4h1 e3g1 h1g1 c1c2
Warning; Bestmove does not match beginning of last PV - move h8c3 from B
Info; info depth 16 seldepth 22 multipv 1 score cp 636 nodes 182896 nps 609653 hashfull 80 tbhits 0 time 300 pv d3a6 b8a6 h8d4 c6c5 d4b2 g8f6 g1f3 d7d5 b1c3 a6b4 a2a3
Position; fen rnbqkbnr/p1ppppp1/B6p/1p6/8/4P3/PPPP1PPP/RNBQK1NR w KQkq - 0 3
Moves; a6b5 c7c6 b5d3 a7a5 b2b3 g7g6 c1b2 e7e6 b2h8 a8a7 h2h3 c8a6
Warning; Bestmove does not match beginning of last PV - move c1a3 from B
Info; info depth 18 seldepth 27 multipv 1 score cp 716 nodes 278633 nps 928776 hashfull 107 tbhits 0 time 300 pv c3b4 e8g8 b1a3 f8e8 c2f2 b8d7 d1f3 d7b6 c1d2 a6c8 a3c2 g8f8 h2h3 c8f5 a2a3 f5h7
Position; fen rnbqkb1r/ppp1pppp/3p1n2/8/4P3/8/PPPPBPPP/RNBQK1NR w KQkq - 0 3
Moves; c2c3 h7h6 d1c2 a7a5 d2d4 c7c6 f2f4 d6d5 e4e5 b7b5 e5f6 c8a6 g1f3 e7f6 e1g1 a5a4 f1e1 a4a3 b2b4 d8e7 e2d1 e7e1 f3e1 f8b4
Warning; Bestmove does not match beginning of last PV - move c4d2 from B
Info; info depth 245 seldepth 4 multipv 1 score mate 2 nodes 867957 nps 3144771 hashfull 2 tbhits 0 time 276 pv g1b1 b3c4 b1a2
Position; fen rnbqk1nr/pppp1ppp/8/4p3/1b6/P7/2PPPPPP/RNBQKBNR w KQkq - 0 3
Moves; c2c3 b4e7 g2g3 g8f6 h2h3 b8c6 d1b3 b7b6 e2e3 c8b7 f2f4 e5f4 f1b5 a7a6 g3f4 a6b5 b3b5 c6a7 b5b3 b7h1 e1f2 f6e4 f2f1 e7f6 a1a2 a7c6 b3f7 e8f7 f1e2 f7e8 d2d4 e4d6 e2f2 h1e4 g1f3 e4d5 a2b2 f6h4 f2e2 d5f3 e2d3 d8f6 d4d5 f6g6 f4f5 f3e4 d3d2 g6g3 d5c6 d6c4 d2e2 g3f2 e2d1 e4f3 b2e2 f3e2 d1c2 f2f5 e3e4 e2d1 c2d1 f5f3 d1c2 f3e2 c1d2 d7c6 a3a4 e2e4 c2c1 a8d8 d2e3 e4h1 e3g1 h1g1 c1c2 h4e7 c2b3
Warning; Bestmove does not match beginning of last PV - move c7c6 from B
Info; info depth 16 seldepth 29 multipv 1 score cp 731 nodes 226636 nps 755453 hashfull 85 tbhits 0 time 300 pv b5b4 c3b4 f8b4 g1f3 c8d7 d2d4 c7c5 d1g1
Position; fen rnbqkbnr/p1ppppp1/B6p/1p6/8/4P3/PPPP1PPP/RNBQK1NR w KQkq - 0 3
Moves; g2g3 c8a6 c2c3 e7e6 e3e4 b8c6 h2h4 g8f6 f2f4 d8c8 e4e5 f6e4 e1e2 e4g3 e2f2 g3h1 f2e3 h1g3 e3f2 c6e5 f4e5 g3e4 f2e3 d7d5 a2a4
Warning; Bestmove does not match beginning of last PV - move a2a4 from B
Info; info depth 16 seldepth 21 multipv 1 score cp 635 nodes 162714 nps 540578 hashfull 65 tbhits 0 time 301 pv d3a6 a7a6 d1e2 d7d5 g1f3 c8b7 a2a4 b8d7 b1a3 f8a3 a1a3 g8f6
Position; fen rnbqkbnr/p1ppppp1/B6p/1p6/8/4P3/PPPP1PPP/RNBQK1NR w KQkq - 0 3
Moves; a6b5 c7c6 b5d3 a7a5 b2b3 g7g6 c1b2 e7e6 b2h8 a8a7 h2h3 c8a6 h8c3 d8c8
Warning; Bestmove does not match beginning of last PV - move g7g6 from B
Info; info depth 245 seldepth 2 multipv 1 score mate 1 nodes 69874 nps 2587925 hashfull 1 tbhits 0 time 27 pv d1a4
Position; fen rnbqk1nr/pppp1ppp/8/4p3/1b6/P7/2PPPPPP/RNBQKBNR w KQkq - 0 3
Moves; c2c3 b4e7 g2g3 g8f6 h2h3 b8c6 d1b3 b7b6 e2e3 c8b7 f2f4 e5f4 f1b5 a7a6 g3f4 a6b5 b3b5 c6a7 b5b3 b7h1 e1f2 f6e4 f2f1 e7f6 a1a2 a7c6 b3f7 e8f7 f1e2 f7e8 d2d4 e4d6 e2f2 h1e4 g1f3 e4d5 a2b2 f6h4 f2e2 d5f3 e2d3 d8f6 d4d5 f6g6 f4f5 f3e4 d3d2 g6g3 d5c6 d6c4 d2e2 g3f2 e2d1 e4f3 b2e2 f3e2 d1c2 f2f5 e3e4 e2d1 c2d1 f5f3 d1c2 f3e2 c1d2 d7c6 a3a4 e2e4 c2c1 a8d8 d2e3 e4h1 e3g1 h1g1 c1c2 h4e7 c2b3 c4d2 b1d2 g1d1 b3c4
Warning; Bestmove does not match beginning of last PV - move d1h5 from B
Info; info depth 245 seldepth 2 multipv 1 score mate 1 nodes 59027 nps 2108107 hashfull 0 tbhits 0 time 28 pv d6f4
Position; fen rnbqkb1r/ppp1pppp/3p1n2/8/4P3/8/PPPPBPPP/RNBQK1NR w KQkq - 0 3
Moves; h2h4 f6e4 c2c3 e4f6 d1b3 b8c6 a2a3 d6d5 e2b5 a7a6 b5c6 b7c6 f2f3 e7e6 g1h3 a6a5 h3f2 c6c5 e1g1 f6d7 g1h1 c8a6 a1a2 a6f1 h4h5 f1c4 b3d1 c4a2 h5h6 d8h4 h1g1 a2b1 h6g7 f8g7 d1b3 a8b8 g2g3 h4d8 b3b8 d8b8 b2b4 h8g8 b4a5 g7f8 a5a6 b1f5 g1g2 f8d6 a3a4 b8a7 c1a3 g8g3 g2h1 a7a6 d2d3 a6a4 a3b4 g3g6 f3f4 a4a1 f2d1 a1d1 h1h2
Finished game 11 (A vs B): 0-1 {Black mates}
Started game 15 of 16 (A vs B)
Warning; Bestmove does not match beginning of last PV - move d1d5 from B
Info; info depth 245 seldepth 2 multipv 1 score mate 1 nodes 497989 nps 4220245 hashfull 1 tbhits 0 time 118 pv d1a4
Position; fen rnbqk1nr/pppp1ppp/8/4p3/1b6/P7/2PPPPPP/RNBQKBNR w KQkq - 0 3
Moves; c2c3 b4e7 g2g3 g8f6 h2h3 b8c6 d1b3 b7b6 e2e3 c8b7 f2f4 e5f4 f1b5 a7a6 g3f4 a6b5 b3b5 c6a7 b5b3 b7h1 e1f2 f6e4 f2f1 e7f6 a1a2 a7c6 b3f7 e8f7 f1e2 f7e8 d2d4 e4d6 e2f2 h1e4 g1f3 e4d5 a2b2 f6h4 f2e2 d5f3 e2d3 d8f6 d4d5 f6g6 f4f5 f3e4 d3d2 g6g3 d5c6 d6c4 d2e2 g3f2 e2d1 e4f3 b2e2 f3e2 d1c2 f2f5 e3e4 e2d1 c2d1 f5f3 d1c2 f3e2 c1d2 d7c6 a3a4 e2e4 c2c1 a8d8 d2e3 e4h1 e3g1 h1g1 c1c2 h4e7 c2b3 c4d2 b1d2 g1d1 b3c4 g7g6 d2f3
Finished game 9 (A vs B): 0-1 {Black mates}
Started game 16 of 16 (B vs A)
Warning; Bestmove does not match beginning of last PV - move g1f3 from B
Info; info depth 14 seldepth 19 multipv 1 score cp 8 nodes 98174 nps 327246 hashfull 24 tbhits 0 time 300 pv c1b2 g8f6 g1f3 c7c5 e2e3 f8e7 d2d4 b8c6 d4c5 e7c5 f1d3 e8g8 b1d2 d7d5
Position; fen rnbqkbnr/pppp1pp1/4p2p/8/P7/1P6/2PPPPPP/RNBQKBNR w KQkq - 0 3
Moves; 
Warning; Bestmove does not match beginning of last PV - move e1d3 from B
Info; info depth 17 seldepth 19 multipv 1 score cp 635 nodes 250495 nps 834983 hashfull 93 tbhits 0 time 300 pv c2f2 e8g8 a3c2 f8e8 d1g4 b5b4 c3b4 a6c4 g4h3 a8a2 a1a2 c4a2
Position; fen rnbqkb1r/ppp1pppp/3p1n2/8/4P3/8/PPPPBPPP/RNBQK1NR w KQkq - 0 3
Moves; c2c3 h7h6 d1c2 a7a5 d2d4 c7c6 f2f4 d6d5 e4e5 b7b5 e5f6 c8a6 g1f3 e7f6 e1g1 a5a4 f1e1 a4a3 b2b4 d8e7 e2d1 e7e1 f3e1 f8b4 c1a3 b4a3 b1a3 g7g5
Warning; Bestmove does not match beginning of last PV - move a8b8 from B
Info; info depth 16 seldepth 23 multipv 1 score cp 710 nodes 204715 nps 682383 hashfull 82 tbhits 0 time 300 pv e4c5 g1f3 c5b3 a1a6 c8a6 e1g1 a6c8 e3e2 b3c1 e2d1
Position; fen rnbqkbnr/p1ppppp1/B6p/1p6/8/4P3/PPPP1PPP/RNBQK1NR w KQkq - 0 3
Moves; g2g3 c8a6 c2c3 e7e6 e3e4 b8c6 h2h4 g8f6 f2f4 d8c8 e4e5 f6e4 e1e2 e4g3 e2f2 g3h1 f2e3 h1g3 e3f2 c6e5 f4e5 g3e4 f2e3 d7d5 a2a4 c7c6 a4b5 c6b5 d1e1
Warning; Bestmove does not match beginning of last PV - move c3a5 from B
Info; info depth 16 seldepth 24 multipv 1 score cp 627 nodes 155690 nps 517242 hashfull 58 tbhits 0 time 301 pv g1f3 d7d5 c3a5 g8f6 a5b6 a7b7 b6d4 f6e4 d2d3 e4c5 e1g1 c8b8
Position; fen rnbqkbnr/p1ppppp1/B6p/1p6/8/4P3/PPPP1PPP/RNBQK1NR w KQkq - 0 3
Moves; a6b5 c7c6 b5d3 a7a5 b2b3 g7g6 c1b2 e7e6 b2h8 a8a7 h2h3 c8a6 h8c3 d8c8 a2a4 h6h5 d3a6 b8a6
Warning; Bestmove does not match beginning of last PV - move b4e7 from B
Info; info depth 13 seldepth 19 multipv 1 score cp 155 nodes 62615 nps 207334 hashfull 21 tbhits 0 time 302 pv b4a5 d2d4 g8f6 c1a3 d7d6 e2e3 e8g8 f1d3 f8e8 g1e2 e6e5 e1g1 c7c6
Position; fen rnbqkbnr/pppp1pp1/4p2p/8/P7/1P6/2PPPPPP/RNBQKBNR w KQkq - 0 3
Moves; b3b4 f8b4 c2c3
Warning; Bestmove does not match beginning of last PV - move f8e7 from B
Info; info depth 15 seldepth 22 multipv 1 score cp 709 nodes 121466 nps 403541 hashfull 47 tbhits 0 time 301 pv b5b4 g1f3 f8c5 d2d4 c5e7 c3b4 e8g8 b4b5 a6b5 a1a7 f7f5 e5f6 e4f6 f3e5
Position; fen rnbqkbnr/p1ppppp1/B6p/1p6/8/4P3/PPPP1PPP/RNBQK1NR w KQkq - 0 3
Moves; g2g3 c8a6 c2c3 e7e6 e3e4 b8c6 h2h4 g8f6 f2f4 d8c8 e4e5 f6e4 e1e2 e4g3 e2f2 g3h1 f2e3 h1g3 e3f2 c6e5 f4e5 g3e4 f2e3 d7d5 a2a4 c7c6 a4b5 c6b5 d1e1 a8b8 h4h5
Warning; Bestmove does not match beginning of last PV - move a5b6 from B
Info; info depth 16 seldepth 24 multipv 1 score cp 662 nodes 155483 nps 518276 hashfull 62 tbhits 0 time 300 pv a5c3 d7d5 g1f3 b8d7 b3b4 c8b8 f3d4 g8e7 a4a5 c6c5 b4c5 d7c5 a5a6
Position; fen rnbqkbnr/p1ppppp1/B6p/1p6/8/4P3/PPPP1PPP/RNBQK1NR w KQkq - 0 3
Moves; a6b5 c7c6 b5d3 a7a5 b2b3 g7g6 c1b2 e7e6 b2h8 a8a7 h2h3 c8a6 h8c3 d8c8 a2a4 h6h5 d3a6 b8a6 c3a5 a6b8
Warning; Bestmove does not match beginning of last PV - move f1e2 from B
Info; info depth 13 seldepth 20 multipv 1 score cp 145 nodes 77923 nps 258023 hashfull 23 tbhits 0 time 302 pv c1b2 g8f6 e4e5 f6d5 d2d4 d7d6 e5d6 f8d6 b1d2 e8g8 f1e2 d6b4 e1g1 b4c3 b2c3 d5c3 d1e1 c3e2 e1e2
Position; fen rnbqkbnr/pppp1pp1/4p2p/8/P7/1P6/2PPPPPP/RNBQKBNR w KQkq - 0 3
Moves; g1f3 c7c6 e2e4 g7g6
Warning; Bestmove does not match beginning of last PV - move d3f4 from B
Info; info depth 17 seldepth 24 multipv 1 score cp 748 nodes 303472 nps 1011573 hashfull 107 tbhits 0 time 300 pv f2f4 h8e8 f4f6 d8c7 f6f7 b8d7 d1g4 c7b6 a3c2 e8g8 g4d7 a8f8 f7e7 a6b7 d3e1 b6a7 e7c5 a7b8
Position; fen rnbqkb1r/ppp1pppp/3p1n2/8/4P3/8/PPPPBPPP/RNBQK1NR w KQkq - 0 3
Moves; c2c3 h7h6 d1c2 a7a5 d2d4 c7c6 f2f4 d6d5 e4e5 b7b5 e5f6 c8a6 g1f3 e7f6 e1g1 a5a4 f1e1 a4a3 b2b4 d8e7 e2d1 e7e1 f3e1 f8b4 c1a3 b4a3 b1a3 g7g5 e1d3 g5f4 c2f2 e8d8
Warning; Bestmove does not match beginning of last PV - move b7b6 from B
Info; info depth 14 seldepth 20 multipv 1 score cp 214 nodes 47697 nps 158990 hashfull 14 tbhits 0 time 300 pv d7d5 e2e3 c7c5 d2d4 c5c4 b2a3 b8c6 f1e2 e7a3 b1a3
Position; fen rnbqkbnr/pppp1pp1/4p2p/8/P7/1P6/2PPPPPP/RNBQKBNR w KQkq - 0 3
Moves; b3b4 f8b4 c2c3 b4e7 c1b2
Warning; Bestmove does not match beginning of last PV - move d5d4 from B
Info; info depth 16 seldepth 21 multipv 1 score cp 709 nodes 207179 nps 690596 hashfull 84 tbhits 0 time 300 pv b5b4 d2d3 a6d3 e2d3 c8c4 d3e3 b4c3 b1c3 d5d4 e3f3 c4d3 f3g4 d4c3 a1a7 c3b2
Position; fen rnbqkbnr/p1ppppp1/B6p/1p6/8/4P3/PPPP1PPP/RNBQK1NR w KQkq - 0 3
Moves; g2g3 c8a6 c2c3 e7e6 e3e4 b8c6 h2h4 g8f6 f2f4 d8c8 e4e5 f6e4 e1e2 e4g3 e2f2 g3h1 f2e3 h1g3 e3f2 c6e5 f4e5 g3e4 f2e3 d7d5 a2a4 c7c6 a4b5 c6b5 d1e1 a8b8 h4h5 f8e7 e3e2
Warning; Bestmove does not match beginning of last PV - move e4e5 from B
Info; info depth 14 seldepth 22 multipv 1 score cp 259 nodes 67328 nps 223681 hashfull 30 tbhits 0 time 301 pv c1b2 h8h7 e4e5 d7d5 e5d6 f8d6 e1g1 d6e7 d2d4 b6c7 a4a5
Position; fen rnbqkbnr/pppp1pp1/4p2p/8/P7/1P6/2PPPPPP/RNBQKBNR w KQkq - 0 3
Moves; g1f3 c7c6 e2e4 g7g6 f1e2 d8b6
Warning; Bestmove does not match beginning of last PV - move f4d3 from B
Info; info depth 17 seldepth 26 multipv 1 score cp 729 nodes 284869 nps 949563 hashfull 118 tbhits 0 time 300 pv f4d5 c6d5 f2f6 d8c7 f6e5 c7c6 d1f3 f8d8 e5f6 c6c7 f6f7 c7b6 f3d5 b8c6 d5c6 b6c6 a3c2 d8e8 f7g6 c6c7 g6g3 c7c8
Position; fen rnbqkb1r/ppp1pppp/3p1n2/8/4P3/8/PPPPBPPP/RNBQK1NR w KQkq - 0 3
Moves; c2c3 h7h6 d1c2 a7a5 d2d4 c7c6 f2f4 d6d5 e4e5 b7b5 e5f6 c8a6 g1f3 e7f6 e1g1 a5a4 f1e1 a4a3 b2b4 d8e7 e2d1 e7e1 f3e1 f8b4 c1a3 b4a3 b1a3 g7g5 e1d3 g5f4 c2f2 e8d8 d3f4 h8f8
Warning; Bestmove does not match beginning of last PV - move d7d5 from B
Info; info depth 15 seldepth 25 multipv 1 score cp 243 nodes 49531 nps 164554 hashfull 15 tbhits 0 time 301 pv g8f6 e2e3 c7c5 f1e2 b8c6 g1f3 e8g8 e1g1 c6a5 c1c2 c8b7 d2d3 d7d5 b1d2 a8c8 f1e1 c8c7 c3c4
Position; fen rnbqkbnr/pppp1pp1/4p2p/8/P7/1P6/2PPPPPP/RNBQKBNR w KQkq - 0 3
Moves; b3b4 f8b4 c2c3 b4e7 c1b2 b7b6 d1c1
Warning; Bestmove does not match beginning of last PV - move a7b8 from B
Info; info depth 17 seldepth 19 multipv 1 score cp 909 nodes 211273 nps 704243 hashfull 78 tbhits 0 time 300 pv a7c5 e7e8 c5f8 e8f8 g1e2 g8e7 d2d4 e7d5 b1d2 f8g7 c2c3
Position; fen rnbqkbnr/p1ppppp1/B6p/1p6/8/4P3/PPPP1PPP/RNBQK1NR w KQkq - 0 3
Moves; a6b5 c7c6 b5d3 a7a5 b2b3 g7g6 c1b2 e7e6 b2h8 a8a7 h2h3 c8a6 h8c3 d8c8 a2a4 h6h5 d3a6 b8a6 c3a5 a6b8 a5b6 e8e7 b6a7 f7f6
Warning; Bestmove does not match beginning of last PV - move b1a3 from B
Info; info depth 14 seldepth 21 multipv 1 score cp 286 nodes 71636 nps 237993 hashfull 27 tbhits 0 time 301 pv d2d4 b6c7 f3h4 e8f7 g2g4 f8b4 c2c3
Position; fen rnbqkbnr/pppp1pp1/4p2p/8/P7/1P6/2PPPPPP/RNBQKBNR w KQkq - 0 3
Moves; g1f3 c7c6 e2e4 g7g6 f1e2 d8b6 e4e5 f7f5
Warning; Bestmove does not match beginning of last PV - move a3c2 from B
Info; info depth 18 seldepth 28 multipv 1 score cp 787 nodes 292405 nps 974683 hashfull 111 tbhits 0 time 300 pv f2f6 d8c7 f6e7 b8d7 d3e5 a6c8 a3b5 c6b5 e5d7 c8d7 e7c5 d7c6 c5a7 c7c8 d1g4 f7f5
Position; fen rnbqkb1r/ppp1pppp/3p1n2/8/4P3/8/PPPPBPPP/RNBQK1NR w KQkq - 0 3
Moves; c2c3 h7h6 d1c2 a7a5 d2d4 c7c6 f2f4 d6d5 e4e5 b7b5 e5f6 c8a6 g1f3 e7f6 e1g1 a5a4 f1e1 a4a3 b2b4 d8e7 e2d1 e7e1 f3e1 f8b4 c1a3 b4a3 b1a3 g7g5 e1d3 g5f4 c2f2 e8d8 d3f4 h8f8 f4d3 a8a7
Warning; Bestmove does not match beginning of last PV - move c8b7 from B
Info; info depth 14 seldepth 22 multipv 1 score cp 229 nodes 51236 nps 167986 hashfull 12 tbhits 0 time 305 pv g8f6 g1f3 e8g8 c3c4 c7c5 f1e2 b8c6
Position; fen rnbqkbnr/pppp1pp1/4p2p/8/P7/1P6/2PPPPPP/RNBQKBNR w KQkq - 0 3
Moves; b3b4 f8b4 c2c3 b4e7 c1b2 b7b6 d1c1 d7d5 e2e3
Warning; Bestmove does not match beginning of last PV - move d4c3 from B
Info; info depth 17 seldepth 24 multipv 1 score cp 789 nodes 283968 nps 946560 hashfull 110 tbhits 0 time 300 pv a6a2 g1f3 a2b1 f3d4 e8g8 d2d3 e7g5 c1g5 b1e1 e2e1 e4g5 d4c6
Position; fen rnbqkbnr/p1ppppp1/B6p/1p6/8/4P3/PPPP1PPP/RNBQK1NR w KQkq - 0 3
Moves; g2g3 c8a6 c2c3 e7e6 e3e4 b8c6 h2h4 g8f6 f2f4 d8c8 e4e5 f6e4 e1e2 e4g3 e2f2 g3h1 f2e3 h1g3 e3f2 c6e5 f4e5 g3e4 f2e3 d7d5 a2a4 c7c6 a4b5 c6b5 d1e1 a8b8 h4h5 f8e7 e3e2 d5d4 a1a6 c8a6 b2b4
Warning; Bestmove does not match beginning of last PV - move e2d3 from B
Info; info depth 15 seldepth 23 multipv 1 score cp 442 nodes 61718 nps 204364 hashfull 21 tbhits 0 time 302 pv a3c4 b6c7 e2d3 e8d8 e1g1 g8e7 c4d6 h8g8 c1a3 e7f5
Position; fen rnbqkbnr/pppp1pp1/4p2p/8/P7/1P6/2PPPPPP/RNBQKBNR w KQkq - 0 3
Moves; g1f3 c7c6 e2e4 g7g6 f1e2 d8b6 e4e5 f7f5 b1a3 f5f4
Warning; Bestmove does not match beginning of last PV - move d3c5 from B
Info; info depth 18 seldepth 28 multipv 1 score cp 825 nodes 285361 nps 951203 hashfull 105 tbhits 0 time 300 pv f2f6 d8c7 f6e7 b8d7 d3e5 f8g8 e7d7 c7b8 e5c6 b8a8 d7d5 b7c7 d1f3 a6b7 d5d6 c7c6 f3c6 g8g6
Position; fen rnbqkb1r/ppp1pppp/3p1n2/8/4P3/8/PPPPBPPP/RNBQK1NR w KQkq - 0 3
Moves; c2c3 h7h6 d1c2 a7a5 d2d4 c7c6 f2f4 d6d5 e4e5 b7b5 e5f6 c8a6 g1f3 e7f6 e1g1 a5a4 f1e1 a4a3 b2b4 d8e7 e2d1 e7e1 f3e1 f8b4 c1a3 b4a3 b1a3 g7g5 e1d3 g5f4 c2f2 e8d8 d3f4 h8f8 f4d3 a8a7 a3c2 a7b7
Warning; Bestmove does not match beginning of last PV - move b8d7 from B
Info; info depth 14 seldepth 24 multipv 1 score cp 283 nodes 47114 nps 156524 hashfull 13 tbhits 0 time 301 pv d5d4 f2f3 d4e3 d2e3 d8d7 b1d2 b8c6 f1e2 e8c8 d2b3 c6e5 c1c2
Position; fen rnbqkbnr/pppp1pp1/4p2p/8/P7/1P6/2PPPPPP/RNBQKBNR w KQkq - 0 3
Moves; b3b4 f8b4 c2c3 b4e7 c1b2 b7b6 d1c1 d7d5 e2e3 c8b7 g2g3
Warning; Bestmove does not match beginning of last PV - move a6a2 from B
Info; info depth 18 seldepth 23 multipv 1 score cp 822 nodes 205018 nps 681122 hashfull 74 tbhits 0 time 301 pv b8d8 e2f3 f7f5 e1e2 a6b7 f3g2 e8g8 g1f3 f8f7 b1d2 e4d2 c1d2
Position; fen rnbqkbnr/p1ppppp1/B6p/1p6/8/4P3/PPPP1PPP/RNBQK1NR w KQkq - 0 3
Moves; g2g3 c8a6 c2c3 e7e6 e3e4 b8c6 h2h4 g8f6 f2f4 d8c8 e4e5 f6e4 e1e2 e4g3 e2f2 g3h1 f2e3 h1g3 e3f2 c6e5 f4e5 g3e4 f2e3 d7d5 a2a4 c7c6 a4b5 c6b5 d1e1 a8b8 h4h5 f8e7 e3e2 d5d4 a1a6 c8a6 b2b4 d4c3 d2c3
Warning; Bestmove does not match beginning of last PV - move g1f3 from B
Info; info depth 17 seldepth 25 multipv 1 score cp 972 nodes 287889 nps 959630 hashfull 109 tbhits 0 time 300 pv a4a5 f6f5 h2e5 e8d8 b1c3 e7e8 a5a6 g8f6 e5f6 d8f6 d1f3 f8c5 a1b1
Position; fen rnbqkbnr/p1ppppp1/B6p/1p6/8/4P3/PPPP1PPP/RNBQK1NR w KQkq - 0 3
Moves; a6b5 c7c6 b5d3 a7a5 b2b3 g7g6 c1b2 e7e6 b2h8 a8a7 h2h3 c8a6 h8c3 d8c8 a2a4 h6h5 d3a6 b8a6 c3a5 a6b8 a5b6 e8e7 b6a7 f7f6 a7b8 h5h4 b8h2 c8e8
Warning; Bestmove does not match beginning of last PV - move d1g4 from B
Info; info depth 17 seldepth 27 multipv 1 score cp 906 nodes 296610 nps 988700 hashfull 114 tbhits 0 time 300 pv f2e1 e7d8 e1g3 b8d7 c2b4 f8h8 b4a6 d7c5 a6c5 b7c7 g3d6 d8c8 d1g4 c8b8 c5a6 b8a8 d6c7 h8g8
Position; fen rnbqkb1r/ppp1pppp/3p1n2/8/4P3/8/PPPPBPPP/RNBQK1NR w KQkq - 0 3
Moves; c2c3 h7h6 d1c2 a7a5 d2d4 c7c6 f2f4 d6d5 e4e5 b7b5 e5f6 c8a6 g1f3 e7f6 e1g1 a5a4 f1e1 a4a3 b2b4 d8e7 e2d1 e7e1 f3e1 f8b4 c1a3 b4a3 b1a3 g7g5 e1d3 g5f4 c2f2 e8d8 d3f4 h8f8 f4d3 a8a7 a3c2 a7b7 d3c5 d8e7
Warning; Bestmove does not match beginning of last PV - move g8f6 from B
Info; info depth 14 seldepth 20 multipv 1 score cp 413 nodes 58697 nps 195006 hashfull 16 tbhits 0 time 301 pv d5d4 f2f3 d4e3 d2e3 d7c5 d1c2 g8f6 b1d2 e8g8 e3e4 f6d7 g1h3 f7f5 e4f5 f8f5 h3f2
Position; fen rnbqkbnr/pppp1pp1/4p2p/8/P7/1P6/2PPPPPP/RNBQKBNR w KQkq - 0 3
Moves; b3b4 f8b4 c2c3 b4e7 c1b2 b7b6 d1c1 d7d5 e2e3 c8b7 g2g3 b8d7 e1d1
Warning; Bestmove does not match beginning of last PV - move b8d8 from B
Info; info depth 18 seldepth 28 multipv 1 score cp 955 nodes 271936 nps 906453 hashfull 99 tbhits 0 time 300 pv a2b2 e2e3 e8g8 g1f3 e7g5 f3g5 e4g5 e1h4 b2c2 b1d2 c2c3 e3e2 c3e5 e2d1
Position; fen rnbqkbnr/p1ppppp1/B6p/1p6/8/4P3/PPPP1PPP/RNBQK1NR w KQkq - 0 3
Moves; g2g3 c8a6 c2c3 e7e6 e3e4 b8c6 h2h4 g8f6 f2f4 d8c8 e4e5 f6e4 e1e2 e4g3 e2f2 g3h1 f2e3 h1g3 e3f2 c6e5 f4e5 g3e4 f2e3 d7d5 a2a4 c7c6 a4b5 c6b5 d1e1 a8b8 h4h5 f8e7 e3e2 d5d4 a1a6 c8a6 b2b4 d4c3 d2c3 a6a2 c1b2
Warning; Bestmove does not match beginning of last PV - move a1a3 from B
Info; info depth 14 seldepth 27 multipv 1 score cp 514 nodes 71394 nps 237189 hashfull 24 tbhits 0 time 301 pv c1a3 c6c5 e1g1 g8e7 g6e4 b8c6 d2d4 c5d4 d1d2 h8f8 a4a5 b6b5 a3d6 b7b6 f3d4 c6d4 d2d4 f8g8 e4a8 e7f5 d4f4
Position; fen rnbqkbnr/pppp1pp1/4p2p/8/P7/1P6/2PPPPPP/RNBQKBNR w KQkq - 0 3
Moves; g1f3 c7c6 e2e4 g7g6 f1e2 d8b6 e4e5 f7f5 b1a3 f5f4 e2d3 f8a3 d3g6 e8d8
Warning; Bestmove does not match beginning of last PV - move g4h3 from B
Info; info depth 18 seldepth 25 multipv 1 score cp 975 nodes 226357 nps 754523 hashfull 77 tbhits 0 time 300 pv a1e1 e7d8 f2f6 d8c7 f6e7 c7b6 e7f8 h5g4 c5b7 b8d7 f8f7 g4g3 h2g3 a6b7 f7d7 b7c8 d7d8 b6b7 e1e7 c8d7 e7d7 b7a6
Position; fen rnbqkb1r/ppp1pppp/3p1n2/8/4P3/8/PPPPBPPP/RNBQK1NR w KQkq - 0 3
Moves; c2c3 h7h6 d1c2 a7a5 d2d4 c7c6 f2f4 d6d5 e4e5 b7b5 e5f6 c8a6 g1f3 e7f6 e1g1 a5a4 f1e1 a4a3 b2b4 d8e7 e2d1 e7e1 f3e1 f8b4 c1a3 b4a3 b1a3 g7g5 e1d3 g5f4 c2f2 e8d8 d3f4 h8f8 f4d3 a8a7 a3c2 a7b7 d3c5 d8e7 d1g4 h6h5
Warning; Bestmove does not match beginning of last PV - move a2c4 from B
Info; info depth 18 seldepth 30 multipv 1 score cp 1024 nodes 290294 nps 964431 hashfull 110 tbhits 0 time 301 pv a2b2 e2f3 b2h2 h3f2 h2h5 f3g2 h5g6 g2h1 e4g3 h1h2 g3f5 b1d2 e8f8 d2f3
Position; fen rnbqkbnr/p1ppppp1/B6p/1p6/8/4P3/PPPP1PPP/RNBQK1NR w KQkq - 0 3
Moves; g2g3 c8a6 c2c3 e7e6 e3e4 b8c6 h2h4 g8f6 f2f4 d8c8 e4e5 f6e4 e1e2 e4g3 e2f2 g3h1 f2e3 h1g3 e3f2 c6e5 f4e5 g3e4 f2e3 d7d5 a2a4 c7c6 a4b5 c6b5 d1e1 a8b8 h4h5 f8e7 e3e2 d5d4 a1a6 c8a6 b2b4 d4c3 d2c3 a6a2 c1b2 b8d8 g1h3
Warning; Bestmove does not match beginning of last PV - move a5a6 from B
Info; info depth 17 seldepth 26 multipv 1 score cp 987 nodes 264141 nps 880470 hashfull 101 tbhits 0 time 300 pv f3h4 f6f5 a5a6 e8f7 a6a7 f7f6 b1c3 e7e8 e1g1 f6h4 h2g3 h4h7 g1h2 g8f6 a7a8q e8f7 a8a4 f6d5 c3d5
Position; fen rnbqkbnr/p1ppppp1/B6p/1p6/8/4P3/PPPP1PPP/RNBQK1NR w KQkq - 0 3
Moves; a6b5 c7c6 b5d3 a7a5 b2b3 g7g6 c1b2 e7e6 b2h8 a8a7 h2h3 c8a6 h8c3 d8c8 a2a4 h6h5 d3a6 b8a6 c3a5 a6b8 a5b6 e8e7 b6a7 f7f6 a7b8 h5h4 b8h2 c8e8 g1f3 e6e5 a4a5 e5e4
Warning; Bestmove does not match beginning of last PV - move d5c4 from B
Info; info depth 16 seldepth 23 multipv 1 score cp 536 nodes 78377 nps 261256 hashfull 24 tbhits 0 time 300 pv e8g8 d1e1 c5b3 c1d1 b3a1 f2f3 d5c4 f1c4 a1b3 d1b3
Position; fen rnbqkbnr/pppp1pp1/4p2p/8/P7/1P6/2PPPPPP/RNBQKBNR w KQkq - 0 3
Moves; b3b4 f8b4 c2c3 b4e7 c1b2 b7b6 d1c1 d7d5 e2e3 c8b7 g2g3 b8d7 e1d1 g8f6 c3c4 d7c5 h2h3
Warning; Bestmove does not match beginning of last PV - move f3d4 from B
Info; info depth 17 seldepth 25 multipv 1 score cp 986 nodes 220048 nps 733493 hashfull 84 tbhits 0 time 300 pv f3h4 e8f7 a6a7 f6f5 h2g3 f5f4 g3f4 f7f6 b1c3 f6h4 f4g3
Position; fen rnbqkbnr/p1ppppp1/B6p/1p6/8/4P3/PPPP1PPP/RNBQK1NR w KQkq - 0 3
Moves; a6b5 c7c6 b5d3 a7a5 b2b3 g7g6 c1b2 e7e6 b2h8 a8a7 h2h3 c8a6 h8c3 d8c8 a2a4 h6h5 d3a6 b8a6 c3a5 a6b8 a5b6 e8e7 b6a7 f7f6 a7b8 h5h4 b8h2 c8e8 g1f3 e6e5 a4a5 e5e4 a5a6 d7d5
Warning; Bestmove does not match beginning of last PV - move g6d3 from B
Info; info depth 16 seldepth 18 multipv 1 score cp 514 nodes 57148 nps 189860 hashfull 17 tbhits 0 time 301 pv a3a4 b4f8 c1a3 c6c5 e1g1 b8c6 d2d4 g8e7 g6e4 c5d4 f3d4 c6e5 a3d6
Position; fen rnbqkbnr/pppp1pp1/4p2p/8/P7/1P6/2PPPPPP/RNBQKBNR w KQkq - 0 3
Moves; g1f3 c7c6 e2e4 g7g6 f1e2 d8b6 e4e5 f7f5 b1a3 f5f4 e2d3 f8a3 d3g6 e8d8 a1a3 a7a6 a4a5 b6b4
Warning; Bestmove does not match beginning of last PV - move f2f6 from B
Info; info depth 21 seldepth 16 multipv 1 score mate 7 nodes 324342 nps 1081140 hashfull 129 tbhits 0 time 300 pv f2g3 b8d7 h3d7 a7d7 c5a6 d7b7 g3d6 d8c8 d6f8 c8d7 f8f7 d7c8 e1e8
Position; fen rnbqkb1r/ppp1pppp/3p1n2/8/4P3/8/PPPPBPPP/RNBQK1NR w KQkq - 0 3
Moves; c2c3 h7h6 d1c2 a7a5 d2d4 c7c6 f2f4 d6d5 e4e5 b7b5 e5f6 c8a6 g1f3 e7f6 e1g1 a5a4 f1e1 a4a3 b2b4 d8e7 e2d1 e7e1 f3e1 f8b4 c1a3 b4a3 b1a3 g7g5 e1d3 g5f4 c2f2 e8d8 d3f4 h8f8 f4d3 a8a7 a3c2 a7b7 d3c5 d8e7 d1g4 h6h5 g4h3 b7a7 a1e1 e7d8
Warning; Bestmove does not match beginning of last PV - move f6e4 from B
Info; info depth 16 seldepth 25 multipv 1 score cp 634 nodes 102691 nps 342303 hashfull 39 tbhits 0 time 300 pv b7h1 f2f3 e8g8 c1c4 c5b7 c4c3 f6e4 f3e4 h1e4 a3e7 d8e7 d2d3 e4g6
Position; fen rnbqkbnr/pppp1pp1/4p2p/8/P7/1P6/2PPPPPP/RNBQKBNR w KQkq - 0 3
Moves; b3b4 f8b4 c2c3 b4e7 c1b2 b7b6 d1c1 d7d5 e2e3 c8b7 g2g3 b8d7 e1d1 g8f6 c3c4 d7c5 h2h3 d5c4 b2a3
Warning; Bestmove does not match beginning of last PV - move a6a7 from B
Info; info depth 18 seldepth 21 multipv 1 score cp 958 nodes 324155 nps 1080516 hashfull 121 tbhits 0 time 300 pv b1c3 e7f7 h2f4 c6c5 d4e2 d5d4 f4h6 f8h6 c3d5 d4d3 a6a7 e8a8
Position; fen rnbqkbnr/p1ppppp1/B6p/1p6/8/4P3/PPPP1PPP/RNBQK1NR w KQkq - 0 3
Moves; a6b5 c7c6 b5d3 a7a5 b2b3 g7g6 c1b2 e7e6 b2h8 a8a7 h2h3 c8a6 h8c3 d8c8 a2a4 h6h5 d3a6 b8a6 c3a5 a6b8 a5b6 e8e7 b6a7 f7f6 a7b8 h5h4 b8h2 c8e8 g1f3 e6e5 a4a5 e5e4 a5a6 d7d5 f3d4 g8h6
Warning; Bestmove does not match beginning of last PV - move a3a1 from B
Info; info depth 16 seldepth 20 multipv 1 score cp 596 nodes 63636 nps 209328 hashfull 22 tbhits 0 time 304 pv a3a4 b4f8 g2g3 f4g3 f2g3 c6c5 a4f4 f8g7 c1a3 g8e7 a3c5 a7a8 e1g1
Position; fen rnbqkbnr/pppp1pp1/4p2p/8/P7/1P6/2PPPPPP/RNBQKBNR w KQkq - 0 3
Moves; g1f3 c7c6 e2e4 g7g6 f1e2 d8b6 e4e5 f7f5 b1a3 f5f4 e2d3 f8a3 d3g6 e8d8 a1a3 a7a6 a4a5 b6b4 g6d3 a8a7
Warning; Bestmove does not match beginning of last PV - move b1c3 from B
Info; info depth 18 seldepth 26 multipv 1 score cp 1085 nodes 320577 nps 1068590 hashfull 134 tbhits 0 time 300 pv a7a8r e8a8 a1a8 e7f7 h2f4 h6f5 a8a7 f7f8 d4f5 g6f5 d1h5 f8g8 b1c3 g7f8 h5f5 f8c5 a7a8 g8f7
Position; fen rnbqkbnr/p1ppppp1/B6p/1p6/8/4P3/PPPP1PPP/RNBQK1NR w KQkq - 0 3
Moves; a6b5 c7c6 b5d3 a7a5 b2b3 g7g6 c1b2 e7e6 b2h8 a8a7 h2h3 c8a6 h8c3 d8c8 a2a4 h6h5 d3a6 b8a6 c3a5 a6b8 a5b6 e8e7 b6a7 f7f6 a7b8 h5h4 b8h2 c8e8 g1f3 e6e5 a4a5 e5e4 a5a6 d7d5 f3d4 g8h6 a6a7 f8g7
Warning; Bestmove does not match beginning of last PV - move h3d7 from B
Info; info depth 20 seldepth 20 multipv 1 score mate 10 nodes 239544 nps 798480 hashfull 90 tbhits 0 time 300 pv c2b4 a6c8 c5d7 f8e8 e7e8 f7f6 d7c5 c8e6 c5e6 c7b7 e8c6 b7b8 c6b6 a7b7 b6d8 b8a7 b4c6 a7a6 d8a5
Position; fen rnbqkb1r/ppp1pppp/3p1n2/8/4P3/8/PPPPBPPP/RNBQK1NR w KQkq - 0 3
Moves; c2c3 h7h6 d1c2 a7a5 d2d4 c7c6 f2f4 d6d5 e4e5 b7b5 e5f6 c8a6 g1f3 e7f6 e1g1 a5a4 f1e1 a4a3 b2b4 d8e7 e2d1 e7e1 f3e1 f8b4 c1a3 b4a3 b1a3 g7g5 e1d3 g5f4 c2f2 e8d8 d3f4 h8f8 f4d3 a8a7 a3c2 a7b7 d3c5 d8e7 d1g4 h6h5 g4h3 b7a7 a1e1 e7d8 f2f6 d8c7 f6e7 b8d7
Finished game 13 (A vs B): 0-1 {Black mates}
Warning; Bestmove does not match beginning of last PV - move d1g4 from B
Info; info depth 18 seldepth 30 multipv 1 score cp 1196 nodes 345508 nps 1151693 hashfull 132 tbhits 0 time 300 pv a7a8q f7d8 a1a7 e7f8 d4c6 f6f5 h2d6 f8g8 c6d8 g8h7
Position; fen rnbqkbnr/p1ppppp1/B6p/1p6/8/4P3/PPPP1PPP/RNBQK1NR w KQkq - 0 3
Moves; a6b5 c7c6 b5d3 a7a5 b2b3 g7g6 c1b2 e7e6 b2h8 a8a7 h2h3 c8a6 h8c3 d8c8 a2a4 h6h5 d3a6 b8a6 c3a5 a6b8 a5b6 e8e7 b6a7 f7f6 a7b8 h5h4 b8h2 c8e8 g1f3 e6e5 a4a5 e5e4 a5a6 d7d5 f3d4 g8h6 a6a7 f8g7 b1c3 h6f7
Warning; Bestmove does not match beginning of last PV - move g4f4 from B
Info; info depth 18 seldepth 36 multipv 1 score cp 1185 nodes 298013 nps 993376 hashfull 114 tbhits 0 time 300 pv g4g6 g7f6 d4f5 e7e6 f5g7 e6e7 g7e8 f6c3 d2c3 e7e8 g6h5 e8f8 a7a8q f7d8
Position; fen rnbqkbnr/p1ppppp1/B6p/1p6/8/4P3/PPPP1PPP/RNBQK1NR w KQkq - 0 3
Moves; a6b5 c7c6 b5d3 a7a5 b2b3 g7g6 c1b2 e7e6 b2h8 a8a7 h2h3 c8a6 h8c3 d8c8 a2a4 h6h5 d3a6 b8a6 c3a5 a6b8 a5b6 e8e7 b6a7 f7f6 a7b8 h5h4 b8h2 c8e8 g1f3 e6e5 a4a5 e5e4 a5a6 d7d5 f3d4 g8h6 a6a7 f8g7 b1c3 h6f7 d1g4 f6f5
Warning; Bestmove does not match beginning of last PV - move e7a7 from B
Info; info depth 37 seldepth 8 multipv 1 score mate 4 nodes 200704 nps 669013 hashfull 32 tbhits 0 time 300 pv c2b4 c6b6 c5a4 b5a4 e7c5 b6b7 c5c6
Position; fen rnbqkb1r/ppp1pppp/3p1n2/8/4P3/8/PPPPBPPP/RNBQK1NR w KQkq - 0 3
Moves; c2c3 h7h6 d1c2 a7a5 d2d4 c7c6 f2f4 d6d5 e4e5 b7b5 e5f6 c8a6 g1f3 e7f6 e1g1 a5a4 f1e1 a4a3 b2b4 d8e7 e2d1 e7e1 f3e1 f8b4 c1a3 b4a3 b1a3 g7g5 e1d3 g5f4 c2f2 e8d8 d3f4 h8f8 f4d3 a8a7 a3c2 a7b7 d3c5 d8e7 d1g4 h6h5 g4h3 b7a7 a1e1 e7d8 f2f6 d8c7 f6e7 b8d7 h3d7 f8b8 d7c6 c7c6
Warning; Bestmove does not match beginning of last PV - move c5d4 from B
Info; info depth 17 seldepth 29 multipv 1 score cp 877 nodes 262125 nps 873750 hashfull 108 tbhits 0 time 300 pv g3f5 h1h2 c5d4 h2g2 f5e3 d1e2 e3g2 g1f3 e8g8 a1a3 g8h8 e2f1 g2h4 c1c4 h4f5 f3d4 f5d4
Position; fen rnbqkbnr/pppp1pp1/4p2p/8/P7/1P6/2PPPPPP/RNBQKBNR w KQkq - 0 3
Moves; b3b4 f8b4 c2c3 b4e7 c1b2 b7b6 d1c1 d7d5 e2e3 c8b7 g2g3 b8d7 e1d1 g8f6 c3c4 d7c5 h2h3 d5c4 b2a3 f6e4 a3c5 e7c5 f2f4 e4g3 f1g2 b7g2 d2d4
Warning; Bestmove does not match beginning of last PV - move e3d4 from B
Info; info depth 18 seldepth 21 multipv 1 score cp 1160 nodes 342764 nps 1142546 hashfull 132 tbhits 0 time 300 pv f4c7 e8d7 c7d7 e7d7 e3d4 f7d6 h2d6 d7d6 a7a8q f5f4 a8d8 d6e6
Position; fen rnbqkbnr/p1ppppp1/B6p/1p6/8/4P3/PPPP1PPP/RNBQK1NR w KQkq - 0 3
Moves; a6b5 c7c6 b5d3 a7a5 b2b3 g7g6 c1b2 e7e6 b2h8 a8a7 h2h3 c8a6 h8c3 d8c8 a2a4 h6h5 d3a6 b8a6 c3a5 a6b8 a5b6 e8e7 b6a7 f7f6 a7b8 h5h4 b8h2 c8e8 g1f3 e6e5 a4a5 e5e4 a5a6 d7d5 f3d4 g8h6 a6a7 f8g7 b1c3 h6f7 d1g4 f6f5 g4f4 g7d4
Warning; Bestmove does not match beginning of last PV - move e1g1 from B
Info; info depth 18 seldepth 25 multipv 1 score cp 725 nodes 251162 nps 837206 hashfull 89 tbhits 0 time 300 pv f3h4 g8e7 d1h5 f7f8 h4g6 e7g6 d3g6 d7d5 e5d6 a7g7 h5g4 f8g8 a5a1 c6c5 f2f3 b8c6
Position; fen rnbqkbnr/pppp1pp1/4p2p/8/P7/1P6/2PPPPPP/RNBQKBNR w KQkq - 0 3
Moves; g1f3 c7c6 e2e4 g7g6 f1e2 d8b6 e4e5 f7f5 b1a3 f5f4 e2d3 f8a3 d3g6 e8d8 a1a3 a7a6 a4a5 b6b4 g6d3 a8a7 a3a1 b7b5 c1a3 b4a5 a3e7 d8e7 a1a5 e7f7
Warning; Bestmove does not match beginning of last PV - move c5b7 from B
Info; info depth 75 seldepth 6 multipv 1 score mate 3 nodes 822783 nps 2742610 hashfull 10 tbhits 0 time 300 pv a7a6 b7b6 a6c8 c6d6 c8d7
Position; fen rnbqkb1r/ppp1pppp/3p1n2/8/4P3/8/PPPPBPPP/RNBQK1NR w KQkq - 0 3
Moves; c2c3 h7h6 d1c2 a7a5 d2d4 c7c6 f2f4 d6d5 e4e5 b7b5 e5f6 c8a6 g1f3 e7f6 e1g1 a5a4 f1e1 a4a3 b2b4 d8e7 e2d1 e7e1 f3e1 f8b4 c1a3 b4a3 b1a3 g7g5 e1d3 g5f4 c2f2 e8d8 d3f4 h8f8 f4d3 a8a7 a3c2 a7b7 d3c5 d8e7 d1g4 h6h5 g4h3 b7a7 a1e1 e7d8 f2f6 d8c7 f6e7 b8d7 h3d7 f8b8 d7c6 c7c6 e7a7 b8b7
Warning; Bestmove does not match beginning of last PV - move g2e4 from B
Info; info depth 18 seldepth 26 multipv 1 score cp 1091 nodes 331701 nps 1105670 hashfull 129 tbhits 0 time 300 pv d4a1 c1d2 g2h1 c2c1 d8d3 d2d3 c4d3 b1d2 a1f6 g1f3 h1f3 d2f3 a8d8 f3d4 f6d4 e3d4
Position; fen rnbqkbnr/pppp1pp1/4p2p/8/P7/1P6/2PPPPPP/RNBQKBNR w KQkq - 0 3
Moves; b3b4 f8b4 c2c3 b4e7 c1b2 b7b6 d1c1 d7d5 e2e3 c8b7 g2g3 b8d7 e1d1 g8f6 c3c4 d7c5 h2h3 d5c4 b2a3 f6e4 a3c5 e7c5 f2f4 e4g3 f1g2 b7g2 d2d4 c5d4 d1c2
Warning; Bestmove does not match beginning of last PV - move a7a6 from B
Info; info depth 245 seldepth 6 multipv 1 score mate 3 nodes 495305 nps 4672688 hashfull 2 tbhits 0 time 106 pv b7d8 c6b5 a7c5 b5a4 c5b4
Position; fen rnbqkb1r/ppp1pppp/3p1n2/8/4P3/8/PPPPBPPP/RNBQK1NR w KQkq - 0 3
Moves; c2c3 h7h6 d1c2 a7a5 d2d4 c7c6 f2f4 d6d5 e4e5 b7b5 e5f6 c8a6 g1f3 e7f6 e1g1 a5a4 f1e1 a4a3 b2b4 d8e7 e2d1 e7e1 f3e1 f8b4 c1a3 b4a3 b1a3 g7g5 e1d3 g5f4 c2f2 e8d8 d3f4 h8f8 f4d3 a8a7 a3c2 a7b7 d3c5 d8e7 d1g4 h6h5 g4h3 b7a7 a1e1 e7d8 f2f6 d8c7 f6e7 b8d7 h3d7 f8b8 d7c6 c7c6 e7a7 b8b7 c5b7 b5b4
Warning; Bestmove does not match beginning of last PV - move f2f3 from B
Info; info depth 18 seldepth 30 multipv 1 score mate 13 nodes 398457 nps 1328190 hashfull 140 tbhits 0 time 300 pv a7a8q e8d7 f4c7 d7c7 h2c7 e4e3 d2e3 f7d8 a8d8 g6g5 a1a7 e6f7 d8g5 c6c5 g5h5 f7e7 c7d6 e7e6 h5e8 e6f6 d6e5 f6g5 e5f4 g5f6 c3d5
Position; fen rnbqkbnr/p1ppppp1/B6p/1p6/8/4P3/PPPP1PPP/RNBQK1NR w KQkq - 0 3
Moves; a6b5 c7c6 b5d3 a7a5 b2b3 g7g6 c1b2 e7e6 b2h8 a8a7 h2h3 c8a6 h8c3 d8c8 a2a4 h6h5 d3a6 b8a6 c3a5 a6b8 a5b6 e8e7 b6a7 f7f6 a7b8 h5h4 b8h2 c8e8 g1f3 e6e5 a4a5 e5e4 a5a6 d7d5 f3d4 g8h6 a6a7 f8g7 b1c3 h6f7 d1g4 f6f5 g4f4 g7d4 e3d4 e7e6
Warning; Bestmove does not match beginning of last PV - move g1h1 from B
Info; info depth 17 seldepth 26 multipv 1 score cp 713 nodes 260043 nps 863930 hashfull 91 tbhits 0 time 301 pv d3e4 c8b7 f3h4 f7e8 g1h1 g8e7 h4g6 e7g6 e4g6 e8d8 g6e4 d8c7 f1e1 h6h5
Position; fen rnbqkbnr/pppp1pp1/4p2p/8/P7/1P6/2PPPPPP/RNBQKBNR w KQkq - 0 3
Moves; g1f3 c7c6 e2e4 g7g6 f1e2 d8b6 e4e5 f7f5 b1a3 f5f4 e2d3 f8a3 d3g6 e8d8 a1a3 a7a6 a4a5 b6b4 g6d3 a8a7 a3a1 b7b5 c1a3 b4a5 a3e7 d8e7 a1a5 e7f7 e1g1 a7a8
Warning; Bestmove does not match beginning of last PV - move d4e3 from B
Info; info depth 18 seldepth 24 multipv 1 score cp 1084 nodes 345962 nps 1153206 hashfull 137 tbhits 0 time 300 pv d4c3 b1d2 d8d3 h1h2 e8c8 h2e2 c3a1 e2f2 d3e3 g1e2 g3e2 f2e2 d8d2 c1d2 e3b3 d1e1
Position; fen rnbqkbnr/pppp1pp1/4p2p/8/P7/1P6/2PPPPPP/RNBQKBNR w KQkq - 0 3
Moves; b3b4 f8b4 c2c3 b4e7 c1b2 b7b6 d1c1 d7d5 e2e3 c8b7 g2g3 b8d7 e1d1 g8f6 c3c4 d7c5 h2h3 d5c4 b2a3 f6e4 a3c5 e7c5 f2f4 e4g3 f1g2 b7g2 d2d4 c5d4 d1c2 g2e4 c2d1
Warning; Bestmove does not match beginning of last PV - move a6a7 from B
Info; info depth 245 seldepth 6 multipv 1 score mate 3 nodes 788905 nps 4668076 hashfull 5 tbhits 0 time 169 pv b7c5 d7d8 a6d6 d8c8 e1e8
Position; fen rnbqkb1r/ppp1pppp/3p1n2/8/4P3/8/PPPPBPPP/RNBQK1NR w KQkq - 0 3
Moves; c2c3 h7h6 d1c2 a7a5 d2d4 c7c6 f2f4 d6d5 e4e5 b7b5 e5f6 c8a6 g1f3 e7f6 e1g1 a5a4 f1e1 a4a3 b2b4 d8e7 e2d1 e7e1 f3e1 f8b4 c1a3 b4a3 b1a3 g7g5 e1d3 g5f4 c2f2 e8d8 d3f4 h8f8 f4d3 a8a7 a3c2 a7b7 d3c5 d8e7 d1g4 h6h5 g4h3 b7a7 a1e1 e7d8 f2f6 d8c7 f6e7 b8d7 h3d7 f8b8 d7c6 c7c6 e7a7 b8b7 c5b7 b5b4 a7a6 c6d7
Warning; Bestmove does not match beginning of last PV - move f3e4 from B
Info; info depth 18 seldepth 24 multipv 1 score cp 1258 nodes 340245 nps 1134150 hashfull 152 tbhits 0 time 300 pv f4b8 e6f6 b8a8 f6g7 a8b7 f5f4 h2f4 e4f3 g2f3 c6c5 f4e5 g7h7 b7f7 h7h6
Position; fen rnbqkbnr/p1ppppp1/B6p/1p6/8/4P3/PPPP1PPP/RNBQK1NR w KQkq - 0 3
Moves; a6b5 c7c6 b5d3 a7a5 b2b3 g7g6 c1b2 e7e6 b2h8 a8a7 h2h3 c8a6 h8c3 d8c8 a2a4 h6h5 d3a6 b8a6 c3a5 a6b8 a5b6 e8e7 b6a7 f7f6 a7b8 h5h4 b8h2 c8e8 g1f3 e6e5 a4a5 e5e4 a5a6 d7d5 f3d4 g8h6 a6a7 f8g7 b1c3 h6f7 d1g4 f6f5 g4f4 g7d4 e3d4 e7e6 f2f3 e8a8
Warning; Bestmove does not match beginning of last PV - move a5a4 from B
Info; info depth 18 seldepth 20 multipv 1 score cp 775 nodes 242462 nps 808206 hashfull 94 tbhits 0 time 300 pv f3h4 f7e8 h4g6 h8h7 d1g4 h7f7 d3e4 g8e7 g6e7 e8e7 g4h4 e7e8
Position; fen rnbqkbnr/pppp1pp1/4p2p/8/P7/1P6/2PPPPPP/RNBQKBNR w KQkq - 0 3
Moves; g1f3 c7c6 e2e4 g7g6 f1e2 d8b6 e4e5 f7f5 b1a3 f5f4 e2d3 f8a3 d3g6 e8d8 a1a3 a7a6 a4a5 b6b4 g6d3 a8a7 a3a1 b7b5 c1a3 b4a5 a3e7 d8e7 a1a5 e7f7 e1g1 a7a8 g1h1 b5b4
Warning; Bestmove does not match beginning of last PV - move e3d2 from B
Info; info depth 18 seldepth 30 multipv 1 score cp 1286 nodes 378225 nps 1260750 hashfull 148 tbhits 0 time 300 pv c4c3 h1h2 e3d2 h2d2 c3d2 a1a2 d8d3 b1d2 e8c8 d1c1 d3e3 a4a5 e3e1 c1b2 d8d2 b2a3
Position; fen rnbqkbnr/pppp1pp1/4p2p/8/P7/1P6/2PPPPPP/RNBQKBNR w KQkq - 0 3
Moves; b3b4 f8b4 c2c3 b4e7 c1b2 b7b6 d1c1 d7d5 e2e3 c8b7 g2g3 b8d7 e1d1 g8f6 c3c4 d7c5 h2h3 d5c4 b2a3 f6e4 a3c5 e7c5 f2f4 e4g3 f1g2 b7g2 d2d4 c5d4 d1c2 g2e4 c2d1 d4e3 c1d2
Warning; Bestmove does not match beginning of last PV - move b7c5 from B
Info; info depth 245 seldepth 6 multipv 1 score mate 3 nodes 515126 nps 4558637 hashfull 0 tbhits 0 time 113 pv b7a5 c6b5 a7c5 b5a4 c5b4
Position; fen rnbqkb1r/ppp1pppp/3p1n2/8/4P3/8/PPPPBPPP/RNBQK1NR w KQkq - 0 3
Moves; c2c3 h7h6 d1c2 a7a5 d2d4 c7c6 f2f4 d6d5 e4e5 b7b5 e5f6 c8a6 g1f3 e7f6 e1g1 a5a4 f1e1 a4a3 b2b4 d8e7 e2d1 e7e1 f3e1 f8b4 c1a3 b4a3 b1a3 g7g5 e1d3 g5f4 c2f2 e8d8 d3f4 h8f8 f4d3 a8a7 a3c2 a7b7 d3c5 d8e7 d1g4 h6h5 g4h3 b7a7 a1e1 e7d8 f2f6 d8c7 f6e7 b8d7 h3d7 f8b8 d7c6 c7c6 e7a7 b8b7 c5b7 b5b4 a7a6 c6d7 a6a7 d7c6
Warning; Bestmove does not match beginning of last PV - move e1e5 from B
Info; info depth 245 seldepth 4 multipv 1 score mate 2 nodes 82912 nps 2763733 hashfull 2 tbhits 0 time 30 pv a7b7 c6d6 b7d7
Position; fen rnbqkb1r/ppp1pppp/3p1n2/8/4P3/8/PPPPBPPP/RNBQK1NR w KQkq - 0 3
Moves; c2c3 h7h6 d1c2 a7a5 d2d4 c7c6 f2f4 d6d5 e4e5 b7b5 e5f6 c8a6 g1f3 e7f6 e1g1 a5a4 f1e1 a4a3 b2b4 d8e7 e2d1 e7e1 f3e1 f8b4 c1a3 b4a3 b1a3 g7g5 e1d3 g5f4 c2f2 e8d8 d3f4 h8f8 f4d3 a8a7 a3c2 a7b7 d3c5 d8e7 d1g4 h6h5 g4h3 b7a7 a1e1 e7d8 f2f6 d8c7 f6e7 b8d7 h3d7 f8b8 d7c6 c7c6 e7a7 b8b7 c5b7 b5b4 a7a6 c6d7 a6a7 d7c6 b7c5 b4c3
Warning; Bestmove does not match beginning of last PV - move e5e6 from B
Info; info depth 245 seldepth 4 multipv 1 score mate 2 nodes 83081 nps 2680032 hashfull 3 tbhits 0 time 31 pv a7b7 c6d6 e5d5
Position; fen rnbqkb1r/ppp1pppp/3p1n2/8/4P3/8/PPPPBPPP/RNBQK1NR w KQkq - 0 3
Moves; c2c3 h7h6 d1c2 a7a5 d2d4 c7c6 f2f4 d6d5 e4e5 b7b5 e5f6 c8a6 g1f3 e7f6 e1g1 a5a4 f1e1 a4a3 b2b4 d8e7 e2d1 e7e1 f3e1 f8b4 c1a3 b4a3 b1a3 g7g5 e1d3 g5f4 c2f2 e8d8 d3f4 h8f8 f4d3 a8a7 a3c2 a7b7 d3c5 d8e7 d1g4 h6h5 g4h3 b7a7 a1e1 e7d8 f2f6 d8c7 f6e7 b8d7 h3d7 f8b8 d7c6 c7c6 e7a7 b8b7 c5b7 b5b4 a7a6 c6d7 a6a7 d7c6 b7c5 b4c3 e1e5 f7f6
Warning; Bestmove does not match beginning of last PV - move a7a4 from B
Info; info depth 245 seldepth 2 multipv 1 score mate 1 nodes 65488 nps 4365866 hashfull 2 tbhits 0 time 15 pv a7a6
Position; fen rnbqkb1r/ppp1pppp/3p1n2/8/4P3/8/PPPPBPPP/RNBQK1NR w KQkq - 0 3
Moves; c2c3 h7h6 d1c2 a7a5 d2d4 c7c6 f2f4 d6d5 e4e5 b7b5 e5f6 c8a6 g1f3 e7f6 e1g1 a5a4 f1e1 a4a3 b2b4 d8e7 e2d1 e7e1 f3e1 f8b4 c1a3 b4a3 b1a3 g7g5 e1d3 g5f4 c2f2 e8d8 d3f4 h8f8 f4d3 a8a7 a3c2 a7b7 d3c5 d8e7 d1g4 h6h5 g4h3 b7a7 a1e1 e7d8 f2f6 d8c7 f6e7 b8d7 h3d7 f8b8 d7c6 c7c6 e7a7 b8b7 c5b7 b5b4 a7a6 c6d7 a6a7 d7c6 b7c5 b4c3 e1e5 f7f6 e5e6 c6b5
Finished game 12 (B vs A): 1-0 {White mates}
Warning; Bestmove does not match beginning of last PV - move f4e3 from B
Info; info depth 18 seldepth 23 multipv 1 score cp 1287 nodes 355790 nps 1185966 hashfull 144 tbhits 0 time 300 pv a7a8r e8e7 a1a7 e7a3 a7a3 e6f6 e4d5 g6g5 f4e3 f6g7 h2e5 f7e5 e3e5 g7f7 e5f5 f7g7 f5g5 g7h7
Position; fen rnbqkbnr/p1ppppp1/B6p/1p6/8/4P3/PPPP1PPP/RNBQK1NR w KQkq - 0 3
Moves; a6b5 c7c6 b5d3 a7a5 b2b3 g7g6 c1b2 e7e6 b2h8 a8a7 h2h3 c8a6 h8c3 d8c8 a2a4 h6h5 d3a6 b8a6 c3a5 a6b8 a5b6 e8e7 b6a7 f7f6 a7b8 h5h4 b8h2 c8e8 g1f3 e6e5 a4a5 e5e4 a5a6 d7d5 f3d4 g8h6 a6a7 f8g7 b1c3 h6f7 d1g4 f6f5 g4f4 g7d4 e3d4 e7e6 f2f3 e8a8 f3e4 a8e8
Warning; Bestmove does not match beginning of last PV - move h2h4 from B
Info; info depth 16 seldepth 25 multipv 1 score cp 734 nodes 255267 nps 850890 hashfull 104 tbhits 0 time 300 pv f3h4 f7e8 h4g6 h8h7 g6f4 h7g7 f4h5 g7f7 h5g3 e8d8 a4a1 c8b7 h2h3 c6c5
Position; fen rnbqkbnr/pppp1pp1/4p2p/8/P7/1P6/2PPPPPP/RNBQKBNR w KQkq - 0 3
Moves; g1f3 c7c6 e2e4 g7g6 f1e2 d8b6 e4e5 f7f5 b1a3 f5f4 e2d3 f8a3 d3g6 e8d8 a1a3 a7a6 a4a5 b6b4 g6d3 a8a7 a3a1 b7b5 c1a3 b4a5 a3e7 d8e7 a1a5 e7f7 e1g1 a7a8 g1h1 b5b4 a5a4 a6a5
Warning; Bestmove does not match beginning of last PV - move d8d4 from B
Info; info depth 27 seldepth 16 multipv 1 score mate 8 nodes 329604 nps 1095029 hashfull 132 tbhits 0 time 301 pv e4c2 d1c2 d8d3 c2d1 d3b3 d1d2 a8d8 d2e1 d8d1 e1f2 g3e4 f2g2 b3g3 g2h1 g3g1
Position; fen rnbqkbnr/pppp1pp1/4p2p/8/P7/1P6/2PPPPPP/RNBQKBNR w KQkq - 0 3
Moves; b3b4 f8b4 c2c3 b4e7 c1b2 b7b6 d1c1 d7d5 e2e3 c8b7 g2g3 b8d7 e1d1 g8f6 c3c4 d7c5 h2h3 d5c4 b2a3 f6e4 a3c5 e7c5 f2f4 e4g3 f1g2 b7g2 d2d4 c5d4 d1c2 g2e4 c2d1 d4e3 c1d2 e3d2 h1h2
Warning; Bestmove does not match beginning of last PV - move d4d5 from B
Info; info depth 18 seldepth 26 multipv 1 score cp 1309 nodes 400525 nps 1335083 hashfull 144 tbhits 0 time 300 pv a7a8q e8a8 a1a8 e6f6 d4d5 c6d5 e3d4 f6g5 d4d5 f7h6 c3e4 g5h5 e4c3 g6g5 d5f3 h6g4
Position; fen rnbqkbnr/p1ppppp1/B6p/1p6/8/4P3/PPPP1PPP/RNBQK1NR w KQkq - 0 3
Moves; a6b5 c7c6 b5d3 a7a5 b2b3 g7g6 c1b2 e7e6 b2h8 a8a7 h2h3 c8a6 h8c3 d8c8 a2a4 h6h5 d3a6 b8a6 c3a5 a6b8 a5b6 e8e7 b6a7 f7f6 a7b8 h5h4 b8h2 c8e8 g1f3 e6e5 a4a5 e5e4 a5a6 d7d5 f3d4 g8h6 a6a7 f8g7 b1c3 h6f7 d1g4 f6f5 g4f4 g7d4 e3d4 e7e6 f2f3 e8a8 f3e4 a8e8 f4e3 d5e4
Warning; Bestmove does not match beginning of last PV - move d3e4 from B
Info; info depth 17 seldepth 25 multipv 1 score cp 682 nodes 279300 nps 931000 hashfull 100 tbhits 0 time 300 pv a4a5 g8e7 f1e1 c6c5 d1a1 a6b7 a5a8 e7f5 d3f5 b7f3 f5e4
Position; fen rnbqkbnr/pppp1pp1/4p2p/8/P7/1P6/2PPPPPP/RNBQKBNR w KQkq - 0 3
Moves; g1f3 c7c6 e2e4 g7g6 f1e2 d8b6 e4e5 f7f5 b1a3 f5f4 e2d3 f8a3 d3g6 e8d8 a1a3 a7a6 a4a5 b6b4 g6d3 a8a7 a3a1 b7b5 c1a3 b4a5 a3e7 d8e7 a1a5 e7f7 e1g1 a7a8 g1h1 b5b4 a5a4 a6a5 h2h4 c8a6
Warning; Bestmove does not match beginning of last PV - move a7a8r from B
Info; info depth 18 seldepth 28 multipv 1 score mate 12 nodes 382852 nps 1276173 hashfull 154 tbhits 0 time 300 pv a7a8q e8e7 e3d4 f6g5 h2f4 g5f4 d4e3 f4e5 a8c6 f7d6 a1a7 e5f6 e3d4 f6g5 a7e7 d6e8 d4e3 f5f4 c3e4 g5h6 e3f4 h6h5 e7h7
Position; fen rnbqkbnr/p1ppppp1/B6p/1p6/8/4P3/PPPP1PPP/RNBQK1NR w KQkq - 0 3
Moves; a6b5 c7c6 b5d3 a7a5 b2b3 g7g6 c1b2 e7e6 b2h8 a8a7 h2h3 c8a6 h8c3 d8c8 a2a4 h6h5 d3a6 b8a6 c3a5 a6b8 a5b6 e8e7 b6a7 f7f6 a7b8 h5h4 b8h2 c8e8 g1f3 e6e5 a4a5 e5e4 a5a6 d7d5 f3d4 g8h6 a6a7 f8g7 b1c3 h6f7 d1g4 f6f5 g4f4 g7d4 e3d4 e7e6 f2f3 e8a8 f3e4 a8e8 f4e3 d5e4 d4d5 e6f6
Warning; Bestmove does not match beginning of last PV - move a4a5 from B
Info; info depth 17 seldepth 27 multipv 1 score cp 694 nodes 274117 nps 913723 hashfull 106 tbhits 0 time 300 pv f1e1 h8g8 f3h2 f7e8 h2g4 g8g7 c2c3 e8d8 g4h6 b4c3 d2c3 e7d5 e4d5 c6d5 a4a5
Position; fen rnbqkbnr/pppp1pp1/4p2p/8/P7/1P6/2PPPPPP/RNBQKBNR w KQkq - 0 3
Moves; g1f3 c7c6 e2e4 g7g6 f1e2 d8b6 e4e5 f7f5 b1a3 f5f4 e2d3 f8a3 d3g6 e8d8 a1a3 a7a6 a4a5 b6b4 g6d3 a8a7 a3a1 b7b5 c1a3 b4a5 a3e7 d8e7 a1a5 e7f7 e1g1 a7a8 g1h1 b5b4 a5a4 a6a5 h2h4 c8a6 d3e4 g8e7
Warning; Bestmove does not match beginning of last PV - move e8c8 from B
Info; info depth 38 seldepth 6 multipv 1 score mate 3 nodes 468917 nps 1563056 hashfull 81 tbhits 0 time 300 pv a8d8 f2g2 d4d1 e1f2 d1f1
Position; fen rnbqkbnr/pppp1pp1/4p2p/8/P7/1P6/2PPPPPP/RNBQKBNR w KQkq - 0 3
Moves; b3b4 f8b4 c2c3 b4e7 c1b2 b7b6 d1c1 d7d5 e2e3 c8b7 g2g3 b8d7 e1d1 g8f6 c3c4 d7c5 h2h3 d5c4 b2a3 f6e4 a3c5 e7c5 f2f4 e4g3 f1g2 b7g2 d2d4 c5d4 d1c2 g2e4 c2d1 d4e3 c1d2 e3d2 h1h2 d8d4 h2f2 d2f4 d1e1
Warning; Bestmove does not match beginning of last PV - move e4f3 from B
Info; info depth 245 seldepth 4 multipv 1 score mate 2 nodes 1055898 nps 5557357 hashfull 1 tbhits 0 time 190 pv d4g1 f3f1 g1f1
Position; fen rnbqkbnr/pppp1pp1/4p2p/8/P7/1P6/2PPPPPP/RNBQKBNR w KQkq - 0 3
Moves; b3b4 f8b4 c2c3 b4e7 c1b2 b7b6 d1c1 d7d5 e2e3 c8b7 g2g3 b8d7 e1d1 g8f6 c3c4 d7c5 h2h3 d5c4 b2a3 f6e4 a3c5 e7c5 f2f4 e4g3 f1g2 b7g2 d2d4 c5d4 d1c2 g2e4 c2d1 d4e3 c1d2 e3d2 h1h2 d8d4 h2f2 d2f4 d1e1 e8c8 f2f3
Warning; Bestmove does not match beginning of last PV - move f3e2 from B
Info; info depth 245 seldepth 4 multipv 1 score mate 2 nodes 1018535 nps 5332643 hashfull 2 tbhits 0 time 191 pv d4d1 e1f2 d1f1
Position; fen rnbqkbnr/pppp1pp1/4p2p/8/P7/1P6/2PPPPPP/RNBQKBNR w KQkq - 0 3
Moves; b3b4 f8b4 c2c3 b4e7 c1b2 b7b6 d1c1 d7d5 e2e3 c8b7 g2g3 b8d7 e1d1 g8f6 c3c4 d7c5 h2h3 d5c4 b2a3 f6e4 a3c5 e7c5 f2f4 e4g3 f1g2 b7g2 d2d4 c5d4 d1c2 g2e4 c2d1 d4e3 c1d2 e3d2 h1h2 d8d4 h2f2 d2f4 d1e1 e8c8 f2f3 e4f3 g1e2
Finished game 15 (A vs B): 0-1 {Black mates}
Warning; Bestmove does not match beginning of last PV - move c2c4 from B
Info; info depth 19 seldepth 26 multipv 1 score cp 770 nodes 329290 nps 1097633 hashfull 138 tbhits 0 time 300 pv f3d4 e7d5 d1h5 f7e7 h5g6 h8c8 e4d5 c6d5 g6g7 e7d8 g7f8 d8c7 d4b5 c7b7
Position; fen rnbqkbnr/pppp1pp1/4p2p/8/P7/1P6/2PPPPPP/RNBQKBNR w KQkq - 0 3
Moves; g1f3 c7c6 e2e4 g7g6 f1e2 d8b6 e4e5 f7f5 b1a3 f5f4 e2d3 f8a3 d3g6 e8d8 a1a3 a7a6 a4a5 b6b4 g6d3 a8a7 a3a1 b7b5 c1a3 b4a5 a3e7 d8e7 a1a5 e7f7 e1g1 a7a8 g1h1 b5b4 a5a4 a6a5 h2h4 c8a6 d3e4 g8e7 a4a5 a6f1 a5a8 f1b5
Warning; Bestmove does not match beginning of last PV - move a8a1 from B
Info; info depth 18 seldepth 28 multipv 1 score cp 765 nodes 320593 nps 1068643 hashfull 125 tbhits 0 time 300 pv d2c3 e7d5 e4d5 c6d5 d1d2 h8f8 d2f4 f7g7 f4f8 g7f8 a8b8 f8e7 b8b5 e7d8 h1h2 d8e7 b5b8 h6h5 b8b5 e7d8 g2g3
Position; fen rnbqkbnr/pppp1pp1/4p2p/8/P7/1P6/2PPPPPP/RNBQKBNR w KQkq - 0 3
Moves; g1f3 c7c6 e2e4 g7g6 f1e2 d8b6 e4e5 f7f5 b1a3 f5f4 e2d3 f8a3 d3g6 e8d8 a1a3 a7a6 a4a5 b6b4 g6d3 a8a7 a3a1 b7b5 c1a3 b4a5 a3e7 d8e7 a1a5 e7f7 e1g1 a7a8 g1h1 b5b4 a5a4 a6a5 h2h4 c8a6 d3e4 g8e7 a4a5 a6f1 a5a8 f1b5 c2c4 b4c3
Warning; Bestmove does not match beginning of last PV - move h2f4 from B
Info; info depth 50 seldepth 6 multipv 1 score mate 3 nodes 942596 nps 3141986 hashfull 53 tbhits 0 time 300 pv a8h8 f7h8 d4h8 d7h7 a7h7
Position; fen rnbqkbnr/p1ppppp1/B6p/1p6/8/4P3/PPPP1PPP/RNBQK1NR w KQkq - 0 3
Moves; a6b5 c7c6 b5d3 a7a5 b2b3 g7g6 c1b2 e7e6 b2h8 a8a7 h2h3 c8a6 h8c3 d8c8 a2a4 h6h5 d3a6 b8a6 c3a5 a6b8 a5b6 e8e7 b6a7 f7f6 a7b8 h5h4 b8h2 c8e8 g1f3 e6e5 a4a5 e5e4 a5a6 d7d5 f3d4 g8h6 a6a7 f8g7 b1c3 h6f7 d1g4 f6f5 g4f4 g7d4 e3d4 e7e6 f2f3 e8a8 f3e4 a8e8 f4e3 d5e4 d4d5 e6f6 a7a8r e8d7 a1a7 f5f4 c3e4 f6g7 e3d4 g7h6
Warning; Bestmove does not match beginning of last PV - move d1c2 from B
Info; info depth 17 seldepth 26 multipv 1 score cp 672 nodes 313584 nps 1045280 hashfull 112 tbhits 0 time 300 pv e4c2 c6c5 d2d4 b5c6 d1c1 f7e8 d4c5 c6d5 c1f4 h8f8 f4h6 f8g8 h6f6
Position; fen rnbqkbnr/pppp1pp1/4p2p/8/P7/1P6/2PPPPPP/RNBQKBNR w KQkq - 0 3
Moves; g1f3 c7c6 e2e4 g7g6 f1e2 d8b6 e4e5 f7f5 b1a3 f5f4 e2d3 f8a3 d3g6 e8d8 a1a3 a7a6 a4a5 b6b4 g6d3 a8a7 a3a1 b7b5 c1a3 b4a5 a3e7 d8e7 a1a5 e7f7 e1g1 a7a8 g1h1 b5b4 a5a4 a6a5 h2h4 c8a6 d3e4 g8e7 a4a5 a6f1 a5a8 f1b5 c2c4 b4c3 a8a1 c3c2
Warning; Bestmove does not match beginning of last PV - move a8h8 from B
Info; info depth 48 seldepth 6 multipv 1 score mate 3 nodes 903976 nps 3013253 hashfull 44 tbhits 0 time 300 pv d4f6 h6h5 a8h8 f7h8 f6g5
Position; fen rnbqkbnr/p1ppppp1/B6p/1p6/8/4P3/PPPP1PPP/RNBQK1NR w KQkq - 0 3
Moves; a6b5 c7c6 b5d3 a7a5 b2b3 g7g6 c1b2 e7e6 b2h8 a8a7 h2h3 c8a6 h8c3 d8c8 a2a4 h6h5 d3a6 b8a6 c3a5 a6b8 a5b6 e8e7 b6a7 f7f6 a7b8 h5h4 b8h2 c8e8 g1f3 e6e5 a4a5 e5e4 a5a6 d7d5 f3d4 g8h6 a6a7 f8g7 b1c3 h6f7 d1g4 f6f5 g4f4 g7d4 e3d4 e7e6 f2f3 e8a8 f3e4 a8e8 f4e3 d5e4 d4d5 e6f6 a7a8r e8d7 a1a7 f5f4 c3e4 f6g7 e3d4 g7h6 h2f4 g6g5
Warning; Bestmove does not match beginning of last PV - move a1e1 from B
Info; info depth 18 seldepth 30 multipv 1 score cp 857 nodes 329174 nps 1097246 hashfull 137 tbhits 0 time 300 pv e4f5 f7e7 f5g6 b8a6 g6h5 h8b8 d2d4 e7d8 c2d2 a6c7
Position; fen rnbqkbnr/pppp1pp1/4p2p/8/P7/1P6/2PPPPPP/RNBQKBNR w KQkq - 0 3
Moves; g1f3 c7c6 e2e4 g7g6 f1e2 d8b6 e4e5 f7f5 b1a3 f5f4 e2d3 f8a3 d3g6 e8d8 a1a3 a7a6 a4a5 b6b4 g6d3 a8a7 a3a1 b7b5 c1a3 b4a5 a3e7 d8e7 a1a5 e7f7 e1g1 a7a8 g1h1 b5b4 a5a4 a6a5 h2h4 c8a6 d3e4 g8e7 a4a5 a6f1 a5a8 f1b5 c2c4 b4c3 a8a1 c3c2 d1c2 e7f5
Warning; Bestmove does not match beginning of last PV - move d4f6 from B
Info; info depth 37 seldepth 8 multipv 1 score mate 4 nodes 439731 nps 1465770 hashfull 59 tbhits 0 time 300 pv a7d7 h8f7 d4f6 h6h5 f6f7 h5h6 f4g5
Position; fen rnbqkbnr/p1ppppp1/B6p/1p6/8/4P3/PPPP1PPP/RNBQK1NR w KQkq - 0 3
Moves; a6b5 c7c6 b5d3 a7a5 b2b3 g7g6 c1b2 e7e6 b2h8 a8a7 h2h3 c8a6 h8c3 d8c8 a2a4 h6h5 d3a6 b8a6 c3a5 a6b8 a5b6 e8e7 b6a7 f7f6 a7b8 h5h4 b8h2 c8e8 g1f3 e6e5 a4a5 e5e4 a5a6 d7d5 f3d4 g8h6 a6a7 f8g7 b1c3 h6f7 d1g4 f6f5 g4f4 g7d4 e3d4 e7e6 f2f3 e8a8 f3e4 a8e8 f4e3 d5e4 d4d5 e6f6 a7a8r e8d7 a1a7 f5f4 c3e4 f6g7 e3d4 g7h6 h2f4 g6g5 a8h8 f7h8
Warning; Bestmove does not match beginning of last PV - move d2d3 from B
Info; info depth 19 seldepth 26 multipv 1 score cp 803 nodes 314676 nps 1048920 hashfull 125 tbhits 0 time 300 pv f3h4 h8g8 e4f3 g8g7 c2c5 g7g5 c5d6 c6c5 d6c5 b8c6
Position; fen rnbqkbnr/pppp1pp1/4p2p/8/P7/1P6/2PPPPPP/RNBQKBNR w KQkq - 0 3
Moves; g1f3 c7c6 e2e4 g7g6 f1e2 d8b6 e4e5 f7f5 b1a3 f5f4 e2d3 f8a3 d3g6 e8d8 a1a3 a7a6 a4a5 b6b4 g6d3 a8a7 a3a1 b7b5 c1a3 b4a5 a3e7 d8e7 a1a5 e7f7 e1g1 a7a8 g1h1 b5b4 a5a4 a6a5 h2h4 c8a6 d3e4 g8e7 a4a5 a6f1 a5a8 f1b5 c2c4 b4c3 a8a1 c3c2 d1c2 e7f5 a1e1 f5h4
Warning; Bestmove does not match beginning of last PV - move a7d7 from B
Info; info depth 55 seldepth 6 multipv 1 score mate 3 nodes 918333 nps 3061110 hashfull 36 tbhits 0 time 300 pv e4g5 h7g8 a7a8 d7d8 a8d8
Position; fen rnbqkbnr/p1ppppp1/B6p/1p6/8/4P3/PPPP1PPP/RNBQK1NR w KQkq - 0 3
Moves; a6b5 c7c6 b5d3 a7a5 b2b3 g7g6 c1b2 e7e6 b2h8 a8a7 h2h3 c8a6 h8c3 d8c8 a2a4 h6h5 d3a6 b8a6 c3a5 a6b8 a5b6 e8e7 b6a7 f7f6 a7b8 h5h4 b8h2 c8e8 g1f3 e6e5 a4a5 e5e4 a5a6 d7d5 f3d4 g8h6 a6a7 f8g7 b1c3 h6f7 d1g4 f6f5 g4f4 g7d4 e3d4 e7e6 f2f3 e8a8 f3e4 a8e8 f4e3 d5e4 d4d5 e6f6 a7a8r e8d7 a1a7 f5f4 c3e4 f6g7 e3d4 g7h6 h2f4 g6g5 a8h8 f7h8 d4f6 h6h7
Warning; Bestmove does not match beginning of last PV - move f7h7 from B
Info; info depth 245 seldepth 2 multipv 1 score mate 1 nodes 46579 nps 3881583 hashfull 0 tbhits 0 time 12 pv f7g7
Position; fen rnbqkbnr/p1ppppp1/B6p/1p6/8/4P3/PPPP1PPP/RNBQK1NR w KQkq - 0 3
Moves; a6b5 c7c6 b5d3 a7a5 b2b3 g7g6 c1b2 e7e6 b2h8 a8a7 h2h3 c8a6 h8c3 d8c8 a2a4 h6h5 d3a6 b8a6 c3a5 a6b8 a5b6 e8e7 b6a7 f7f6 a7b8 h5h4 b8h2 c8e8 g1f3 e6e5 a4a5 e5e4 a5a6 d7d5 f3d4 g8h6 a6a7 f8g7 b1c3 h6f7 d1g4 f6f5 g4f4 g7d4 e3d4 e7e6 f2f3 e8a8 f3e4 a8e8 f4e3 d5e4 d4d5 e6f6 a7a8r e8d7 a1a7 f5f4 c3e4 f6g7 e3d4 g7h6 h2f4 g6g5 a8h8 f7h8 d4f6 h6h7 a7d7 h8f7 f6f7 h7h8
Finished game 14 (B vs A): 1-0 {White mates}
Warning; Bestmove does not match beginning of last PV - move c2c1 from B
Info; info depth 18 seldepth 27 multipv 1 score cp 866 nodes 357171 nps 1190570 hashfull 127 tbhits 0 time 300 pv c2c5 f8g8 c5b4 g8g4 e4g6 g4g6 b4f4 f7g7 h4g6 g7g6 f4f8 g6h7 f8b8 a6d3 b8f8 c6c5
Position; fen rnbqkbnr/pppp1pp1/4p2p/8/P7/1P6/2PPPPPP/RNBQKBNR w KQkq - 0 3
Moves; g1f3 c7c6 e2e4 g7g6 f1e2 d8b6 e4e5 f7f5 b1a3 f5f4 e2d3 f8a3 d3g6 e8d8 a1a3 a7a6 a4a5 b6b4 g6d3 a8a7 a3a1 b7b5 c1a3 b4a5 a3e7 d8e7 a1a5 e7f7 e1g1 a7a8 g1h1 b5b4 a5a4 a6a5 h2h4 c8a6 d3e4 g8e7 a4a5 a6f1 a5a8 f1b5 c2c4 b4c3 a8a1 c3c2 d1c2 e7f5 a1e1 f5h4 d2d3 b5a6 f3h4 h8f8
Warning; Bestmove does not match beginning of last PV - move e4g6 from B
Info; info depth 19 seldepth 34 multipv 1 score cp 956 nodes 374414 nps 1248046 hashfull 128 tbhits 0 time 300 pv c1f4 f7e8 e4g6 e8d8 f4f8 d8c7 g6e4 c6c5 f8c5 b5c6 h4f3 c7c8 c5c1 c8d8 c1h6 b8a6 e4c6 a6b4
Position; fen rnbqkbnr/pppp1pp1/4p2p/8/P7/1P6/2PPPPPP/RNBQKBNR w KQkq - 0 3
Moves; g1f3 c7c6 e2e4 g7g6 f1e2 d8b6 e4e5 f7f5 b1a3 f5f4 e2d3 f8a3 d3g6 e8d8 a1a3 a7a6 a4a5 b6b4 g6d3 a8a7 a3a1 b7b5 c1a3 b4a5 a3e7 d8e7 a1a5 e7f7 e1g1 a7a8 g1h1 b5b4 a5a4 a6a5 h2h4 c8a6 d3e4 g8e7 a4a5 a6f1 a5a8 f1b5 c2c4 b4c3 a8a1 c3c2 d1c2 e7f5 a1e1 f5h4 d2d3 b5a6 f3h4 h8f8 c2c1 a6b5
Warning; Bestmove does not match beginning of last PV - move g6h7 from B
Info; info depth 245 seldepth 4 multipv 1 score mate 2 nodes 491765 nps 4553379 hashfull 3 tbhits 0 time 108 pv e7h7 g8f8 h7f7
Position; fen rnbqkbnr/pppp1pp1/4p2p/8/P7/1P6/2PPPPPP/RNBQKBNR w KQkq - 0 3
Moves; g1f3 c7c6 e2e4 g7g6 f1e2 d8b6 e4e5 f7f5 b1a3 f5f4 e2d3 f8a3 d3g6 e8d8 a1a3 a7a6 a4a5 b6b4 g6d3 a8a7 a3a1 b7b5 c1a3 b4a5 a3e7 d8e7 a1a5 e7f7 e1g1 a7a8 g1h1 b5b4 a5a4 a6a5 h2h4 c8a6 d3e4 g8e7 a4a5 a6f1 a5a8 f1b5 c2c4 b4c3 a8a1 c3c2 d1c2 e7f5 a1e1 f5h4 d2d3 b5a6 f3h4 h8f8 c2c1 a6b5 e4g6 f7g8 c1c5 b8a6 c5e7 f8a8
Warning; Bestmove does not match beginning of last PV - move h7g6 from B
Info; info depth 245 seldepth 2 multipv 1 score mate 1 nodes 513397 nps 4425836 hashfull 2 tbhits 0 time 116 pv h4g6
Position; fen rnbqkbnr/pppp1pp1/4p2p/8/P7/1P6/2PPPPPP/RNBQKBNR w KQkq - 0 3
Moves; g1f3 c7c6 e2e4 g7g6 f1e2 d8b6 e4e5 f7f5 b1a3 f5f4 e2d3 f8a3 d3g6 e8d8 a1a3 a7a6 a4a5 b6b4 g6d3 a8a7 a3a1 b7b5 c1a3 b4a5 a3e7 d8e7 a1a5 e7f7 e1g1 a7a8 g1h1 b5b4 a5a4 a6a5 h2h4 c8a6 d3e4 g8e7 a4a5 a6f1 a5a8 f1b5 c2c4 b4c3 a8a1 c3c2 d1c2 e7f5 a1e1 f5h4 d2d3 b5a6 f3h4 h8f8 c2c1 a6b5 e4g6 f7g8 c1c5 b8a6 c5e7 f8a8 g6h7 g8h8
Finished game 16 (B vs A): 1-0 {White mates}
--------------------------------------------------
Results of A vs B (0.3/move, NULL - 1t, NULL - 16MB, openings_4ply.epd):
Elo: -inf +/- -nan, nElo: -inf +/- -nan
LOS: 0.00 %, DrawRatio: 0.00 %, PairsRatio: 0.00
Games: 16, Wins: 0, Losses: 16, Draws: 0, Points: 0.0 (0.00 %)
Ptnml(0-2): [8, 0, 0, 0, 0], WL/DD Ratio: -nan
--------------------------------------------------
Finished match
Total Time: 00:00:50 (hours:minutes:seconds)

