Indexing opening suite...
Started game 1 of 16 (A vs B)
Started game 5 of 16 (A vs B)
Started game 4 of 16 (B vs A)
Started game 3 of 16 (A vs B)
Started game 2 of 16 (B vs A)
Warning; Bestmove does not match beginning of last PV - move g8f6 from B
Info; info depth 11 seldepth 16 multipv 1 score cp 17 nodes 58005 nps 192707 hashfull 15 tbhits 0 time 301 pv e7e6 a3c4 c8b7 g1f3 a7a6 e2e4 f5e4 d3e4 b7e4
Position; fen rnbqkbnr/p1ppp1pp/1p6/5p2/8/N2P4/PPP1PPPP/R1BQKBNR w KQkq - 0 3
Moves; c2c3
Warning; Bestmove does not match beginning of last PV - move a5a4 from B
Info; info depth 11 seldepth 20 multipv 1 score cp 143 nodes 56258 nps 187526 hashfull 20 tbhits 0 time 300 pv d7d5 e2e4 d5d4 c2c3 c7c6 b5a3 d4d3 a3c4
Position; fen rnbqkbnr/1ppp1ppp/8/p3p3/8/2N2P2/PPPPP1PP/R1BQKBNR w KQkq - 0 3
Moves; c3b5
Warning; Bestmove does not match beginning of last PV - move e7e5 from B
Info; info depth 12 seldepth 18 multipv 1 score cp 53 nodes 70863 nps 234645 hashfull 26 tbhits 0 time 302 pv e7e6 a3c4 c8b7 d3d4 f8e7 g1f3 c7c5 f1e2 e8g8 e1g1 d8c7 a2a4 d7d5
Position; fen rnbqkbnr/p1ppp1pp/1p6/5p2/8/N2P4/PPP1PPPP/R1BQKBNR w KQkq - 0 3
Moves; c2c3 g8f6 e2e3
Warning; Bestmove does not match beginning of last PV - move f3e5 from B
Info; info depth 13 seldepth 24 multipv 1 score cp 204 nodes 76977 nps 255737 hashfull 26 tbhits 0 time 301 pv d2d4 d8e8 c4c5 b6d8 b1c3 d7d6 c5d6 e7d6 f1c4 b8d7 d1b3 d8e7 a2a4 g8f6 e1g1 d7b6 e4e5
Position; fen rnbqkbnr/pp1pppp1/2p4p/8/7P/5N2/PPPPPPP1/RNBQKB1R w KQkq - 0 3
Moves; e2e4 d8b6 c2c4 e8d8
Warning; Bestmove does not match beginning of last PV - move h1f1 from B
Info; info depth 17 seldepth 25 multipv 1 score cp 640 nodes 212353 nps 707843 hashfull 78 tbhits 0 time 300 pv d8c7 e2e4 c7g3 e1e2 g3g5 d2d4 g5f6 b1c3 h1h8 c1e3 d7d6 d1d2 e7e6 e3g5 f6g6 e2f2
Position; fen rnbqkbnr/pp1pppp1/2p4p/8/7P/5N2/PPPPPPP1/RNBQKB1R w KQkq - 0 3
Moves; f3g5 h6g5 h4g5 h8h1 f2f3
Warning; Bestmove does not match beginning of last PV - move d7d5 from B
Info; info depth 12 seldepth 17 multipv 1 score cp 219 nodes 57522 nps 190470 hashfull 19 tbhits 0 time 302 pv e5e4 d3e4 f5e4 f3g3 a5b4 a3b5 b8a6 g3e5 d8e7 b5c7 a6c7 e5c7
Position; fen rnbqkbnr/p1ppp1pp/1p6/5p2/8/N2P4/PPP1PPPP/R1BQKBNR w KQkq - 0 3
Moves; c2c3 g8f6 e2e3 e7e5 b2b4 a7a5 d1f3
Warning; Bestmove does not match beginning of last PV - move d7d5 from B
Info; info depth 17 seldepth 22 multipv 1 score cp 558 nodes 247881 nps 826270 hashfull 89 tbhits 0 time 300 pv e7e5 d2d4 d7d5 b1c3 c8e6 d4e5 g8e7 e2e4 b8d7 c1e3 d7e5 f1e1 e5c4 e3d4 c4b2
Position; fen rnbqkbnr/pp1pppp1/2p4p/8/7P/5N2/PPPPPPP1/RNBQKB1R w KQkq - 0 3
Moves; f3g5 h6g5 h4g5 h8h1 f2f3 h1f1 e1f1
Warning; Bestmove does not match beginning of last PV - move a4a3 from B
Info; info depth 15 seldepth 21 multipv 1 score cp 635 nodes 53245 nps 176307 hashfull 19 tbhits 0 time 302 pv b8c6 e2e4 d5e4 f3e4 g8f6 d1f3 a4a3 f1b5 f8e7 f3g3 a3b2 c1b2
Position; fen rnbqkbnr/1ppp1ppp/8/p3p3/8/2N2P2/PPPPP1PP/R1BQKBNR w KQkq - 0 3
Moves; c3b5 a5a4 b5c7 d8c7 h2h4 d7d5 c2c3
Warning; Bestmove does not match beginning of last PV - move h4h5 from B
Info; info depth 16 seldepth 22 multipv 1 score cp 471 nodes 89671 nps 297910 hashfull 33 tbhits 0 time 301 pv d2d4 f8g7 e4e5 d7d6 b1c3 c8f5 c3a4 b6a6 c1d2 d6e5
Position; fen rnbqkbnr/pp1pppp1/2p4p/8/7P/5N2/PPPPPPP1/RNBQKB1R w KQkq - 0 3
Moves; e2e4 d8b6 c2c4 e8d8 f3e5 g7g6 e5f7 d8c7
Warning; Bestmove does not match beginning of last PV - move g8h6 from B
Info; info depth 16 seldepth 22 multipv 1 score cp 621 nodes 183901 nps 610966 hashfull 64 tbhits 0 time 301 pv e7e5 d2d4 d8g5 e3e4 g5d8 b1c3 c8e6 d1e2 b8d7 e4d5 c6d5 d4e5 d5d4
Position; fen rnbqkbnr/pp1pppp1/2p4p/8/7P/5N2/PPPPPPP1/RNBQKB1R w KQkq - 0 3
Moves; f3g5 h6g5 h4g5 h8h1 f2f3 h1f1 e1f1 d7d5 e2e3
Warning; Bestmove does not match beginning of last PV - move b8c6 from B
Info; info depth 15 seldepth 27 multipv 1 score cp 639 nodes 55753 nps 185843 hashfull 27 tbhits 0 time 300 pv a3b2 c1b2 g8f6 h4h5 h7h6 e2e3 b8c6 a2a4 f8e7 g2g4 e8g8 g1h3 e5e4
Position; fen rnbqkbnr/1ppp1ppp/8/p3p3/8/2N2P2/PPPPP1PP/R1BQKBNR w KQkq - 0 3
Moves; c3b5 a5a4 b5c7 d8c7 h2h4 d7d5 c2c3 a4a3 d1b3
Warning; Bestmove does not match beginning of last PV - move d1f3 from B
Info; info depth 16 seldepth 21 multipv 1 score cp 434 nodes 93702 nps 312340 hashfull 29 tbhits 0 time 300 pv f7h8 d4h8 d2d4 f8g7 c1f4 d7d6 f4e3 g6g5 b1c3 c6c5 d1d2 c5d4 c3b5 c7d8 e3d4 g7d4 b5d4 h8e5
Position; fen rnbqkbnr/pp1pppp1/2p4p/8/7P/5N2/PPPPPPP1/RNBQKB1R w KQkq - 0 3
Moves; e2e4 d8b6 c2c4 e8d8 f3e5 g7g6 e5f7 d8c7 h4h5 b6d4
Warning; Bestmove does not match beginning of last PV - move f6d5 from B
Info; info depth 17 seldepth 21 multipv 1 score cp 792 nodes 185315 nps 613625 hashfull 74 tbhits 0 time 302 pv d8d5 c3c4 d5d8 a3b5 c7c6 c1b2 c6b5 c4b5 f8d6 g1h3 f5f4 h3g5 e8e7 e3e4 c8g4 f2f3
Position; fen rnbqkbnr/p1ppp1pp/1p6/5p2/8/N2P4/PPP1PPPP/R1BQKBNR w KQkq - 0 3
Moves; c2c3 g8f6 e2e3 e7e5 b2b4 a7a5 d1f3 d7d5 e1d1 a5b4 f3d5
Warning; Bestmove does not match beginning of last PV - move e2e4 from B
Info; info depth 16 seldepth 20 multipv 1 score cp 691 nodes 101828 nps 337178 hashfull 35 tbhits 0 time 302 pv d1d2 g7g5 h4g5 h6g5 h1h8 f6g7 h8h7 g7h7 d2c2 h7h8 e5f7 h8g7 f7d8 b8c6 d8c6 d7c6
Position; fen rnbqkbnr/p1ppp1pp/1p6/5p2/8/N2P4/PPP1PPPP/R1BQKBNR w KQkq - 0 3
Moves; h2h4 h7h6 a3c4 a7a6 c2c3 e8f7 c4e5 f7f6 d3d4 f5f4
Warning; Bestmove does not match beginning of last PV - move e7e5 from B
Info; info depth 15 seldepth 20 multipv 1 score cp 590 nodes 82352 nps 272688 hashfull 30 tbhits 0 time 302 pv d8d6 d2d3 h6f5 e3e4 d5e4 f3e4 f5g3 f1g1
Position; fen rnbqkbnr/pp1pppp1/2p4p/8/7P/5N2/PPPPPPP1/RNBQKB1R w KQkq - 0 3
Moves; f3g5 h6g5 h4g5 h8h1 f2f3 h1f1 e1f1 d7d5 e2e3 g8h6 c2c3
Warning; Bestmove does not match beginning of last PV - move b1c3 from B
Info; info depth 16 seldepth 24 multipv 1 score cp 575 nodes 124281 nps 414270 hashfull 45 tbhits 0 time 300 pv f7h8 f8g7 h8g6 d7d6 b1c3 b8a6 c3e2 d4c4 e2c3 c4b4 f1a6 b7a6 a2a3
Position; fen rnbqkbnr/pp1pppp1/2p4p/8/7P/5N2/PPPPPPP1/RNBQKB1R w KQkq - 0 3
Moves; e2e4 d8b6 c2c4 e8d8 f3e5 g7g6 e5f7 d8c7 h4h5 b6d4 d1f3 e7e6
Warning; Bestmove does not match beginning of last PV - move c7c6 from B
Info; info depth 18 seldepth 23 multipv 1 score cp 792 nodes 339598 nps 1131993 hashfull 134 tbhits 0 time 300 pv f8b4 g1f3 d5c3 d1c2 b4a3 c1a3 a8a3 f3e5 c8d7 e5d7 b8d7 d3d4 c3e4 f1b5
Position; fen rnbqkbnr/p1ppp1pp/1p6/5p2/8/N2P4/PPP1PPPP/R1BQKBNR w KQkq - 0 3
Moves; c2c3 g8f6 e2e3 e7e5 b2b4 a7a5 d1f3 d7d5 e1d1 a5b4 f3d5 f6d5 c3b4
Warning; Bestmove does not match beginning of last PV - move d8a5 from B
Info; info depth 16 seldepth 22 multipv 1 score cp 780 nodes 100350 nps 334500 hashfull 36 tbhits 0 time 300 pv d8g5 d2d4 g5g3 b1d2 c8h3 f1e2 g3g2 e2e1 g2g1 e1e2 g1d1 e2d1 b8d7 d1e1 h3e6 e3e4 e8c8 d4e5
Position; fen rnbqkbnr/pp1pppp1/2p4p/8/7P/5N2/PPPPPPP1/RNBQKB1R w KQkq - 0 3
Moves; f3g5 h6g5 h4g5 h8h1 f2f3 h1f1 e1f1 d7d5 e2e3 g8h6 c2c3 e7e5 g2g3
Warning; Bestmove does not match beginning of last PV - move h7h6 from B
Info; info depth 15 seldepth 17 multipv 1 score cp 665 nodes 54956 nps 182578 hashfull 18 tbhits 0 time 301 pv f8e7 b2a3 c6a5 b3c2 e8g8 g3g4 a5c4 g1e2 c8e6 a1b1 f6d7 e2g3
Position; fen rnbqkbnr/1ppp1ppp/8/p3p3/8/2N2P2/PPPPP1PP/R1BQKBNR w KQkq - 0 3
Moves; c3b5 a5a4 b5c7 d8c7 h2h4 d7d5 c2c3 a4a3 d1b3 b8c6 e2e3 g8f6 g2g3
Warning; Bestmove does not match beginning of last PV - move d5b4 from B
Info; info depth 17 seldepth 32 multipv 1 score cp 853 nodes 327638 nps 1092126 hashfull 123 tbhits 0 time 300 pv d5c3 d1e1 f8b4 a3c2 b4a5 c1d2 b6b5 g1e2 c3d5 d2a5 d8a5 e1f2 f5f4 e3f4 e5f4
Position; fen rnbqkbnr/p1ppp1pp/1p6/5p2/8/N2P4/PPP1PPPP/R1BQKBNR w KQkq - 0 3
Moves; c2c3 g8f6 e2e3 e7e5 b2b4 a7a5 d1f3 d7d5 e1d1 a5b4 f3d5 f6d5 c3b4 c7c6 f2f3
Warning; Bestmove does not match beginning of last PV - move a5b5 from B
Info; info depth 15 seldepth 17 multipv 1 score cp 535 nodes 58990 nps 196633 hashfull 18 tbhits 0 time 300 pv g7h6 d2d4 c8f5 d4e5 b8d7 f1g2 d7e5 g3g4 f5h7
Position; fen rnbqkbnr/pp1pppp1/2p4p/8/7P/5N2/PPPPPPP1/RNBQKB1R w KQkq - 0 3
Moves; f3g5 h6g5 h4g5 h8h1 f2f3 h1f1 e1f1 d7d5 e2e3 g8h6 c2c3 e7e5 g2g3 d8a5 g5h6
Warning; Bestmove does not match beginning of last PV - move e5c4 from B
Info; info depth 20 seldepth 2 multipv 1 score mate 1 nodes 169092 nps 563640 hashfull 69 tbhits 0 time 300 pv f7d5
Position; fen rnbqkbnr/p1ppp1pp/1p6/5p2/8/N2P4/PPP1PPPP/R1BQKBNR w KQkq - 0 3
Moves; h2h4 h7h6 a3c4 a7a6 c2c3 e8f7 c4e5 f7f6 d3d4 f5f4 e2e4 a8a7 d1h5 f6e6 h5f7 e6d6
Finished game 4 (B vs A): 1-0 {White mates}
Started game 6 of 16 (B vs A)
Warning; Bestmove does not match beginning of last PV - move b6b5 from B
Info; info depth 17 seldepth 26 multipv 1 score cp 956 nodes 312031 nps 1040103 hashfull 136 tbhits 0 time 300 pv c8a6 d3d4 a6f1 g1e2 f1e2 d1e2 f8e7 a3c4 e5d4 e3d4 b6b5 c4b6 d8b6
Position; fen rnbqkbnr/p1ppp1pp/1p6/5p2/8/N2P4/PPP1PPPP/R1BQKBNR w KQkq - 0 3
Moves; c2c3 g8f6 e2e3 e7e5 b2b4 a7a5 d1f3 d7d5 e1d1 a5b4 f3d5 f6d5 c3b4 c7c6 f2f3 d5b4 h2h3
Warning; Bestmove does not match beginning of last PV - move a2a3 from B
Info; info depth 11 seldepth 19 multipv 1 score cp 11 nodes 53448 nps 176396 hashfull 17 tbhits 0 time 303 pv d2d4 d8h4 g2g3 h4d4 d1d4 e5d4 c3b5 b8a6 c1f4 f8b4 c2c3 d4c3 b2c3 b4c5 f4c7 d7d5 c7f4 g8f6
Position; fen rnbqkbnr/1ppp1ppp/8/p3p3/8/2N2P2/PPPPP1PP/R1BQKBNR w KQkq - 0 3
Moves; 
Warning; Bestmove does not match beginning of last PV - move f2g3 from B
Info; info depth 18 seldepth 24 multipv 1 score cp 1051 nodes 368100 nps 1227000 hashfull 135 tbhits 0 time 300 pv f2f6 h8g8 c1f4 d7d6 f6d8 c7b8 d8f8 g8f8 f4d6 a6c7 d6f8 c6c5 f8c5 g6h5 c5d6 c8d7 c4c5
Position; fen rnbqkbnr/pp1pppp1/2p4p/8/7P/5N2/PPPPPPP1/RNBQKB1R w KQkq - 0 3
Moves; e2e4 d8b6 c2c4 e8d8 f3e5 g7g6 e5f7 d8c7 h4h5 b6d4 d1f3 e7e6 b1c3 d4f2 f3f2 b8a6 d2d4 g8f6
Warning; Bestmove does not match beginning of last PV - move b7a6 from B
Info; info depth 16 seldepth 23 multipv 1 score cp 803 nodes 115784 nps 382125 hashfull 49 tbhits 0 time 303 pv a8a6 c1b2 c7g3 h3f2 f6g4 e1c1 g4f2 h1g1 g3c7
Position; fen rnbqkbnr/1ppp1ppp/8/p3p3/8/2N2P2/PPPPP1PP/R1BQKBNR w KQkq - 0 3
Moves; c3b5 a5a4 b5c7 d8c7 h2h4 d7d5 c2c3 a4a3 d1b3 b8c6 e2e3 g8f6 g2g3 h7h6 b2a3 e5e4 g1h3 e4f3 f1a6
Warning; Bestmove does not match beginning of last PV - move e2e3 from B
Info; info depth 11 seldepth 26 multipv 1 score cp 19 nodes 68986 nps 229189 hashfull 21 tbhits 0 time 301 pv d2d4 d8h4 g2g3 h4d4 d1d4 e5d4 c3b5 b8a6 c1f4 c7c6 b5d4 d7d5 f4d2 a6c5 e2e3 h6h5 g1e2 c5a4
Position; fen rnbqkbnr/1ppp1ppp/8/p3p3/8/2N2P2/PPPPP1PP/R1BQKBNR w KQkq - 0 3
Moves; a2a3 h7h6
Warning; Bestmove does not match beginning of last PV - move c3b5 from B
Info; info depth 18 seldepth 10 multipv 1 score mate 5 nodes 257767 nps 859223 hashfull 113 tbhits 0 time 300 pv g3d6 c7b6 c3a4 b6a5 c1d2 a6b4 d6b4 a5a6 a4c5
Position; fen rnbqkbnr/pp1pppp1/2p4p/8/7P/5N2/PPPPPPP1/RNBQKB1R w KQkq - 0 3
Moves; e2e4 d8b6 c2c4 e8d8 f3e5 g7g6 e5f7 d8c7 h4h5 b6d4 d1f3 e7e6 b1c3 d4f2 f3f2 b8a6 d2d4 g8f6 f2g3 f8d6
Warning; Bestmove does not match beginning of last PV - move d3h7 from B
Info; info depth 16 seldepth 20 multipv 1 score cp 593 nodes 78296 nps 257552 hashfull 32 tbhits 0 time 304 pv b7b6 d1f1 d3h7 d2d4 c8a6 f1g2 h7c2 b1d2 b8d7 e3e4
Position; fen rnbqkbnr/pp1pppp1/2p4p/8/7P/5N2/PPPPPPP1/RNBQKB1R w KQkq - 0 3
Moves; f3g5 h6g5 h4g5 h8h1 f2f3 h1f1 e1f1 d7d5 e2e3 g8h6 c2c3 e7e5 g2g3 d8a5 g5h6 a5b5 f1g1 b5d3 h6g7 f8g7 g1f2
Warning; Bestmove does not match beginning of last PV - move a8a7 from B
Info; info depth 17 seldepth 25 multipv 1 score cp 800 nodes 191974 nps 639913 hashfull 71 tbhits 0 time 300 pv a8b8 b3c2 f8d6 c1b2 b8b2 c2b2 e8g8 b2c2 c6e5
Position; fen rnbqkbnr/1ppp1ppp/8/p3p3/8/2N2P2/PPPPP1PP/R1BQKBNR w KQkq - 0 3
Moves; c3b5 a5a4 b5c7 d8c7 h2h4 d7d5 c2c3 a4a3 d1b3 b8c6 e2e3 g8f6 g2g3 h7h6 b2a3 e5e4 g1h3 e4f3 f1a6 b7a6 h3f2
Warning; Bestmove does not match beginning of last PV - move f3f4 from B
Info; info depth 12 seldepth 22 multipv 1 score cp 122 nodes 75024 nps 249249 hashfull 23 tbhits 0 time 301 pv d2d4 e5d4 e3d4 g8f6 c1f4 d7d6 d1d2 c7c6 e1c1 b7b5 d4d5 b5b4 d5c6 b4c3 d2c3
Position; fen rnbqkbnr/1ppp1ppp/8/p3p3/8/2N2P2/PPPPP1PP/R1BQKBNR w KQkq - 0 3
Moves; a2a3 h7h6 e2e3 a8a7
Warning; Bestmove does not match beginning of last PV - move f7d6 from B
Info; info depth 18 seldepth 25 multipv 1 score mate 9 nodes 327598 nps 1091993 hashfull 131 tbhits 0 time 300 pv g3d6 f6d5 c4c5 a6c5 d6c5 b6a5 f7h8 d7d6 b5d6 b7b5 e4d5 c8d7 c1d2 a5a6 c5a3 a6b6 a3a5
Position; fen rnbqkbnr/pp1pppp1/2p4p/8/7P/5N2/PPPPPPP1/RNBQKB1R w KQkq - 0 3
Moves; e2e4 d8b6 c2c4 e8d8 f3e5 g7g6 e5f7 d8c7 h4h5 b6d4 d1f3 e7e6 b1c3 d4f2 f3f2 b8a6 d2d4 g8f6 f2g3 f8d6 c3b5 c7b6
Warning; Bestmove does not match beginning of last PV - move h8g8 from B
Info; info depth 17 seldepth 26 multipv 1 score cp 949 nodes 294526 nps 981753 hashfull 110 tbhits 0 time 300 pv c7d8 b1b3 a6d3 f1d3 a8a2 c1b2 a2b2 b3b2 d8d3 d1e1 d3e3 e1d1 e3d4 b2d2 d4a1 d1e2
Position; fen rnbqkbnr/p1ppp1pp/1p6/5p2/8/N2P4/PPP1PPPP/R1BQKBNR w KQkq - 0 3
Moves; c2c3 g8f6 e2e3 e7e5 b2b4 a7a5 d1f3 d7d5 e1d1 a5b4 f3d5 f6d5 c3b4 c7c6 f2f3 d5b4 h2h3 b6b5 a3b5 c8a6 b5c7 d8c7 a1b1
Warning; Bestmove does not match beginning of last PV - move a7a5 from B
Info; info depth 16 seldepth 31 multipv 1 score cp 890 nodes 152877 nps 509590 hashfull 60 tbhits 0 time 300 pv e5e4 f2g1 e4f3 b3d1 f3f2 g1f2 h7h2 f2f3 c8h3 f3f4 h2f2 d1f3
Position; fen rnbqkbnr/pp1pppp1/2p4p/8/7P/5N2/PPPPPPP1/RNBQKB1R w KQkq - 0 3
Moves; f3g5 h6g5 h4g5 h8h1 f2f3 h1f1 e1f1 d7d5 e2e3 g8h6 c2c3 e7e5 g2g3 d8a5 g5h6 a5b5 f1g1 b5d3 h6g7 f8g7 g1f2 d3h7 d1b3
Warning; Bestmove does not match beginning of last PV - move a6a5 from B
Info; info depth 17 seldepth 20 multipv 1 score cp 851 nodes 164108 nps 547026 hashfull 63 tbhits 0 time 300 pv c7g3 b3c2 g3g2 f1e1 f6g4 d2d3 g4f2 h1f1 f2g4 c2g2 f3g2 f1g1 d5d4
Position; fen rnbqkbnr/1ppp1ppp/8/p3p3/8/2N2P2/PPPPP1PP/R1BQKBNR w KQkq - 0 3
Moves; c3b5 a5a4 b5c7 d8c7 h2h4 d7d5 c2c3 a4a3 d1b3 b8c6 e2e3 g8f6 g2g3 h7h6 b2a3 e5e4 g1h3 e4f3 f1a6 b7a6 h3f2 a8a7 e1f1
Warning; Bestmove does not match beginning of last PV - move d6c8 from B
Info; info depth 20 seldepth 10 multipv 1 score mate 5 nodes 248480 nps 828266 hashfull 92 tbhits 0 time 300 pv c4c5 a6c5 d4c5 b6c5 g3a3 c5b6 d6c4 b6b5 a3a5
Position; fen rnbqkbnr/pp1pppp1/2p4p/8/7P/5N2/PPPPPPP1/RNBQKB1R w KQkq - 0 3
Moves; e2e4 d8b6 c2c4 e8d8 f3e5 g7g6 e5f7 d8c7 h4h5 b6d4 d1f3 e7e6 b1c3 d4f2 f3f2 b8a6 d2d4 g8f6 f2g3 f8d6 c3b5 c7b6 f7d6 f6g4
Warning; Bestmove does not match beginning of last PV - move b4d3 from B
Info; info depth 18 seldepth 28 multipv 1 score cp 995 nodes 348770 nps 1162566 hashfull 124 tbhits 0 time 300 pv a6d3 f1d3 c7d8 b1b3 a8a2 c1b2 b4d3 d1c2 b8a6 g1e2 a2b2 b3b2 a6b4 c2b1 d3b2 e2c3 d8d3 b1a1
Position; fen rnbqkbnr/p1ppp1pp/1p6/5p2/8/N2P4/PPP1PPPP/R1BQKBNR w KQkq - 0 3
Moves; c2c3 g8f6 e2e3 e7e5 b2b4 a7a5 d1f3 d7d5 e1d1 a5b4 f3d5 f6d5 c3b4 c7c6 f2f3 d5b4 h2h3 b6b5 a3b5 c8a6 b5c7 d8c7 a1b1 h8g8 g2g4
Warning; Bestmove does not match beginning of last PV - move e5e4 from B
Info; info depth 16 seldepth 25 multipv 1 score cp 845 nodes 105066 nps 350220 hashfull 47 tbhits 0 time 300 pv h7h2 f2e1 h2g1 e1e2 e5e4 g3g4 e4f3 e2d3 a5a4 b3b4 f3f2 d3c2 f2f1q b2b3 f1f6 e3e4
Position; fen rnbqkbnr/pp1pppp1/2p4p/8/7P/5N2/PPPPPPP1/RNBQKB1R w KQkq - 0 3
Moves; f3g5 h6g5 h4g5 h8h1 f2f3 h1f1 e1f1 d7d5 e2e3 g8h6 c2c3 e7e5 g2g3 d8a5 g5h6 a5b5 f1g1 b5d3 h6g7 f8g7 g1f2 d3h7 d1b3 a7a5 b1a3
Warning; Bestmove does not match beginning of last PV - move a7b7 from B
Info; info depth 16 seldepth 22 multipv 1 score cp 802 nodes 127862 nps 423384 hashfull 49 tbhits 0 time 302 pv c6e5 d2d4 e5c4 a1b1 f8d6 b3a4 c8d7 a4c2 e8g8 g3g4 f8b8 b1b8 c7b8
Position; fen rnbqkbnr/1ppp1ppp/8/p3p3/8/2N2P2/PPPPP1PP/R1BQKBNR w KQkq - 0 3
Moves; c3b5 a5a4 b5c7 d8c7 h2h4 d7d5 c2c3 a4a3 d1b3 b8c6 e2e3 g8f6 g2g3 h7h6 b2a3 e5e4 g1h3 e4f3 f1a6 b7a6 h3f2 a8a7 e1f1 a6a5 h1g1
Warning; Bestmove does not match beginning of last PV - move d3f2 from B
Info; info depth 18 seldepth 24 multipv 1 score cp 961 nodes 366681 nps 1222270 hashfull 140 tbhits 0 time 300 pv d3c1 f1a6 b8a6 b1c1 a6b4 h1h2 b4a2 c1b1 a2c3 d1c2 c3d5 b1b3 a8a2 c2b1 a2h2 g1e2 h2e2
Position; fen rnbqkbnr/p1ppp1pp/1p6/5p2/8/N2P4/PPP1PPPP/R1BQKBNR w KQkq - 0 3
Moves; c2c3 g8f6 e2e3 e7e5 b2b4 a7a5 d1f3 d7d5 e1d1 a5b4 f3d5 f6d5 c3b4 c7c6 f2f3 d5b4 h2h3 b6b5 a3b5 c8a6 b5c7 d8c7 a1b1 h8g8 g2g4 b4d3 g4f5
Warning; Bestmove does not match beginning of last PV - move d5e4 from B
Info; info depth 17 seldepth 32 multipv 1 score mate 16 nodes 169658 nps 563647 hashfull 65 tbhits 0 time 301 pv h7h2 f2e1 h2g1 e1e2 a5a4 b3b5 c6b5 e2d3 g1d1 e4e5 c8f5 d3d4 d1g4 e3e4 g4e4 d4c5 b8d7 c5b5 e4e5 d2d4 e5e2 c3c4 e2e6 c4c5 e6e2 b5b4 e2e1 b4b5 f5d3 a3c4 d3c4
Position; fen rnbqkbnr/pp1pppp1/2p4p/8/7P/5N2/PPPPPPP1/RNBQKB1R w KQkq - 0 3
Moves; f3g5 h6g5 h4g5 h8h1 f2f3 h1f1 e1f1 d7d5 e2e3 g8h6 c2c3 e7e5 g2g3 d8a5 g5h6 a5b5 f1g1 b5d3 h6g7 f8g7 g1f2 d3h7 d1b3 a7a5 b1a3 e5e4 f3e4
Warning; Bestmove does not match beginning of last PV - move f8d6 from B
Info; info depth 15 seldepth 24 multipv 1 score cp 805 nodes 105037 nps 348960 hashfull 36 tbhits 0 time 301 pv c8d7 a4c2 c6e5 g3g4 e5g6 f1e1 g6h4 g4g5 h6g5
Position; fen rnbqkbnr/1ppp1ppp/8/p3p3/8/2N2P2/PPPPP1PP/R1BQKBNR w KQkq - 0 3
Moves; c3b5 a5a4 b5c7 d8c7 h2h4 d7d5 c2c3 a4a3 d1b3 b8c6 e2e3 g8f6 g2g3 h7h6 b2a3 e5e4 g1h3 e4f3 f1a6 b7a6 h3f2 a8a7 e1f1 a6a5 h1g1 a7b7 b3a4
Warning; Bestmove does not match beginning of last PV - move a1a2 from B
Info; info depth 17 seldepth 19 multipv 1 score cp 791 nodes 273847 nps 912823 hashfull 102 tbhits 0 time 300 pv d2d4 e8d8 g1f3 a5a4 e3f4 b8c6 d4d5 c6a5 d5d6 f8d6
Position; fen rnbqkbnr/1ppp1ppp/8/p3p3/8/2N2P2/PPPPP1PP/R1BQKBNR w KQkq - 0 3
Moves; a2a3 h7h6 e2e3 a8a7 f3f4 d8h4 g2g3 e5f4 g3h4 f7f6
Warning; Bestmove does not match beginning of last PV - move b8a6 from B
Info; info depth 16 seldepth 8 multipv 1 score mate 4 nodes 79317 nps 262639 hashfull 24 tbhits 0 time 302 pv h7h2 f2f1 c8h3 f1e1 h2g1 e1e2 h3g4
Position; fen rnbqkbnr/pp1pppp1/2p4p/8/7P/5N2/PPPPPPP1/RNBQKB1R w KQkq - 0 3
Moves; f3g5 h6g5 h4g5 h8h1 f2f3 h1f1 e1f1 d7d5 e2e3 g8h6 c2c3 e7e5 g2g3 d8a5 g5h6 a5b5 f1g1 b5d3 h6g7 f8g7 g1f2 d3h7 d1b3 a7a5 b1a3 e5e4 f3e4 d5e4 b3d1
Warning; Bestmove does not match beginning of last PV - move c8e6 from B
Info; info depth 16 seldepth 19 multipv 1 score cp 851 nodes 148048 nps 493493 hashfull 53 tbhits 0 time 300 pv c6e5 f1e1 e8g8 g3g4 f6g4 f2g4 c8g4 d2d4 c7c3 d1d2
Position; fen rnbqkbnr/1ppp1ppp/8/p3p3/8/2N2P2/PPPPP1PP/R1BQKBNR w KQkq - 0 3
Moves; c3b5 a5a4 b5c7 d8c7 h2h4 d7d5 c2c3 a4a3 d1b3 b8c6 e2e3 g8f6 g2g3 h7h6 b2a3 e5e4 g1h3 e4f3 f1a6 b7a6 h3f2 a8a7 e1f1 a6a5 h1g1 a7b7 b3a4 f8d6 a4d1
Warning; Bestmove does not match beginning of last PV - move a6f1 from B
Info; info depth 17 seldepth 31 multipv 1 score cp 1059 nodes 348339 nps 1161130 hashfull 132 tbhits 0 time 300 pv g7f6 g1e2 a6e2 e1e2 a8a2 b1b2 a2b2 c1b2 g8g1 h3h4 h1g3 e2f2 g1f1 f2g2
Position; fen rnbqkbnr/p1ppp1pp/1p6/5p2/8/N2P4/PPP1PPPP/R1BQKBNR w KQkq - 0 3
Moves; c2c3 g8f6 e2e3 e7e5 b2b4 a7a5 d1f3 d7d5 e1d1 a5b4 f3d5 f6d5 c3b4 c7c6 f2f3 d5b4 h2h3 b6b5 a3b5 c8a6 b5c7 d8c7 a1b1 h8g8 g2g4 b4d3 g4f5 d3f2 d1e1 f2h1 f5f6
Warning; Bestmove does not match beginning of last PV - move h7f5 from B
Info; info depth 19 seldepth 8 multipv 1 score mate 4 nodes 130516 nps 435053 hashfull 45 tbhits 0 time 300 pv h7h2 f2f1 c8h3 f1e1 h2g1 e1e2 h3g4
Position; fen rnbqkbnr/pp1pppp1/2p4p/8/7P/5N2/PPPPPPP1/RNBQKB1R w KQkq - 0 3
Moves; f3g5 h6g5 h4g5 h8h1 f2f3 h1f1 e1f1 d7d5 e2e3 g8h6 c2c3 e7e5 g2g3 d8a5 g5h6 a5b5 f1g1 b5d3 h6g7 f8g7 g1f2 d3h7 d1b3 a7a5 b1a3 e5e4 f3e4 d5e4 b3d1 b8a6 d1b3
Warning; Bestmove does not match beginning of last PV - move h8f8 from B
Info; info depth 16 seldepth 27 multipv 1 score cp 800 nodes 145471 nps 481692 hashfull 60 tbhits 0 time 302 pv c6e5 f3e2 e8g8 f1g2 e5g4 f2g4 e6g4 e2f2 c7c8
Position; fen rnbqkbnr/1ppp1ppp/8/p3p3/8/2N2P2/PPPPP1PP/R1BQKBNR w KQkq - 0 3
Moves; c3b5 a5a4 b5c7 d8c7 h2h4 d7d5 c2c3 a4a3 d1b3 b8c6 e2e3 g8f6 g2g3 h7h6 b2a3 e5e4 g1h3 e4f3 f1a6 b7a6 h3f2 a8a7 e1f1 a6a5 h1g1 a7b7 b3a4 f8d6 a4d1 c8e6 d1f3
Warning; Bestmove does not match beginning of last PV - move g1f3 from B
Info; info depth 16 seldepth 20 multipv 1 score cp 803 nodes 203229 nps 677430 hashfull 79 tbhits 0 time 300 pv e3e4 b8c6 f1b5 a7a8 g1e2 e8d8 b5c6 b7c6 h1g1 g8e7 g1g3
Position; fen rnbqkbnr/1ppp1ppp/8/p3p3/8/2N2P2/PPPPP1PP/R1BQKBNR w KQkq - 0 3
Moves; a2a3 h7h6 e2e3 a8a7 f3f4 d8h4 g2g3 e5f4 g3h4 f7f6 a1a2 f4e3 d2e3 d7d6
Warning; Bestmove does not match beginning of last PV - move f5h7 from B
Info; info depth 19 seldepth 24 multipv 1 score mate 10 nodes 170784 nps 569280 hashfull 60 tbhits 0 time 300 pv f5f3 b3c4 g7e5 d2d4 e4d3 c4d3 c8g4 d3f1 e5g3 e1d2 f3f1 d2c2 f1d1 c2b1 g4f5 e3e4 f5e4 a3c2 d1c2
Position; fen rnbqkbnr/pp1pppp1/2p4p/8/7P/5N2/PPPPPPP1/RNBQKB1R w KQkq - 0 3
Moves; f3g5 h6g5 h4g5 h8h1 f2f3 h1f1 e1f1 d7d5 e2e3 g8h6 c2c3 e7e5 g2g3 d8a5 g5h6 a5b5 f1g1 b5d3 h6g7 f8g7 g1f2 d3h7 d1b3 a7a5 b1a3 e5e4 f3e4 d5e4 b3d1 b8a6 d1b3 h7f5 f2e1
Warning; Bestmove does not match beginning of last PV - move a5a4 from B
Info; info depth 16 seldepth 23 multipv 1 score cp 866 nodes 160855 nps 534401 hashfull 65 tbhits 0 time 301 pv d5c4 d2d4 c4d3 e3e4 c6d4 f3d1 d3d2 d1a4 e6d7 a4d4 d2c1b
Position; fen rnbqkbnr/1ppp1ppp/8/p3p3/8/2N2P2/PPPPP1PP/R1BQKBNR w KQkq - 0 3
Moves; c3b5 a5a4 b5c7 d8c7 h2h4 d7d5 c2c3 a4a3 d1b3 b8c6 e2e3 g8f6 g2g3 h7h6 b2a3 e5e4 g1h3 e4f3 f1a6 b7a6 h3f2 a8a7 e1f1 a6a5 h1g1 a7b7 b3a4 f8d6 a4d1 c8e6 d1f3 h8f8 c3c4
Warning; Bestmove does not match beginning of last PV - move f1e2 from B
Info; info depth 16 seldepth 18 multipv 1 score cp 768 nodes 237131 nps 790436 hashfull 103 tbhits 0 time 300 pv e3e4 a5a4 b2b4 a4b3 c2b3 e8d8 f1g2 a7a5 b3b4 a5h5 h2h3
Position; fen rnbqkbnr/1ppp1ppp/8/p3p3/8/2N2P2/PPPPP1PP/R1BQKBNR w KQkq - 0 3
Moves; a2a3 h7h6 e2e3 a8a7 f3f4 d8h4 g2g3 e5f4 g3h4 f7f6 a1a2 f4e3 d2e3 d7d6 g1f3 b8c6
Finished game 2 (B vs A): 1-0 {White mates}
Started game 7 of 16 (A vs B)
Warning; Bestmove does not match beginning of last PV - move c7a5 from B
Info; info depth 33 seldepth 10 multipv 1 score mate 5 nodes 346867 nps 1156223 hashfull 86 tbhits 0 time 300 pv c7g7 a2a3 g7g2 a3a4 g2f2 e1d1 b8d8 c1d2 f2d2
Position; fen rnbqkbnr/p1ppp1pp/1p6/5p2/8/N2P4/PPP1PPPP/R1BQKBNR w KQkq - 0 3
Moves; c2c3 g8f6 e2e3 e7e5 b2b4 a7a5 d1f3 d7d5 e1d1 a5b4 f3d5 f6d5 c3b4 c7c6 f2f3 d5b4 h2h3 b6b5 a3b5 c8a6 b5c7 d8c7 a1b1 h8g8 g2g4 b4d3 g4f5 d3f2 d1e1 f2h1 f5f6 a6f1 b1b8 a8b8 f6g7
Warning; Bestmove does not match beginning of last PV - move d6e7 from B
Info; info depth 16 seldepth 19 multipv 1 score cp 753 nodes 99500 nps 330564 hashfull 42 tbhits 0 time 301 pv d6c5 f1g2 d5d4 e3e4 c6e5
Position; fen rnbqkbnr/1ppp1ppp/8/p3p3/8/2N2P2/PPPPP1PP/R1BQKBNR w KQkq - 0 3
Moves; c3b5 a5a4 b5c7 d8c7 h2h4 d7d5 c2c3 a4a3 d1b3 b8c6 e2e3 g8f6 g2g3 h7h6 b2a3 e5e4 g1h3 e4f3 f1a6 b7a6 h3f2 a8a7 e1f1 a6a5 h1g1 a7b7 b3a4 f8d6 a4d1 c8e6 d1f3 h8f8 c3c4 a5a4 c4c5
Warning; Bestmove does not match beginning of last PV - move e2d3 from B
Info; info depth 17 seldepth 23 multipv 1 score cp 843 nodes 214501 nps 715003 hashfull 85 tbhits 0 time 300 pv a3b4 a5b4 e2b5 c7c6 a2a7 b4c3 a7a8 e8d7 b5c4 d6d5
Position; fen rnbqkbnr/1ppp1ppp/8/p3p3/8/2N2P2/PPPPP1PP/R1BQKBNR w KQkq - 0 3
Moves; a2a3 h7h6 e2e3 a8a7 f3f4 d8h4 g2g3 e5f4 g3h4 f7f6 a1a2 f4e3 d2e3 d7d6 g1f3 b8c6 f1e2 c6b4
Warning; Bestmove does not match beginning of last PV - move f8d6 from B
Info; info depth 36 seldepth 10 multipv 1 score mate 5 nodes 416376 nps 1387920 hashfull 86 tbhits 0 time 300 pv g8g7 g1e2 a5a2 f1e1 b8b1 e1f1 b1c1 e2c1 a2f2
Position; fen rnbqkbnr/p1ppp1pp/1p6/5p2/8/N2P4/PPP1PPPP/R1BQKBNR w KQkq - 0 3
Moves; c2c3 g8f6 e2e3 e7e5 b2b4 a7a5 d1f3 d7d5 e1d1 a5b4 f3d5 f6d5 c3b4 c7c6 f2f3 d5b4 h2h3 b6b5 a3b5 c8a6 b5c7 d8c7 a1b1 h8g8 g2g4 b4d3 g4f5 d3f2 d1e1 f2h1 f5f6 a6f1 b1b8 a8b8 f6g7 c7a5 e1f1
Warning; Bestmove does not match beginning of last PV - move f8h8 from B
Info; info depth 16 seldepth 24 multipv 1 score cp 701 nodes 182617 nps 608723 hashfull 65 tbhits 0 time 300 pv e7c5 d1c2 c5d6 c1b2 c6a5 c2c7 b7c7 b2f6 g7f6 a1b1 e8e7 f1g2 a5c4
Position; fen rnbqkbnr/1ppp1ppp/8/p3p3/8/2N2P2/PPPPP1PP/R1BQKBNR w KQkq - 0 3
Moves; c3b5 a5a4 b5c7 d8c7 h2h4 d7d5 c2c3 a4a3 d1b3 b8c6 e2e3 g8f6 g2g3 h7h6 b2a3 e5e4 g1h3 e4f3 f1a6 b7a6 h3f2 a8a7 e1f1 a6a5 h1g1 a7b7 b3a4 f8d6 a4d1 c8e6 d1f3 h8f8 c3c4 a5a4 c4c5 d6e7 f3d1
Warning; Bestmove does not match beginning of last PV - move e1d2 from B
Info; info depth 18 seldepth 24 multipv 1 score cp 892 nodes 340012 nps 1133373 hashfull 120 tbhits 0 time 300 pv d1c2 g8e7 h1g1 e8d8 c3b5 e7c6 b5a7 c6a7 e3e4 a7c6 c1e3 g7g5
Position; fen rnbqkbnr/1ppp1ppp/8/p3p3/8/2N2P2/PPPPP1PP/R1BQKBNR w KQkq - 0 3
Moves; a2a3 h7h6 e2e3 a8a7 f3f4 d8h4 g2g3 e5f4 g3h4 f7f6 a1a2 f4e3 d2e3 d7d6 g1f3 b8c6 f1e2 c6b4 e2d3 b4c2
Warning; Bestmove does not match beginning of last PV - move g8f6 from B
Info; info depth 12 seldepth 16 multipv 1 score cp 160 nodes 44440 nps 147641 hashfull 12 tbhits 0 time 301 pv d7d5 h3f2 c7c5 c1b2 e7e6 f1b5 c8d7 c2c4 d7b5 c4b5
Position; fen r1bqkbnr/ppppppp1/n6p/8/5P2/7N/PPPPP1PP/RNBQKB1R w KQkq - 1 3
Moves; b2b4 a6b4 e2e3
Warning; Bestmove does not match beginning of last PV - move a5a2 from B
Info; info depth 30 seldepth 10 multipv 1 score mate 5 nodes 259549 nps 865163 hashfull 68 tbhits 0 time 300 pv g8g7 a2a4 b8b1 e2c3 a5c3 f1e2 c3c2 c1d2 c2c4
Position; fen rnbqkbnr/p1ppp1pp/1p6/5p2/8/N2P4/PPP1PPPP/R1BQKBNR w KQkq - 0 3
Moves; c2c3 g8f6 e2e3 e7e5 b2b4 a7a5 d1f3 d7d5 e1d1 a5b4 f3d5 f6d5 c3b4 c7c6 f2f3 d5b4 h2h3 b6b5 a3b5 c8a6 b5c7 d8c7 a1b1 h8g8 g2g4 b4d3 g4f5 d3f2 d1e1 f2h1 f5f6 a6f1 b1b8 a8b8 f6g7 c7a5 e1f1 f8d6 g1e2
Warning; Bestmove does not match beginning of last PV - move h1g1 from B
Info; info depth 17 seldepth 24 multipv 1 score cp 863 nodes 281418 nps 938060 hashfull 105 tbhits 0 time 300 pv d1c2 g8e7 h1g1 e8d8 d2e1 c6c5 a2a1 a7a8 c3e2 a5a4 c1d2 g7g5 d2c3 g5g4
Position; fen rnbqkbnr/1ppp1ppp/8/p3p3/8/2N2P2/PPPPP1PP/R1BQKBNR w KQkq - 0 3
Moves; a2a3 h7h6 e2e3 a8a7 f3f4 d8h4 g2g3 e5f4 g3h4 f7f6 a1a2 f4e3 d2e3 d7d6 g1f3 b8c6 f1e2 c6b4 e2d3 b4c2 e1d2 c7c6
Warning; Bestmove does not match beginning of last PV - move h2h1 from B
Info; info depth 18 seldepth 4 multipv 1 score mate 2 nodes 97215 nps 324050 hashfull 37 tbhits 0 time 300 pv h2g1 e1e2 h3g4
Position; fen rnbqkbnr/pp1pppp1/2p4p/8/7P/5N2/PPPPPPP1/RNBQKB1R w KQkq - 0 3
Moves; f3g5 h6g5 h4g5 h8h1 f2f3 h1f1 e1f1 d7d5 e2e3 g8h6 c2c3 e7e5 g2g3 d8a5 g5h6 a5b5 f1g1 b5d3 h6g7 f8g7 g1f2 d3h7 d1b3 a7a5 b1a3 e5e4 f3e4 d5e4 b3d1 b8a6 d1b3 h7f5 f2e1 f5h7 b3b7 h7h1 e1f2 h1h2 f2f1 c8h3 f1e1
Warning; Bestmove does not match beginning of last PV - move h1g2 from B
Info; info depth 245 seldepth 2 multipv 1 score mate 1 nodes 169736 nps 3689913 hashfull 0 tbhits 0 time 46 pv h1f1
Position; fen rnbqkbnr/pp1pppp1/2p4p/8/7P/5N2/PPPPPPP1/RNBQKB1R w KQkq - 0 3
Moves; f3g5 h6g5 h4g5 h8h1 f2f3 h1f1 e1f1 d7d5 e2e3 g8h6 c2c3 e7e5 g2g3 d8a5 g5h6 a5b5 f1g1 b5d3 h6g7 f8g7 g1f2 d3h7 d1b3 a7a5 b1a3 e5e4 f3e4 d5e4 b3d1 b8a6 d1b3 h7f5 f2e1 f5h7 b3b7 h7h1 e1f2 h1h2 f2f1 c8h3 f1e1 h2h1 e1f2
Warning; Bestmove does not match beginning of last PV - move g2h1 from B
Info; info depth 45 seldepth 2 multipv 1 score mate 1 nodes 291276 nps 970920 hashfull 47 tbhits 0 time 300 pv g2f1
Position; fen rnbqkbnr/pp1pppp1/2p4p/8/7P/5N2/PPPPPPP1/RNBQKB1R w KQkq - 0 3
Moves; f3g5 h6g5 h4g5 h8h1 f2f3 h1f1 e1f1 d7d5 e2e3 g8h6 c2c3 e7e5 g2g3 d8a5 g5h6 a5b5 f1g1 b5d3 h6g7 f8g7 g1f2 d3h7 d1b3 a7a5 b1a3 e5e4 f3e4 d5e4 b3d1 b8a6 d1b3 h7f5 f2e1 f5h7 b3b7 h7h1 e1f2 h1h2 f2f1 c8h3 f1e1 h2h1 e1f2 h1g2 f2e1
Warning; Bestmove does not match beginning of last PV - move h1h2 from B
Info; info depth 245 seldepth 2 multipv 1 score mate 1 nodes 83532 nps 3093777 hashfull 0 tbhits 0 time 27 pv h1f1
Position; fen rnbqkbnr/pp1pppp1/2p4p/8/7P/5N2/PPPPPPP1/RNBQKB1R w KQkq - 0 3
Moves; f3g5 h6g5 h4g5 h8h1 f2f3 h1f1 e1f1 d7d5 e2e3 g8h6 c2c3 e7e5 g2g3 d8a5 g5h6 a5b5 f1g1 b5d3 h6g7 f8g7 g1f2 d3h7 d1b3 a7a5 b1a3 e5e4 f3e4 d5e4 b3d1 b8a6 d1b3 h7f5 f2e1 f5h7 b3b7 h7h1 e1f2 h1h2 f2f1 c8h3 f1e1 h2h1 e1f2 h1g2 f2e1 g2h1 e1f2
Warning; Bestmove does not match beginning of last PV - move b8b2 from B
Info; info depth 62 seldepth 6 multipv 1 score mate 3 nodes 796702 nps 2655673 hashfull 23 tbhits 0 time 300 pv a2c4 c3e2 b8b2 f1e1 c4e2
Position; fen rnbqkbnr/p1ppp1pp/1p6/5p2/8/N2P4/PPP1PPPP/R1BQKBNR w KQkq - 0 3
Moves; c2c3 g8f6 e2e3 e7e5 b2b4 a7a5 d1f3 d7d5 e1d1 a5b4 f3d5 f6d5 c3b4 c7c6 f2f3 d5b4 h2h3 b6b5 a3b5 c8a6 b5c7 d8c7 a1b1 h8g8 g2g4 b4d3 g4f5 d3f2 d1e1 f2h1 f5f6 a6f1 b1b8 a8b8 f6g7 c7a5 e1f1 f8d6 g1e2 a5a2 c1b2 g8g7 e2c3
Warning; Bestmove does not match beginning of last PV - move e7c5 from B
Info; info depth 15 seldepth 18 multipv 1 score cp 766 nodes 153326 nps 511086 hashfull 60 tbhits 0 time 300 pv d7c5 a4c2 c7b6 d2d3 b7b8 c1d2 d4e3 d2e3 c6e5
Position; fen rnbqkbnr/1ppp1ppp/8/p3p3/8/2N2P2/PPPPP1PP/R1BQKBNR w KQkq - 0 3
Moves; c3b5 a5a4 b5c7 d8c7 h2h4 d7d5 c2c3 a4a3 d1b3 b8c6 e2e3 g8f6 g2g3 h7h6 b2a3 e5e4 g1h3 e4f3 f1a6 b7a6 h3f2 a8a7 e1f1 a6a5 h1g1 a7b7 b3a4 f8d6 a4d1 c8e6 d1f3 h8f8 c3c4 a5a4 c4c5 d6e7 f3d1 f8h8 f2d3 d5d4 d1a4 f6d7 d3f2
Warning; Bestmove does not match beginning of last PV - move c3b5 from B
Info; info depth 18 seldepth 21 multipv 1 score cp 1023 nodes 278972 nps 929906 hashfull 110 tbhits 0 time 300 pv f3d4 c8d7 d3f5 c6c5 d4b5 d7b5 c3b5 a7a6 c2e4 e7d8 e4b7 g8e7 b7a6 e7f5 a6a5 d8e8
Position; fen rnbqkbnr/1ppp1ppp/8/p3p3/8/2N2P2/PPPPP1PP/R1BQKBNR w KQkq - 0 3
Moves; a2a3 h7h6 e2e3 a8a7 f3f4 d8h4 g2g3 e5f4 g3h4 f7f6 a1a2 f4e3 d2e3 d7d6 g1f3 b8c6 f1e2 c6b4 e2d3 b4c2 e1d2 c7c6 h1g1 b7b5 d1c2 e8e7
Warning; Bestmove does not match beginning of last PV - move g1f1 from B
Info; info depth 245 seldepth 2 multipv 1 score mate 1 nodes 913205 nps 3697186 hashfull 3 tbhits 0 time 247 pv h3g4
Position; fen rnbqkbnr/pp1pppp1/2p4p/8/7P/5N2/PPPPPPP1/RNBQKB1R w KQkq - 0 3
Moves; f3g5 h6g5 h4g5 h8h1 f2f3 h1f1 e1f1 d7d5 e2e3 g8h6 c2c3 e7e5 g2g3 d8a5 g5h6 a5b5 f1g1 b5d3 h6g7 f8g7 g1f2 d3h7 d1b3 a7a5 b1a3 e5e4 f3e4 d5e4 b3d1 b8a6 d1b3 h7f5 f2e1 f5h7 b3b7 h7h1 e1f2 h1h2 f2f1 c8h3 f1e1 h2h1 e1f2 h1g2 f2e1 g2h1 e1f2 h1h2 f2e1 h2g1 e1e2
Finished game 1 (A vs B): 0-1 {Black mates}
Started game 8 of 16 (B vs A)
Warning; Bestmove does not match beginning of last PV - move d6c5 from B
Info; info depth 245 seldepth 4 multipv 1 score mate 2 nodes 574098 nps 3086548 hashfull 1 tbhits 0 time 186 pv b2f2 f1e1 g7g1
Position; fen rnbqkbnr/p1ppp1pp/1p6/5p2/8/N2P4/PPP1PPPP/R1BQKBNR w KQkq - 0 3
Moves; c2c3 g8f6 e2e3 e7e5 b2b4 a7a5 d1f3 d7d5 e1d1 a5b4 f3d5 f6d5 c3b4 c7c6 f2f3 d5b4 h2h3 b6b5 a3b5 c8a6 b5c7 d8c7 a1b1 h8g8 g2g4 b4d3 g4f5 d3f2 d1e1 f2h1 f5f6 a6f1 b1b8 a8b8 f6g7 c7a5 e1f1 f8d6 g1e2 a5a2 c1b2 g8g7 e2c3 b8b2 c3a2
Warning; Bestmove does not match beginning of last PV - move a7a6 from B
Info; info depth 18 seldepth 24 multipv 1 score cp 652 nodes 318420 nps 1061400 hashfull 124 tbhits 0 time 300 pv d1c2 b1a3 c2a4 b4a5 a7a6 f4f5 b7b6 a5c3 d8c8 c3b2 c7c5 h3f2 c8f5 f1d3
Position; fen r1bqkbnr/ppppppp1/n6p/8/5P2/7N/PPPPP1PP/RNBQKB1R w KQkq - 1 3
Moves; b2b4 a6b4 e2e3 g8f6 e1e2 d7d5 c1a3 c8g4 e2e1 g4d1 a3b4
Finished game 3 (A vs B): 0-1 {Black mates}
Started game 9 of 16 (A vs B)
Warning; Bestmove does not match beginning of last PV - move a2a3 from B
Info; info depth 12 seldepth 22 multipv 1 score cp 34 nodes 71616 nps 238720 hashfull 22 tbhits 0 time 300 pv b1c3 d7d5 h3f2 g8f6 e2e4 d5e4 f1a6 b7a6 e1g1 c8f5 f1e1 e7e6 c3e4 f6e4 f2e4 f8e7 c2c3 e8g8
Position; fen r1bqkbnr/ppppppp1/n6p/8/5P2/7N/PPPPP1PP/RNBQKB1R w KQkq - 1 3
Moves; d2d4 c7c6
Warning; Bestmove does not match beginning of last PV - move d1c2 from B
Info; info depth 16 seldepth 18 multipv 1 score cp 677 nodes 199141 nps 663803 hashfull 84 tbhits 0 time 300 pv d1h5 h3f2 e7e6 f1d3 a8b8 g2g4 f8b4 g4h5 b4c5 h1g1 h8g8 e1f1
Position; fen r1bqkbnr/ppppppp1/n6p/8/5P2/7N/PPPPP1PP/RNBQKB1R w KQkq - 1 3
Moves; b2b4 a6b4 e2e3 g8f6 e1e2 d7d5 c1a3 c8g4 e2e1 g4d1 a3b4 a7a6 c2c3
Warning; Bestmove does not match beginning of last PV - move b4a5 from B
Info; info depth 13 seldepth 18 multipv 1 score cp 211 nodes 73890 nps 246300 hashfull 27 tbhits 0 time 300 pv b4e7 d2d4 e5e4 c3c4 g8f6 b1c3 c7c6 e2e3 d7d5 c4d5 c6d5 g1e2 b8c6
Position; fen rnbqk1nr/pppp1ppp/8/4p3/1b6/P7/2PPPPPP/RNBQKBNR w KQkq - 0 3
Moves; c2c3
Warning; Bestmove does not match beginning of last PV - move b1c3 from B
Info; info depth 13 seldepth 21 multipv 1 score cp 247 nodes 72915 nps 243050 hashfull 22 tbhits 0 time 300 pv e2e4 d8b6 b1c3 e7e6 f1e2 g8e7 e1g1 d7d5 f4f5 e6f5
Position; fen r1bqkbnr/ppppppp1/n6p/8/5P2/7N/PPPPP1PP/RNBQKB1R w KQkq - 1 3
Moves; d2d4 c7c6 a2a3 f7f6
Warning; Bestmove does not match beginning of last PV - move d3f5 from B
Info; info depth 19 seldepth 14 multipv 1 score mate 6 nodes 238156 nps 793853 hashfull 86 tbhits 0 time 300 pv c8b6 d7e7 c2c6 e7f7 d3c4 d6d5 c4d5 f7e7 c6d7 e7f6 d7e6
Position; fen rnbqkbnr/1ppp1ppp/8/p3p3/8/2N2P2/PPPPP1PP/R1BQKBNR w KQkq - 0 3
Moves; a2a3 h7h6 e2e3 a8a7 f3f4 d8h4 g2g3 e5f4 g3h4 f7f6 a1a2 f4e3 d2e3 d7d6 g1f3 b8c6 f1e2 c6b4 e2d3 b4c2 e1d2 c7c6 h1g1 b7b5 d1c2 e8e7 c3b5 f6f5 b5a7 h6h5 a7c8 e7d7
Warning; Bestmove does not match beginning of last PV - move c7c6 from B
Info; info depth 17 seldepth 26 multipv 1 score cp 804 nodes 176418 nps 586106 hashfull 85 tbhits 0 time 301 pv a6b5 b1a3 c2e4 h3f2 c7c6 f2e4 f6e4 f4f5 h8g8 d2d4
Position; fen r1bqkbnr/ppppppp1/n6p/8/5P2/7N/PPPPP1PP/RNBQKB1R w KQkq - 1 3
Moves; b2b4 a6b4 e2e3 g8f6 e1e2 d7d5 c1a3 c8g4 e2e1 g4d1 a3b4 a7a6 c2c3 d1c2 f1b5
Warning; Bestmove does not match beginning of last PV - move d7d6 from B
Info; info depth 14 seldepth 33 multipv 1 score cp 220 nodes 77182 nps 255569 hashfull 28 tbhits 0 time 302 pv g8f6 g1f3 e5e4 f3d4 a5b6 f1g2 c7c5 d4b3
Position; fen rnbqk1nr/pppp1ppp/8/4p3/1b6/P7/2PPPPPP/RNBQKBNR w KQkq - 0 3
Moves; c2c3 b4a5 g2g3
Warning; Bestmove does not match beginning of last PV - move h3f2 from B
Info; info depth 12 seldepth 18 multipv 1 score cp 264 nodes 58327 nps 194423 hashfull 15 tbhits 0 time 300 pv e2e4 h6h5 f4f5 d7d5 f5g6 c8h3 g2h3 e7e6 f1a6 b7a6
Position; fen r1bqkbnr/ppppppp1/n6p/8/5P2/7N/PPPPP1PP/RNBQKB1R w KQkq - 1 3
Moves; d2d4 c7c6 a2a3 f7f6 b1c3 g7g6
Warning; Bestmove does not match beginning of last PV - move f3d4 from B
Info; info depth 25 seldepth 8 multipv 1 score mate 4 nodes 227765 nps 759216 hashfull 92 tbhits 0 time 300 pv c2c6 g8f6 f3g5 f6e4 g5e4 g7g6 c6d7
Position; fen rnbqkbnr/1ppp1ppp/8/p3p3/8/2N2P2/PPPPP1PP/R1BQKBNR w KQkq - 0 3
Moves; a2a3 h7h6 e2e3 a8a7 f3f4 d8h4 g2g3 e5f4 g3h4 f7f6 a1a2 f4e3 d2e3 d7d6 g1f3 b8c6 f1e2 c6b4 e2d3 b4c2 e1d2 c7c6 h1g1 b7b5 d1c2 e8e7 c3b5 f6f5 b5a7 h6h5 a7c8 e7d7 d3f5 d7d8
Warning; Bestmove does not match beginning of last PV - move b8d7 from B
Info; info depth 14 seldepth 23 multipv 1 score cp 178 nodes 79106 nps 261940 hashfull 26 tbhits 0 time 302 pv g8f6 d2d3 e8g8 g1f3 f8e8 e1g1 d6d5 c1b2 c7c6 d1c2 b8d7
Position; fen rnbqk1nr/pppp1ppp/8/4p3/1b6/P7/2PPPPPP/RNBQKBNR w KQkq - 0 3
Moves; c2c3 b4a5 g2g3 d7d6 f1g2
Warning; Bestmove does not match beginning of last PV - move f4f5 from B
Info; info depth 13 seldepth 20 multipv 1 score cp 200 nodes 78085 nps 259418 hashfull 25 tbhits 0 time 301 pv e2e4 f6f5 b2b4 f5e4 c3e4 d7d6 c2c3 a6c7 f1d3 a7a5 e1g1
Position; fen r1bqkbnr/ppppppp1/n6p/8/5P2/7N/PPPPP1PP/RNBQKB1R w KQkq - 1 3
Moves; d2d4 c7c6 a2a3 f7f6 b1c3 g7g6 h3f2 d8b6
Warning; Bestmove does not match beginning of last PV - move e6d5 from B
Info; info depth 16 seldepth 30 multipv 1 score cp 946 nodes 186841 nps 622803 hashfull 65 tbhits 0 time 300 pv e5d5 g2h2 d5a2 a4f4 a2e2 h2h1 e2c2 f2e4 b1c1 e4d6 c5d6 f4d6 c1g1 h1g1 c2b1 g1h2
Position; fen rnbqkbnr/1ppp1ppp/8/p3p3/8/2N2P2/PPPPP1PP/R1BQKBNR w KQkq - 0 3
Moves; c3b5 a5a4 b5c7 d8c7 h2h4 d7d5 c2c3 a4a3 d1b3 b8c6 e2e3 g8f6 g2g3 h7h6 b2a3 e5e4 g1h3 e4f3 f1a6 b7a6 h3f2 a8a7 e1f1 a6a5 h1g1 a7b7 b3a4 f8d6 a4d1 c8e6 d1f3 h8f8 c3c4 a5a4 c4c5 d6e7 f3d1 f8h8 f2d3 d5d4 d1a4 f6d7 d3f2 e7c5 a4a8 c6d8 a8a4 d4e3 d2e3 c7e5 a1b1 b7b1 f1g2
Warning; Bestmove does not match beginning of last PV - move e7e6 from B
Info; info depth 17 seldepth 24 multipv 1 score cp 827 nodes 273781 nps 912603 hashfull 110 tbhits 0 time 300 pv d8b8 b1a3 c2f5 h3f2 h6h5 d2d4 f6g4 b4c5
Position; fen r1bqkbnr/ppppppp1/n6p/8/5P2/7N/PPPPP1PP/RNBQKB1R w KQkq - 1 3
Moves; b2b4 a6b4 e2e3 g8f6 e1e2 d7d5 c1a3 c8g4 e2e1 g4d1 a3b4 a7a6 c2c3 d1c2 f1b5 c7c6 b5c6 b7c6 h1f1
Warning; Bestmove does not match beginning of last PV - move d2d3 from B
Info; info depth 245 seldepth 2 multipv 1 score mate 1 nodes 83486 nps 2256378 hashfull 0 tbhits 0 time 37 pv c6d7
Position; fen rnbqkbnr/1ppp1ppp/8/p3p3/8/2N2P2/PPPPP1PP/R1BQKBNR w KQkq - 0 3
Moves; a2a3 h7h6 e2e3 a8a7 f3f4 d8h4 g2g3 e5f4 g3h4 f7f6 a1a2 f4e3 d2e3 d7d6 g1f3 b8c6 f1e2 c6b4 e2d3 b4c2 e1d2 c7c6 h1g1 b7b5 d1c2 e8e7 c3b5 f6f5 b5a7 h6h5 a7c8 e7d7 d3f5 d7d8 f3d4 d6d5 c2c6 f8b4 a3b4 g7g5
Warning; Bestmove does not match beginning of last PV - move d4e6 from B
Info; info depth 245 seldepth 2 multipv 1 score mate 1 nodes 89118 nps 2475500 hashfull 1 tbhits 0 time 36 pv c6d7
Position; fen rnbqkbnr/1ppp1ppp/8/p3p3/8/2N2P2/PPPPP1PP/R1BQKBNR w KQkq - 0 3
Moves; a2a3 h7h6 e2e3 a8a7 f3f4 d8h4 g2g3 e5f4 g3h4 f7f6 a1a2 f4e3 d2e3 d7d6 g1f3 b8c6 f1e2 c6b4 e2d3 b4c2 e1d2 c7c6 h1g1 b7b5 d1c2 e8e7 c3b5 f6f5 b5a7 h6h5 a7c8 e7d7 d3f5 d7d8 f3d4 d6d5 c2c6 f8b4 a3b4 g7g5 d2d3 a5b4
Finished game 6 (B vs A): 1-0 {White mates}
Started game 10 of 16 (B vs A)
Warning; Bestmove does not match beginning of last PV - move d5c6 from B
Info; info depth 18 seldepth 30 multipv 1 score cp 872 nodes 276000 nps 920000 hashfull 105 tbhits 0 time 300 pv b1a1 g1d1 a1a2 d1d2 a2d2 c1d2 c5e3 d2e1 d5c6 a4b3 h6h5 e1a5 e3f2 a5d8
Position; fen rnbqkbnr/1ppp1ppp/8/p3p3/8/2N2P2/PPPPP1PP/R1BQKBNR w KQkq - 0 3
Moves; c3b5 a5a4 b5c7 d8c7 h2h4 d7d5 c2c3 a4a3 d1b3 b8c6 e2e3 g8f6 g2g3 h7h6 b2a3 e5e4 g1h3 e4f3 f1a6 b7a6 h3f2 a8a7 e1f1 a6a5 h1g1 a7b7 b3a4 f8d6 a4d1 c8e6 d1f3 h8f8 c3c4 a5a4 c4c5 d6e7 f3d1 f8h8 f2d3 d5d4 d1a4 f6d7 d3f2 e7c5 a4a8 c6d8 a8a4 d4e3 d2e3 c7e5 a1b1 b7b1 f1g2 e6d5 g2h2
Warning; Bestmove does not match beginning of last PV - move a8b8 from B
Info; info depth 17 seldepth 22 multipv 1 score cp 851 nodes 232059 nps 773530 hashfull 95 tbhits 0 time 300 pv c6c5 b4a3 a8b8 g2g4 f6d7 g4g5 d8b6 f2g4 h6h5 g4e5 d7e5
Position; fen r1bqkbnr/ppppppp1/n6p/8/5P2/7N/PPPPP1PP/RNBQKB1R w KQkq - 1 3
Moves; b2b4 a6b4 e2e3 g8f6 e1e2 d7d5 c1a3 c8g4 e2e1 g4d1 a3b4 a7a6 c2c3 d1c2 f1b5 c7c6 b5c6 b7c6 h1f1 e7e6 h3f2
Warning; Bestmove does not match beginning of last PV - move d7c5 from B
Info; info depth 13 seldepth 20 multipv 1 score cp 255 nodes 70080 nps 232823 hashfull 28 tbhits 0 time 301 pv g8f6 f2f4 d7c5 d2d3 c8g4 d1c2 d8d7 h3f2 g4e6 e1g1 d7a4 c2a4 c5a4 f4f5 e6b3 b1d2
Position; fen rnbqk1nr/pppp1ppp/8/4p3/1b6/P7/2PPPPPP/RNBQKBNR w KQkq - 0 3
Moves; c2c3 b4a5 g2g3 d7d6 f1g2 b8d7 g1h3 h7h6 e2e4
Warning; Bestmove does not match beginning of last PV - move e5d5 from B
Info; info depth 16 seldepth 23 multipv 1 score cp 870 nodes 270619 nps 902063 hashfull 114 tbhits 0 time 300 pv c5d6 c4c2 b1b8 e3e4 e5e7 c1f4 d6f4 g3f4 e7h4 f2h3 h4e7 g1d1 c6e4 c2d2
Position; fen rnbqkbnr/1ppp1ppp/8/p3p3/8/2N2P2/PPPPP1PP/R1BQKBNR w KQkq - 0 3
Moves; c3b5 a5a4 b5c7 d8c7 h2h4 d7d5 c2c3 a4a3 d1b3 b8c6 e2e3 g8f6 g2g3 h7h6 b2a3 e5e4 g1h3 e4f3 f1a6 b7a6 h3f2 a8a7 e1f1 a6a5 h1g1 a7b7 b3a4 f8d6 a4d1 c8e6 d1f3 h8f8 c3c4 a5a4 c4c5 d6e7 f3d1 f8h8 f2d3 d5d4 d1a4 f6d7 d3f2 e7c5 a4a8 c6d8 a8a4 d4e3 d2e3 c7e5 a1b1 b7b1 f1g2 e6d5 g2h2 d5c6 a4c4
Warning; Bestmove does not match beginning of last PV - move e2e4 from B
Info; info depth 15 seldepth 20 multipv 1 score cp 551 nodes 64381 nps 214603 hashfull 27 tbhits 0 time 300 pv c1b2 d7d6 e2e3 c8f5 g1f3 a7a6 d2d4 b8c6 b4b5 a6b5 f1b5 a8a1 b2a1
Position; fen rnbqk1nr/pppp1ppp/8/4p3/1b6/P7/2PPPPPP/RNBQKBNR w KQkq - 0 3
Moves; a3b4 g7g6
Warning; Bestmove does not match beginning of last PV - move b1c1 from B
Info; info depth 16 seldepth 22 multipv 1 score cp 846 nodes 91461 nps 301851 hashfull 31 tbhits 0 time 303 pv c6d5 f2d3 d5e4 d3f2 e4g6 h2g2 f7f6 g1d1 h6h5 e3e4 b1b7 c1f4 b7b2 d1d2 b2d2 f4d2 c5a3
Position; fen rnbqkbnr/1ppp1ppp/8/p3p3/8/2N2P2/PPPPP1PP/R1BQKBNR w KQkq - 0 3
Moves; c3b5 a5a4 b5c7 d8c7 h2h4 d7d5 c2c3 a4a3 d1b3 b8c6 e2e3 g8f6 g2g3 h7h6 b2a3 e5e4 g1h3 e4f3 f1a6 b7a6 h3f2 a8a7 e1f1 a6a5 h1g1 a7b7 b3a4 f8d6 a4d1 c8e6 d1f3 h8f8 c3c4 a5a4 c4c5 d6e7 f3d1 f8h8 f2d3 d5d4 d1a4 f6d7 d3f2 e7c5 a4a8 c6d8 a8a4 d4e3 d2e3 c7e5 a1b1 b7b1 f1g2 e6d5 g2h2 d5c6 a4c4 e5d5 c4d5
Warning; Bestmove does not match beginning of last PV - move d2d3 from B
Info; info depth 15 seldepth 26 multipv 1 score cp 583 nodes 75973 nps 252401 hashfull 22 tbhits 0 time 301 pv d2d4 g8f6 g1f3 d7d5 f1e2 f6e4 e1g1 e5d4 d1d4 e8g8 c1b2
Position; fen rnbqk1nr/pppp1ppp/8/4p3/1b6/P7/2PPPPPP/RNBQKBNR w KQkq - 0 3
Moves; a3b4 g7g6 e2e4 c7c6
Warning; Bestmove does not match beginning of last PV - move d8a5 from B
Info; info depth 17 seldepth 20 multipv 1 score cp 816 nodes 293101 nps 977003 hashfull 114 tbhits 0 time 300 pv c2g6 b1a3 f8g8 g2g4 f6d7 e2e1 g8h7 f1g1 f7f6 d2d3
Position; fen r1bqkbnr/ppppppp1/n6p/8/5P2/7N/PPPPP1PP/RNBQKB1R w KQkq - 1 3
Moves; b2b4 a6b4 e2e3 g8f6 e1e2 d7d5 c1a3 c8g4 e2e1 g4d1 a3b4 a7a6 c2c3 d1c2 f1b5 c7c6 b5c6 b7c6 h1f1 e7e6 h3f2 a8b8 b4f8 e8f8 e1e2
Warning; Bestmove does not match beginning of last PV - move c8g4 from B
Info; info depth 15 seldepth 22 multipv 1 score cp 334 nodes 54474 nps 180976 hashfull 21 tbhits 0 time 301 pv d3c1 d1c1 g8f6 d2d3 d6d5 b1d2 d5e4 d3e4 c8e6 c1b2 a8b8 b2b5 c7c6 b5e5
Position; fen rnbqk1nr/pppp1ppp/8/4p3/1b6/P7/2PPPPPP/RNBQKBNR w KQkq - 0 3
Moves; c2c3 b4a5 g2g3 d7d6 f1g2 b8d7 g1h3 h7h6 e2e4 d7c5 a3a4 c5d3 e1e2
Warning; Bestmove does not match beginning of last PV - move d4d5 from B
Info; info depth 15 seldepth 17 multipv 1 score cp 661 nodes 69778 nps 231820 hashfull 22 tbhits 0 time 301 pv e1g1 d7d5 e4d5 e7e5 d5c6 b6c7 e2f3 g8e7
Position; fen r1bqkbnr/ppppppp1/n6p/8/5P2/7N/PPPPP1PP/RNBQKB1R w KQkq - 1 3
Moves; d2d4 c7c6 a2a3 f7f6 b1c3 g7g6 h3f2 d8b6 f4f5 a6b4 a3b4 b6b4 e2e4 b4b6 f1e2 f8g7
Warning; Bestmove does not match beginning of last PV - move b4b5 from B
Info; info depth 15 seldepth 14 multipv 1 score cp 591 nodes 65722 nps 216190 hashfull 22 tbhits 0 time 304 pv g1f3 g8f6 f1e2 d7d5 e1g1 d5e4 d3e4 d8d1 e2d1 f6e4
Position; fen rnbqk1nr/pppp1ppp/8/4p3/1b6/P7/2PPPPPP/RNBQKBNR w KQkq - 0 3
Moves; a3b4 g7g6 e2e4 c7c6 d2d3 a7a5
Warning; Bestmove does not match beginning of last PV - move c2g6 from B
Info; info depth 17 seldepth 25 multipv 1 score cp 822 nodes 319426 nps 1064753 hashfull 127 tbhits 0 time 300 pv g7g5 d2d3 g5f4 e3f4 h8g8 b1d2 f6h5 f2g4 a5c3 a1c1 c3d3 e2e1 d3g3 f1f2
Position; fen r1bqkbnr/ppppppp1/n6p/8/5P2/7N/PPPPP1PP/RNBQKB1R w KQkq - 1 3
Moves; b2b4 a6b4 e2e3 g8f6 e1e2 d7d5 c1a3 c8g4 e2e1 g4d1 a3b4 a7a6 c2c3 d1c2 f1b5 c7c6 b5c6 b7c6 h1f1 e7e6 h3f2 a8b8 b4f8 e8f8 e1e2 d8a5 h2h3
Warning; Bestmove does not match beginning of last PV - move c5b6 from B
Info; info depth 16 seldepth 19 multipv 1 score cp 559 nodes 85766 nps 284936 hashfull 29 tbhits 0 time 301 pv e8e7 f2d3 d8e6 d3f4 h8c8 g1h2 c5d6 f4e6 f7e6 d2c3
Position; fen rnbqkbnr/1ppp1ppp/8/p3p3/8/2N2P2/PPPPP1PP/R1BQKBNR w KQkq - 0 3
Moves; c3b5 a5a4 b5c7 d8c7 h2h4 d7d5 c2c3 a4a3 d1b3 b8c6 e2e3 g8f6 g2g3 h7h6 b2a3 e5e4 g1h3 e4f3 f1a6 b7a6 h3f2 a8a7 e1f1 a6a5 h1g1 a7b7 b3a4 f8d6 a4d1 c8e6 d1f3 h8f8 c3c4 a5a4 c4c5 d6e7 f3d1 f8h8 f2d3 d5d4 d1a4 f6d7 d3f2 e7c5 a4a8 c6d8 a8a4 d4e3 d2e3 c7e5 a1b1 b7b1 f1g2 e6d5 g2h2 d5c6 a4c4 e5d5 c4d5 b1c1 d5d2 c1g1 h2g1
Warning; Bestmove does not match beginning of last PV - move f1e2 from B
Info; info depth 15 seldepth 19 multipv 1 score cp 465 nodes 59936 nps 197808 hashfull 18 tbhits 0 time 303 pv d3d4 g8f6 f1b5 f6e4 g1e2 e4f2 e1f2 d8h4 f2f1 h4f6 f1g1 b7b6 b1c3 c8b7 d4d5
Position; fen rnbqk1nr/pppp1ppp/8/4p3/1b6/P7/2PPPPPP/RNBQKBNR w KQkq - 0 3
Moves; a3b4 g7g6 e2e4 c7c6 d2d3 a7a5 b4b5 c6b5
Warning; Bestmove does not match beginning of last PV - move f6d7 from B
Info; info depth 17 seldepth 22 multipv 1 score cp 787 nodes 316793 nps 1055976 hashfull 126 tbhits 0 time 300 pv c6c5 f2g4 f6g4 h3g4 a5c7 b1a3 g6h7 f4f5 e6f5 f1b1 f8e8 b1b8 c7b8 a1b1
Position; fen r1bqkbnr/ppppppp1/n6p/8/5P2/7N/PPPPP1PP/RNBQKB1R w KQkq - 1 3
Moves; b2b4 a6b4 e2e3 g8f6 e1e2 d7d5 c1a3 c8g4 e2e1 g4d1 a3b4 a7a6 c2c3 d1c2 f1b5 c7c6 b5c6 b7c6 h1f1 e7e6 h3f2 a8b8 b4f8 e8f8 e1e2 d8a5 h2h3 c2g6 a2a4
Warning; Bestmove does not match beginning of last PV - move h6h5 from B
Info; info depth 16 seldepth 20 multipv 1 score cp 533 nodes 69831 nps 231228 hashfull 25 tbhits 0 time 302 pv d8e6 a3a4 e8e7 a4a5 b6c5 e1c3 h8a8 g1h2
Position; fen rnbqkbnr/1ppp1ppp/8/p3p3/8/2N2P2/PPPPP1PP/R1BQKBNR w KQkq - 0 3
Moves; c3b5 a5a4 b5c7 d8c7 h2h4 d7d5 c2c3 a4a3 d1b3 b8c6 e2e3 g8f6 g2g3 h7h6 b2a3 e5e4 g1h3 e4f3 f1a6 b7a6 h3f2 a8a7 e1f1 a6a5 h1g1 a7b7 b3a4 f8d6 a4d1 c8e6 d1f3 h8f8 c3c4 a5a4 c4c5 d6e7 f3d1 f8h8 f2d3 d5d4 d1a4 f6d7 d3f2 e7c5 a4a8 c6d8 a8a4 d4e3 d2e3 c7e5 a1b1 b7b1 f1g2 e6d5 g2h2 d5c6 a4c4 e5d5 c4d5 b1c1 d5d2 c1g1 h2g1 c5b6 d2e1
Warning; Bestmove does not match beginning of last PV - move g1f3 from B
Info; info depth 15 seldepth 16 multipv 1 score cp 529 nodes 61266 nps 202198 hashfull 20 tbhits 0 time 303 pv d3d4 g8f6 c1g5 d8b6 b1c3 e8g8 d4e5 b5b4 c3d5 f6d5 e4d5
Position; fen rnbqk1nr/pppp1ppp/8/4p3/1b6/P7/2PPPPPP/RNBQKBNR w KQkq - 0 3
Moves; a3b4 g7g6 e2e4 c7c6 d2d3 a7a5 b4b5 c6b5 f1e2 h7h5
Warning; Bestmove does not match beginning of last PV - move a5d8 from B
Info; info depth 17 seldepth 27 multipv 1 score cp 837 nodes 336966 nps 1123220 hashfull 132 tbhits 0 time 300 pv g6b1 f1b1 b8b1 f4f5 e6f5 f2d3 g7g5 h3h4 g5h4 d3f4 b1b8 a2a1 h4h3
Position; fen r1bqkbnr/ppppppp1/n6p/8/5P2/7N/PPPPP1PP/RNBQKB1R w KQkq - 1 3
Moves; b2b4 a6b4 e2e3 g8f6 e1e2 d7d5 c1a3 c8g4 e2e1 g4d1 a3b4 a7a6 c2c3 d1c2 f1b5 c7c6 b5c6 b7c6 h1f1 e7e6 h3f2 a8b8 b4f8 e8f8 e1e2 d8a5 h2h3 c2g6 a2a4 f6d7 a1a2
Warning; Bestmove does not match beginning of last PV - move d1d3 from B
Info; info depth 14 seldepth 18 multipv 1 score cp 678 nodes 75749 nps 251657 hashfull 26 tbhits 0 time 301 pv d1g4 g7f8 a1a4 d7d6 g4f3 c8f5 f3f5 e7e5 d5e6 g8e7 f5f6
Position; fen r1bqkbnr/ppppppp1/n6p/8/5P2/7N/PPPPP1PP/RNBQKB1R w KQkq - 1 3
Moves; d2d4 c7c6 a2a3 f7f6 b1c3 g7g6 h3f2 d8b6 f4f5 a6b4 a3b4 b6b4 e2e4 b4b6 f1e2 f8g7 d4d5 g6f5 e2h5 e8d8 e4f5 d8c7
Warning; Bestmove does not match beginning of last PV - move d3d4 from B
Info; info depth 14 seldepth 18 multipv 1 score cp 598 nodes 59214 nps 194782 hashfull 21 tbhits 0 time 304 pv b1c3 b5b4 c3d5 h6g4 d3d4 d7d6 d4e5 g4f2 e1f2 c8e6 e5d6
Position; fen rnbqk1nr/pppp1ppp/8/4p3/1b6/P7/2PPPPPP/RNBQKBNR w KQkq - 0 3
Moves; a3b4 g7g6 e2e4 c7c6 d2d3 a7a5 b4b5 c6b5 f1e2 h7h5 g1f3 g8h6
Warning; Bestmove does not match beginning of last PV - move f8g8 from B
Info; info depth 17 seldepth 20 multipv 1 score cp 843 nodes 269469 nps 898230 hashfull 105 tbhits 0 time 300 pv g6b1 f1b1 b8b1 a4a5 g7g5 f2d3 b1h1 d3e5 d7e5 f4e5 h1h2 e2f1 h2h3 f1g2 h3h2 g2h2
Position; fen r1bqkbnr/ppppppp1/n6p/8/5P2/7N/PPPPP1PP/RNBQKB1R w KQkq - 1 3
Moves; b2b4 a6b4 e2e3 g8f6 e1e2 d7d5 c1a3 c8g4 e2e1 g4d1 a3b4 a7a6 c2c3 d1c2 f1b5 c7c6 b5c6 b7c6 h1f1 e7e6 h3f2 a8b8 b4f8 e8f8 e1e2 d8a5 h2h3 c2g6 a2a4 f6d7 a1a2 a5d8 g2g4
Warning; Bestmove does not match beginning of last PV - move e8f8 from B
Info; info depth 18 seldepth 25 multipv 1 score cp 819 nodes 320606 nps 1068686 hashfull 131 tbhits 0 time 300 pv c1b3 h3f4 g8f6 e3e2 b3a1 d4d1 a1c2 g2h3 a8b8 e2f1 c2e3 f2e3
Position; fen rnbqk1nr/pppp1ppp/8/4p3/1b6/P7/2PPPPPP/RNBQKBNR w KQkq - 0 3
Moves; c2c3 b4a5 g2g3 d7d6 f1g2 b8d7 g1h3 h7h6 e2e4 d7c5 a3a4 c5d3 e1e2 c8g4 e2e3 g4d1 h1d1 d3c1 d2d4 e5d4 d1d4
Warning; Bestmove does not match beginning of last PV - move f7f5 from B
Info; info depth 15 seldepth 15 multipv 1 score cp 556 nodes 90939 nps 302122 hashfull 36 tbhits 0 time 301 pv h8h5 e1c3 e8f8 g1h2 h5h4 h2g3 h4g4 g3g4
Position; fen rnbqkbnr/1ppp1ppp/8/p3p3/8/2N2P2/PPPPP1PP/R1BQKBNR w KQkq - 0 3
Moves; c3b5 a5a4 b5c7 d8c7 h2h4 d7d5 c2c3 a4a3 d1b3 b8c6 e2e3 g8f6 g2g3 h7h6 b2a3 e5e4 g1h3 e4f3 f1a6 b7a6 h3f2 a8a7 e1f1 a6a5 h1g1 a7b7 b3a4 f8d6 a4d1 c8e6 d1f3 h8f8 c3c4 a5a4 c4c5 d6e7 f3d1 f8h8 f2d3 d5d4 d1a4 f6d7 d3f2 e7c5 a4a8 c6d8 a8a4 d4e3 d2e3 c7e5 a1b1 b7b1 f1g2 e6d5 g2h2 d5c6 a4c4 e5d5 c4d5 b1c1 d5d2 c1g1 h2g1 c5b6 d2e1 h6h5 g3g4 h5g4 f2g4
Warning; Bestmove does not match beginning of last PV - move d4e5 from B
Info; info depth 14 seldepth 23 multipv 1 score cp 631 nodes 80905 nps 269683 hashfull 26 tbhits 0 time 300 pv b1c3 b8c6 d4e5 c6e5 c1h6 f8e8 h6f4 e5c6 f4g5
Position; fen rnbqk1nr/pppp1ppp/8/4p3/1b6/P7/2PPPPPP/RNBQKBNR w KQkq - 0 3
Moves; a3b4 g7g6 e2e4 c7c6 d2d3 a7a5 b4b5 c6b5 f1e2 h7h5 g1f3 g8h6 d3d4 e8g8
Warning; Bestmove does not match beginning of last PV - move g8f8 from B
Info; info depth 16 seldepth 23 multipv 1 score cp 797 nodes 322776 nps 1072345 hashfull 115 tbhits 0 time 301 pv c6c5 d2d3 c5c4 d3c4 d7c5 b1d2 g8h7 a2a1 f7f6 c4d5 e6d5 f4f5
Position; fen r1bqkbnr/ppppppp1/n6p/8/5P2/7N/PPPPP1PP/RNBQKB1R w KQkq - 1 3
Moves; b2b4 a6b4 e2e3 g8f6 e1e2 d7d5 c1a3 c8g4 e2e1 g4d1 a3b4 a7a6 c2c3 d1c2 f1b5 c7c6 b5c6 b7c6 h1f1 e7e6 h3f2 a8b8 b4f8 e8f8 e1e2 d8a5 h2h3 c2g6 a2a4 f6d7 a1a2 a5d8 g2g4 f8g8 a4a5
Warning; Bestmove does not match beginning of last PV - move d6d5 from B
Info; info depth 17 seldepth 23 multipv 1 score cp 882 nodes 250628 nps 835426 hashfull 105 tbhits 0 time 300 pv a5b4 c3b4 d8f6 e4e5 f6e5 e3d2 e5b2 d2d1
Position; fen rnbqk1nr/pppp1ppp/8/4p3/1b6/P7/2PPPPPP/RNBQKBNR w KQkq - 0 3
Moves; c2c3 b4a5 g2g3 d7d6 f1g2 b8d7 g1h3 h7h6 e2e4 d7c5 a3a4 c5d3 e1e2 c8g4 e2e3 g4d1 h1d1 d3c1 d2d4 e5d4 d1d4 e8f8 d4b4
Warning; Bestmove does not match beginning of last PV - move d5c6 from B
Info; info depth 17 seldepth 27 multipv 1 score cp 862 nodes 313885 nps 1046283 hashfull 117 tbhits 0 time 300 pv h1d1 c7d8 d3f3 c6c5 c3e2 a7a5 e2f4 c8f5 f4e6 f5e6 d5e6 f6f5 f3b7 g8f6 b7a8 d8c7 a8a5 c7c8 a5a6 c8b8
Position; fen r1bqkbnr/ppppppp1/n6p/8/5P2/7N/PPPPP1PP/RNBQKB1R w KQkq - 1 3
Moves; d2d4 c7c6 a2a3 f7f6 b1c3 g7g6 h3f2 d8b6 f4f5 a6b4 a3b4 b6b4 e2e4 b4b6 f1e2 f8g7 d4d5 g6f5 e2h5 e8d8 e4f5 d8c7 d1d3 b6f2 e1f2 d7d6
Warning; Bestmove does not match beginning of last PV - move g7f6 from B
Info; info depth 15 seldepth 20 multipv 1 score cp 710 nodes 68404 nps 226503 hashfull 30 tbhits 0 time 302 pv d7f6 e1g3 e8f7 g3e5 h8h4 e5b8 h4h1 g1f2 f6g4 f2e2
Position; fen rnbqkbnr/1ppp1ppp/8/p3p3/8/2N2P2/PPPPP1PP/R1BQKBNR w KQkq - 0 3
Moves; c3b5 a5a4 b5c7 d8c7 h2h4 d7d5 c2c3 a4a3 d1b3 b8c6 e2e3 g8f6 g2g3 h7h6 b2a3 e5e4 g1h3 e4f3 f1a6 b7a6 h3f2 a8a7 e1f1 a6a5 h1g1 a7b7 b3a4 f8d6 a4d1 c8e6 d1f3 h8f8 c3c4 a5a4 c4c5 d6e7 f3d1 f8h8 f2d3 d5d4 d1a4 f6d7 d3f2 e7c5 a4a8 c6d8 a8a4 d4e3 d2e3 c7e5 a1b1 b7b1 f1g2 e6d5 g2h2 d5c6 a4c4 e5d5 c4d5 b1c1 d5d2 c1g1 h2g1 c5b6 d2e1 h6h5 g3g4 h5g4 f2g4 f7f5 g4f6
Warning; Bestmove does not match beginning of last PV - move e1g1 from B
Info; info depth 16 seldepth 18 multipv 1 score cp 740 nodes 116025 nps 386750 hashfull 38 tbhits 0 time 300 pv c1h6 f8d8 b1c3 b5b4 c3d5 b6e6 h6e3 b8c6 e1g1 c6e5 f3e5 e6e5
Position; fen rnbqk1nr/pppp1ppp/8/4p3/1b6/P7/2PPPPPP/RNBQKBNR w KQkq - 0 3
Moves; a3b4 g7g6 e2e4 c7c6 d2d3 a7a5 b4b5 c6b5 f1e2 h7h5 g1f3 g8h6 d3d4 e8g8 d4e5 d8b6
Warning; Bestmove does not match beginning of last PV - move g6h5 from B
Info; info depth 18 seldepth 25 multipv 1 score cp 893 nodes 356883 nps 1189610 hashfull 139 tbhits 0 time 300 pv h6g5 a2a4 g5f4 a4f4 d8a5 c3c4 c6c5 b1c3
Position; fen r1bqkbnr/ppppppp1/n6p/8/5P2/7N/PPPPP1PP/RNBQKB1R w KQkq - 1 3
Moves; b2b4 a6b4 e2e3 g8f6 e1e2 d7d5 c1a3 c8g4 e2e1 g4d1 a3b4 a7a6 c2c3 d1c2 f1b5 c7c6 b5c6 b7c6 h1f1 e7e6 h3f2 a8b8 b4f8 e8f8 e1e2 d8a5 h2h3 c2g6 a2a4 f6d7 a1a2 a5d8 g2g4 f8g8 a4a5 g8f8 g4g5
Warning; Bestmove does not match beginning of last PV - move g7g5 from B
Info; info depth 18 seldepth 27 multipv 1 score cp 817 nodes 320022 nps 1066740 hashfull 123 tbhits 0 time 300 pv a8b8 b7b5 d5e4 b5b8 d8b8 g2e4 b8b2 e3f3 b2a1 h3f4 g7g5 f4d5
Position; fen rnbqk1nr/pppp1ppp/8/4p3/1b6/P7/2PPPPPP/RNBQKBNR w KQkq - 0 3
Moves; c2c3 b4a5 g2g3 d7d6 f1g2 b8d7 g1h3 h7h6 e2e4 d7c5 a3a4 c5d3 e1e2 c8g4 e2e3 g4d1 h1d1 d3c1 d2d4 e5d4 d1d4 e8f8 d4b4 d6d5 b4b7
Warning; Bestmove does not match beginning of last PV - move d3f5 from B
Info; info depth 20 seldepth 8 multipv 1 score mate 4 nodes 274691 nps 915636 hashfull 115 tbhits 0 time 300 pv c3d5 c7c6 d3c4 c6d7 c4b5 d7d8 b5e8
Position; fen r1bqkbnr/ppppppp1/n6p/8/5P2/7N/PPPPP1PP/RNBQKB1R w KQkq - 1 3
Moves; d2d4 c7c6 a2a3 f7f6 b1c3 g7g6 h3f2 d8b6 f4f5 a6b4 a3b4 b6b4 e2e4 b4b6 f1e2 f8g7 d4d5 g6f5 e2h5 e8d8 e4f5 d8c7 d1d3 b6f2 e1f2 d7d6 d5c6 c8f5
Warning; Bestmove does not match beginning of last PV - move h8g8 from B
Info; info depth 17 seldepth 23 multipv 1 score cp 839 nodes 177833 nps 592776 hashfull 57 tbhits 0 time 300 pv f5f4 g1f1 h8h4 e3f4 h4h1 f1e2 h1h2 e2e1 h2d2 e1d2 d7b8 d2c1 e8d7 c1b1 b6c5 b1a1
Position; fen rnbqkbnr/1ppp1ppp/8/p3p3/8/2N2P2/PPPPP1PP/R1BQKBNR w KQkq - 0 3
Moves; c3b5 a5a4 b5c7 d8c7 h2h4 d7d5 c2c3 a4a3 d1b3 b8c6 e2e3 g8f6 g2g3 h7h6 b2a3 e5e4 g1h3 e4f3 f1a6 b7a6 h3f2 a8a7 e1f1 a6a5 h1g1 a7b7 b3a4 f8d6 a4d1 c8e6 d1f3 h8f8 c3c4 a5a4 c4c5 d6e7 f3d1 f8h8 f2d3 d5d4 d1a4 f6d7 d3f2 e7c5 a4a8 c6d8 a8a4 d4e3 d2e3 c7e5 a1b1 b7b1 f1g2 e6d5 g2h2 d5c6 a4c4 e5d5 c4d5 b1c1 d5d2 c1g1 h2g1 c5b6 d2e1 h6h5 g3g4 h5g4 f2g4 f7f5 g4f6 g7f6 e1d2
Warning; Bestmove does not match beginning of last PV - move h2h3 from B
Info; info depth 16 seldepth 21 multipv 1 score cp 780 nodes 104649 nps 348830 hashfull 44 tbhits 0 time 300 pv c1h6 f8e8 h6e3 b6c6 e2b5 c6b5 b1c3 b5c6 c3d5 d7d6 d5f6 g8h8 f6e8
Position; fen rnbqk1nr/pppp1ppp/8/4p3/1b6/P7/2PPPPPP/RNBQKBNR w KQkq - 0 3
Moves; a3b4 g7g6 e2e4 c7c6 d2d3 a7a5 b4b5 c6b5 f1e2 h7h5 g1f3 g8h6 d3d4 e8g8 d4e5 d8b6 e1g1 b8a6
Warning; Bestmove does not match beginning of last PV - move d8c8 from B
Info; info depth 17 seldepth 25 multipv 1 score cp 929 nodes 328474 nps 1094913 hashfull 131 tbhits 0 time 300 pv c6c5 g5h6 h8h6 d3c2 h5g6 e3e4 d5e4 a2b2 e4e3 d2d3 e3f2 b2b8 d7b8
Position; fen r1bqkbnr/ppppppp1/n6p/8/5P2/7N/PPPPP1PP/RNBQKB1R w KQkq - 1 3
Moves; b2b4 a6b4 e2e3 g8f6 e1e2 d7d5 c1a3 c8g4 e2e1 g4d1 a3b4 a7a6 c2c3 d1c2 f1b5 c7c6 b5c6 b7c6 h1f1 e7e6 h3f2 a8b8 b4f8 e8f8 e1e2 d8a5 h2h3 c2g6 a2a4 f6d7 a1a2 a5d8 g2g4 f8g8 a4a5 g8f8 g4g5 g6h5 e2d3
Warning; Bestmove does not match beginning of last PV - move a8c8 from B
Info; info depth 18 seldepth 24 multipv 1 score cp 835 nodes 268157 nps 893856 hashfull 99 tbhits 0 time 300 pv a8b8 b1d2 b8b7 a1c1 c7c6 e3e2 b7e7 e2f1 e7e5 c1d1 a5c3 d1c1 e5e8 c1c3
Position; fen rnbqk1nr/pppp1ppp/8/4p3/1b6/P7/2PPPPPP/RNBQKBNR w KQkq - 0 3
Moves; c2c3 b4a5 g2g3 d7d6 f1g2 b8d7 g1h3 h7h6 e2e4 d7c5 a3a4 c5d3 e1e2 c8g4 e2e3 g4d1 h1d1 d3c1 d2d4 e5d4 d1d4 e8f8 d4b4 d6d5 b4b7 g7g5 e4e5
Warning; Bestmove does not match beginning of last PV - move h1f1 from B
Info; info depth 17 seldepth 31 multipv 1 score cp 948 nodes 263574 nps 878580 hashfull 97 tbhits 0 time 300 pv h5f3 a7a5 f3c6 c7c6 f5d5 c6d7 d5b7 d7e8 b7a8 e8f7 f2e1 f6f5 a8a5 e7e6 a5c7 g8e7 a1a7 g7c3 b2c3
Position; fen r1bqkbnr/ppppppp1/n6p/8/5P2/7N/PPPPP1PP/RNBQKB1R w KQkq - 1 3
Moves; d2d4 c7c6 a2a3 f7f6 b1c3 g7g6 h3f2 d8b6 f4f5 a6b4 a3b4 b6b4 e2e4 b4b6 f1e2 f8g7 d4d5 g6f5 e2h5 e8d8 e4f5 d8c7 d1d3 b6f2 e1f2 d7d6 d5c6 c8f5 d3f5 b7c6
Warning; Bestmove does not match beginning of last PV - move c6e4 from B
Info; info depth 18 seldepth 14 multipv 1 score mate 7 nodes 222532 nps 741773 hashfull 87 tbhits 0 time 300 pv b6c7 h2h3 g8g3 h3h2 g3g2 h2h1 g2g6 d2g2 g6g2 h4h5 g2g8 e3e4 c6e4
Position; fen rnbqkbnr/1ppp1ppp/8/p3p3/8/2N2P2/PPPPP1PP/R1BQKBNR w KQkq - 0 3
Moves; c3b5 a5a4 b5c7 d8c7 h2h4 d7d5 c2c3 a4a3 d1b3 b8c6 e2e3 g8f6 g2g3 h7h6 b2a3 e5e4 g1h3 e4f3 f1a6 b7a6 h3f2 a8a7 e1f1 a6a5 h1g1 a7b7 b3a4 f8d6 a4d1 c8e6 d1f3 h8f8 c3c4 a5a4 c4c5 d6e7 f3d1 f8h8 f2d3 d5d4 d1a4 f6d7 d3f2 e7c5 a4a8 c6d8 a8a4 d4e3 d2e3 c7e5 a1b1 b7b1 f1g2 e6d5 g2h2 d5c6 a4c4 e5d5 c4d5 b1c1 d5d2 c1g1 h2g1 c5b6 d2e1 h6h5 g3g4 h5g4 f2g4 f7f5 g4f6 g7f6 e1d2 h8g8 g1h2
Warning; Bestmove does not match beginning of last PV - move c1e3 from B
Info; info depth 15 seldepth 18 multipv 1 score cp 779 nodes 85463 nps 283930 hashfull 34 tbhits 0 time 301 pv c1h6 d7d5 h6e3 b6c7 d1d5 g8h7 d5b5 f6e5
Position; fen rnbqk1nr/pppp1ppp/8/4p3/1b6/P7/2PPPPPP/RNBQKBNR w KQkq - 0 3
Moves; a3b4 g7g6 e2e4 c7c6 d2d3 a7a5 b4b5 c6b5 f1e2 h7h5 g1f3 g8h6 d3d4 e8g8 d4e5 d8b6 e1g1 b8a6 h2h3 f7f6
Warning; Bestmove does not match beginning of last PV - move d7c5 from B
Info; info depth 18 seldepth 25 multipv 1 score cp 881 nodes 335969 nps 1119896 hashfull 134 tbhits 0 time 300 pv h8h6 f2g4 h6h8 d3e2 f7f5 e2f2 f5g4 f1h1 g4h3 a2a1 c8e8 b1a3
Position; fen r1bqkbnr/ppppppp1/n6p/8/5P2/7N/PPPPP1PP/RNBQKB1R w KQkq - 1 3
Moves; b2b4 a6b4 e2e3 g8f6 e1e2 d7d5 c1a3 c8g4 e2e1 g4d1 a3b4 a7a6 c2c3 d1c2 f1b5 c7c6 b5c6 b7c6 h1f1 e7e6 h3f2 a8b8 b4f8 e8f8 e1e2 d8a5 h2h3 c2g6 a2a4 f6d7 a1a2 a5d8 g2g4 f8g8 a4a5 g8f8 g4g5 g6h5 e2d3 d8c8 g5h6
Warning; Bestmove does not match beginning of last PV - move c8b8 from B
Info; info depth 18 seldepth 28 multipv 1 score cp 817 nodes 334019 nps 1113396 hashfull 142 tbhits 0 time 300 pv a5b6 e3d2 c1b3 d2e2 b3a1 b1d2 c7c6 a4a5 c8c7 h3g5 h6g5 a5b6 c7b7
Position; fen rnbqk1nr/pppp1ppp/8/4p3/1b6/P7/2PPPPPP/RNBQKBNR w KQkq - 0 3
Moves; c2c3 b4a5 g2g3 d7d6 f1g2 b8d7 g1h3 h7h6 e2e4 d7c5 a3a4 c5d3 e1e2 c8g4 e2e3 g4d1 h1d1 d3c1 d2d4 e5d4 d1d4 e8f8 d4b4 d6d5 b4b7 g7g5 e4e5 a8c8 f2f3
Warning; Bestmove does not match beginning of last PV - move f5a5 from B
Info; info depth 18 seldepth 34 multipv 1 score cp 1072 nodes 228909 nps 763030 hashfull 93 tbhits 0 time 300 pv f5e6 g7f8 c3b5 c6b5 e6d5 g8e7 d5a8 a7a5 a8a5 c7c8 a5b5 d6d5 a1a8 c8c7 a8a7 c7d8
Position; fen r1bqkbnr/ppppppp1/n6p/8/5P2/7N/PPPPP1PP/RNBQKB1R w KQkq - 1 3
Moves; d2d4 c7c6 a2a3 f7f6 b1c3 g7g6 h3f2 d8b6 f4f5 a6b4 a3b4 b6b4 e2e4 b4b6 f1e2 f8g7 d4d5 g6f5 e2h5 e8d8 e4f5 d8c7 d1d3 b6f2 e1f2 d7d6 d5c6 c8f5 d3f5 b7c6 h1f1 e7e6
Warning; Bestmove does not match beginning of last PV - move d8e6 from B
Info; info depth 17 seldepth 28 multipv 1 score mate 11 nodes 274363 nps 914543 hashfull 92 tbhits 0 time 300 pv b6c7 h2h3 d8e6 a3a4 f5f4 f2e2 e4f5 e2g4 f5g4 h3g2 g4h5 g2f2 c7b6 a4a5 f4e3 f2e1 b6a5 e1f1 e3e2 f1f2 e2e1q
Position; fen rnbqkbnr/1ppp1ppp/8/p3p3/8/2N2P2/PPPPP1PP/R1BQKBNR w KQkq - 0 3
Moves; c3b5 a5a4 b5c7 d8c7 h2h4 d7d5 c2c3 a4a3 d1b3 b8c6 e2e3 g8f6 g2g3 h7h6 b2a3 e5e4 g1h3 e4f3 f1a6 b7a6 h3f2 a8a7 e1f1 a6a5 h1g1 a7b7 b3a4 f8d6 a4d1 c8e6 d1f3 h8f8 c3c4 a5a4 c4c5 d6e7 f3d1 f8h8 f2d3 d5d4 d1a4 f6d7 d3f2 e7c5 a4a8 c6d8 a8a4 d4e3 d2e3 c7e5 a1b1 b7b1 f1g2 e6d5 g2h2 d5c6 a4c4 e5d5 c4d5 b1c1 d5d2 c1g1 h2g1 c5b6 d2e1 h6h5 g3g4 h5g4 f2g4 f7f5 g4f6 g7f6 e1d2 h8g8 g1h2 c6e4 d2f2
Warning; Bestmove does not match beginning of last PV - move d1c1 from B
Info; info depth 16 seldepth 22 multipv 1 score cp 770 nodes 153924 nps 511375 hashfull 47 tbhits 0 time 301 pv d1d5 h6f7 e3c5 b6c7 c5f8 g8f8 d5d2
Position; fen rnbqk1nr/pppp1ppp/8/4p3/1b6/P7/2PPPPPP/RNBQKBNR w KQkq - 0 3
Moves; a3b4 g7g6 e2e4 c7c6 d2d3 a7a5 b4b5 c6b5 f1e2 h7h5 g1f3 g8h6 d3d4 e8g8 d4e5 d8b6 e1g1 b8a6 h2h3 f7f6 c1e3 a6c5
Warning; Bestmove does not match beginning of last PV - move e6e5 from B
Info; info depth 16 seldepth 24 multipv 1 score cp 887 nodes 241139 nps 803796 hashfull 88 tbhits 0 time 300 pv h8h6 e3e4 c5b3 d4e3 c8d8 f2g4 h5g4 h3g4 h6h2 g4g5
Position; fen r1bqkbnr/ppppppp1/n6p/8/5P2/7N/PPPPP1PP/RNBQKB1R w KQkq - 1 3
Moves; b2b4 a6b4 e2e3 g8f6 e1e2 d7d5 c1a3 c8g4 e2e1 g4d1 a3b4 a7a6 c2c3 d1c2 f1b5 c7c6 b5c6 b7c6 h1f1 e7e6 h3f2 a8b8 b4f8 e8f8 e1e2 d8a5 h2h3 c2g6 a2a4 f6d7 a1a2 a5d8 g2g4 f8g8 a4a5 g8f8 g4g5 g6h5 e2d3 d8c8 g5h6 d7c5 d3d4
Warning; Bestmove does not match beginning of last PV - move a5b6 from B
Info; info depth 18 seldepth 28 multipv 1 score cp 974 nodes 192639 nps 642130 hashfull 73 tbhits 0 time 300 pv d8b8 g2f1 b8b2 f3f4 b2a1 e3f2 a1b1 f1b5 f8g7 f4g5 b1f5 f2g2 f5e4 g2f1 e4h1 h3g1
Position; fen rnbqk1nr/pppp1ppp/8/4p3/1b6/P7/2PPPPPP/RNBQKBNR w KQkq - 0 3
Moves; c2c3 b4a5 g2g3 d7d6 f1g2 b8d7 g1h3 h7h6 e2e4 d7c5 a3a4 c5d3 e1e2 c8g4 e2e3 g4d1 h1d1 d3c1 d2d4 e5d4 d1d4 e8f8 d4b4 d6d5 b4b7 g7g5 e4e5 a8c8 f2f3 c8b8 b7b8
Warning; Bestmove does not match beginning of last PV - move a5a6 from B
Info; info depth 18 seldepth 26 multipv 1 score mate 9 nodes 195111 nps 650370 hashfull 82 tbhits 0 time 300 pv h5f3 g8e7 c3b5 e7d5 f3d5 h8c8 b5d6 b7b8 c1e3 c6c5 d5a8 c8c7 a5b5 b8a8 b5e8 c7c8 e8c8
Position; fen r1bqkbnr/ppppppp1/n6p/8/5P2/7N/PPPPP1PP/RNBQKB1R w KQkq - 1 3
Moves; d2d4 c7c6 a2a3 f7f6 b1c3 g7g6 h3f2 d8b6 f4f5 a6b4 a3b4 b6b4 e2e4 b4b6 f1e2 f8g7 d4d5 g6f5 e2h5 e8d8 e4f5 d8c7 d1d3 b6f2 e1f2 d7d6 d5c6 c8f5 d3f5 b7c6 h1f1 e7e6 f5a5 c7b7
Warning; Bestmove does not match beginning of last PV - move f3d4 from B
Info; info depth 14 seldepth 18 multipv 1 score cp 630 nodes 66665 nps 220016 hashfull 23 tbhits 0 time 303 pv c1b2
Position; fen rnbqk1nr/pppp1ppp/8/4p3/1b6/P7/2PPPPPP/RNBQKBNR w KQkq - 0 3
Moves; a3b4 g7g6 e2e4 c7c6 d2d3 a7a5 b4b5 c6b5 f1e2 h7h5 g1f3 g8h6 d3d4 e8g8 d4e5 d8b6 e1g1 b8a6 h2h3 f7f6 c1e3 a6c5 d1c1 h6f7
Warning; Bestmove does not match beginning of last PV - move a6a7 from B
Info; info depth 19 seldepth 26 multipv 1 score mate 11 nodes 288976 nps 963253 hashfull 114 tbhits 0 time 300 pv c3b5 c6b5 h5f3 g8e7 a6b7 c7d8 b7a8 e7c8 a1a7 d6d5 a7g7 h8g8 a8a5 d8e8 a5c7 g8g7 f3h5 g7g6 h5g6 e8f8 c7f7
Position; fen r1bqkbnr/ppppppp1/n6p/8/5P2/7N/PPPPP1PP/RNBQKB1R w KQkq - 1 3
Moves; d2d4 c7c6 a2a3 f7f6 b1c3 g7g6 h3f2 d8b6 f4f5 a6b4 a3b4 b6b4 e2e4 b4b6 f1e2 f8g7 d4d5 g6f5 e2h5 e8d8 e4f5 d8c7 d1d3 b6f2 e1f2 d7d6 d5c6 c8f5 d3f5 b7c6 h1f1 e7e6 f5a5 c7b7 a5a6 b7c7
Finished game 5 (A vs B): 0-1 {Black mates}
Started game 11 of 16 (A vs B)
Warning; Bestmove does not match beginning of last PV - move c1e3 from B
Info; info depth 17 seldepth 22 multipv 1 score cp 957 nodes 124647 nps 411376 hashfull 47 tbhits 0 time 303 pv a1a7 c7d8 c1e3 h8h7 c3e4 g7f8 e3b6 d8c8 a7h7 f6f5 e4g3 f8e7 f2g1 g8f6 h7e7
Position; fen r1bqkbnr/ppppppp1/n6p/8/5P2/7N/PPPPP1PP/RNBQKB1R w KQkq - 1 3
Moves; d2d4 c7c6 a2a3 f7f6 b1c3 g7g6 h3f2 d8b6 f4f5 a6b4 a3b4 b6b4 e2e4 b4b6 f1e2 f8g7 d4d5 g6f5 e2h5 e8d8 e4f5 d8c7 d1d3 b6f2 e1f2 d7d6 d5c6 c8f5 d3f5 b7c6 h1f1 e7e6 f5a5 c7b7 a5a6 b7c7 a6a7 a8a7
Warning; Bestmove does not match beginning of last PV - move c1e1 from B
Info; info depth 16 seldepth 18 multipv 1 score cp 594 nodes 126087 nps 418893 hashfull 43 tbhits 0 time 301 pv e3c5 b6d8 c5f8 d7d5 c1e3 d5d4 e3g3 d8f8 f2f4 e5f4 g3f4 c8e6
Position; fen rnbqk1nr/pppp1ppp/8/4p3/1b6/P7/2PPPPPP/RNBQKBNR w KQkq - 0 3
Moves; a3b4 g7g6 e2e4 c7c6 d2d3 a7a5 b4b5 c6b5 f1e2 h7h5 g1f3 g8h6 d3d4 e8g8 d4e5 d8b6 e1g1 b8a6 h2h3 f7f6 c1e3 a6c5 d1c1 h6f7 f3d4 f6e5 d4b3 g8h7
Warning; Bestmove does not match beginning of last PV - move e1d1 from B
Info; info depth 16 seldepth 21 multipv 1 score cp 628 nodes 151055 nps 500182 hashfull 49 tbhits 0 time 302 pv e3c5 b6c6 c5d6 c6d6 b1c3 a5a4 g1h1 b5b4 c3d5 a4b3 a1a8 b3b2 d5b4 b2b1q e1b1 h5h4
Position; fen rnbqk1nr/pppp1ppp/8/4p3/1b6/P7/2PPPPPP/RNBQKBNR w KQkq - 0 3
Moves; a3b4 g7g6 e2e4 c7c6 d2d3 a7a5 b4b5 c6b5 f1e2 h7h5 g1f3 g8h6 d3d4 e8g8 d4e5 d8b6 e1g1 b8a6 h2h3 f7f6 c1e3 a6c5 d1c1 h6f7 f3d4 f6e5 d4b3 g8h7 c1e1 f7d6
Warning; Bestmove does not match beginning of last PV - move c8d7 from B
Info; info depth 12 seldepth 19 multipv 1 score cp 148 nodes 61379 nps 204596 hashfull 18 tbhits 0 time 300 pv b8d7 d2d4 e7e5 b1d2 e4f6 d4e5 d6e5 g1f3 f8e7 d2c4 e5e4
Position; fen rnbqkb1r/ppp1pppp/3p1n2/8/4P3/8/PPPPBPPP/RNBQK1NR w KQkq - 0 3
Moves; h2h4 f6e4 c2c3
Warning; Bestmove does not match beginning of last PV - move d5d4 from B
Info; info depth 18 seldepth 18 multipv 1 score mate 8 nodes 286392 nps 954640 hashfull 113 tbhits 0 time 300 pv h4e1 e3d4 e1f2 d4d5 g8e7 d5e4 f2f1 f4f5 f1d3 e4f4 c1e2 f4g4 d3f5 g4h4 e7g6
Position; fen rnbqk1nr/pppp1ppp/8/4p3/1b6/P7/2PPPPPP/RNBQKBNR w KQkq - 0 3
Moves; c2c3 b4a5 g2g3 d7d6 f1g2 b8d7 g1h3 h7h6 e2e4 d7c5 a3a4 c5d3 e1e2 c8g4 e2e3 g4d1 h1d1 d3c1 d2d4 e5d4 d1d4 e8f8 d4b4 d6d5 b4b7 g7g5 e4e5 a8c8 f2f3 c8b8 b7b8 a5b6 b8b6 c7b6 h3f4 g5f4 g3f4 d8h4 g2f1
Warning; Bestmove does not match beginning of last PV - move b1d2 from B
Info; info depth 17 seldepth 22 multipv 1 score cp 799 nodes 191286 nps 635501 hashfull 76 tbhits 0 time 301 pv e3c5 d6e4 c5b6 d7d5 b6e3 c8h3 g2h3 d5d4 e3c1 f8f5 e2f3 e4c3 b1c3
Position; fen rnbqk1nr/pppp1ppp/8/4p3/1b6/P7/2PPPPPP/RNBQKBNR w KQkq - 0 3
Moves; a3b4 g7g6 e2e4 c7c6 d2d3 a7a5 b4b5 c6b5 f1e2 h7h5 g1f3 g8h6 d3d4 e8g8 d4e5 d8b6 e1g1 b8a6 h2h3 f7f6 c1e3 a6c5 d1c1 h6f7 f3d4 f6e5 d4b3 g8h7 c1e1 f7d6 e1d1 a8a7
Warning; Bestmove does not match beginning of last PV - move d8c8 from B
Info; info depth 12 seldepth 16 multipv 1 score cp 146 nodes 44729 nps 148601 hashfull 16 tbhits 0 time 301 pv d7c6 d2d4 e7e6 g1f3 f8e7 c3c4 b8d7 b3c2 d6d5 b1c3 d5c4
Position; fen rnbqkb1r/ppp1pppp/3p1n2/8/4P3/8/PPPPBPPP/RNBQK1NR w KQkq - 0 3
Moves; h2h4 f6e4 c2c3 c8d7 d1b3
Warning; Bestmove does not match beginning of last PV - move h4e1 from B
Info; info depth 18 seldepth 20 multipv 1 score mate 10 nodes 196679 nps 655596 hashfull 65 tbhits 0 time 300 pv h4f2 d4e4 f2f1 f4f5 f1c4 e4e3 c4e2 e3f4 c1d3 f4g3 e2f2 g3h3 f2f3 h3h4 d3e5 h2h3 f3f4 h4h5 g8f6
Position; fen rnbqk1nr/pppp1ppp/8/4p3/1b6/P7/2PPPPPP/RNBQKBNR w KQkq - 0 3
Moves; c2c3 b4a5 g2g3 d7d6 f1g2 b8d7 g1h3 h7h6 e2e4 d7c5 a3a4 c5d3 e1e2 c8g4 e2e3 g4d1 h1d1 d3c1 d2d4 e5d4 d1d4 e8f8 d4b4 d6d5 b4b7 g7g5 e4e5 a8c8 f2f3 c8b8 b7b8 a5b6 b8b6 c7b6 h3f4 g5f4 g3f4 d8h4 g2f1 d5d4 e3d4
Warning; Bestmove does not match beginning of last PV - move a7f7 from B
Info; info depth 17 seldepth 26 multipv 1 score cp 715 nodes 166806 nps 556020 hashfull 65 tbhits 0 time 300 pv a7g7 g8e7 g7f7 h8a8 b2b4 e7f5 e3f4 e6e5 f7f6 d6e7 f4e5 d5d4 f6f5 e7e6 h5f7 e6f5 e5d4 a8f8
Position; fen r1bqkbnr/ppppppp1/n6p/8/5P2/7N/PPPPP1PP/RNBQKB1R w KQkq - 1 3
Moves; d2d4 c7c6 a2a3 f7f6 b1c3 g7g6 h3f2 d8b6 f4f5 a6b4 a3b4 b6b4 e2e4 b4b6 f1e2 f8g7 d4d5 g6f5 e2h5 e8d8 e4f5 d8c7 d1d3 b6f2 e1f2 d7d6 d5c6 c8f5 d3f5 b7c6 h1f1 e7e6 f5a5 c7b7 a5a6 b7c7 a6a7 a8a7 c1e3 a7a1 f1a1 d6d5 a1a7 c7d6
Warning; Bestmove does not match beginning of last PV - move e4f6 from B
Info; info depth 12 seldepth 25 multipv 1 score cp 180 nodes 80543 nps 266698 hashfull 27 tbhits 0 time 302 pv c7c5 d2d3 e4f6 c1e3 e7e6 b1d2 d7c6 e1g1 f8e7 d3d4 b8d7 a2a4 e8g8 a4a5 c5d4 c3d4
Position; fen rnbqkb1r/ppp1pppp/3p1n2/8/4P3/8/PPPPBPPP/RNBQK1NR w KQkq - 0 3
Moves; h2h4 f6e4 c2c3 c8d7 d1b3 d8c8 g1h3
Warning; Bestmove does not match beginning of last PV - move d2f3 from B
Info; info depth 16 seldepth 20 multipv 1 score cp 826 nodes 141769 nps 470993 hashfull 58 tbhits 0 time 301 pv c5d6 d8g5 d2f3 f7f3 e2f3 a7a6 g1h1 a6d6 d1d6 g5h4 b3d2 b7b6 d6e5 d7d6 e5g3 h4g3 f2g3
Position; fen rnbqk1nr/pppp1ppp/8/4p3/1b6/P7/2PPPPPP/RNBQKBNR w KQkq - 0 3
Moves; a3b4 g7g6 e2e4 c7c6 d2d3 a7a5 b4b5 c6b5 f1e2 h7h5 g1f3 g8h6 d3d4 e8g8 d4e5 d8b6 e1g1 b8a6 h2h3 f7f6 c1e3 a6c5 d1c1 h6f7 f3d4 f6e5 d4b3 g8h7 c1e1 f7d6 e1d1 a8a7 b1d2 f8f7 e3c5 b6d8
Warning; Bestmove does not match beginning of last PV - move d7h3 from B
Info; info depth 15 seldepth 22 multipv 1 score cp 222 nodes 75848 nps 251986 hashfull 29 tbhits 0 time 301 pv d7e6 b3a4 e6d7 a4b3 d7h3 g2h3 e7e6 d2d4 d6d5 f1d1 b8c6 c3c4 f8d6 c4c5 d6e7 b3g3 e8g8 b1c3 g8h8
Position; fen rnbqkb1r/ppp1pppp/3p1n2/8/4P3/8/PPPPBPPP/RNBQK1NR w KQkq - 0 3
Moves; h2h4 f6e4 c2c3 c8d7 d1b3 d8c8 g1h3 e4f6 e1g1
Warning; Bestmove does not match beginning of last PV - move d4e3 from B
Info; info depth 16 seldepth 29 multipv 1 score cp 729 nodes 199310 nps 664366 hashfull 77 tbhits 0 time 300 pv c3e4 d6d5 d4e3 d5e4 f7g7 e4d5 g7g8 h8g8 h5f7 d5e4 f7g8 f6f5 g8c4 f5f4 e3c5 e4f5 g2g3 f4g3 f2g3 e5e4 c5e3 f5e5
Position; fen r1bqkbnr/ppppppp1/n6p/8/5P2/7N/PPPPP1PP/RNBQKB1R w KQkq - 1 3
Moves; d2d4 c7c6 a2a3 f7f6 b1c3 g7g6 h3f2 d8b6 f4f5 a6b4 a3b4 b6b4 e2e4 b4b6 f1e2 f8g7 d4d5 g6f5 e2h5 e8d8 e4f5 d8c7 d1d3 b6f2 e1f2 d7d6 d5c6 c8f5 d3f5 b7c6 h1f1 e7e6 f5a5 c7b7 a5a6 b7c7 a6a7 a8a7 c1e3 a7a1 f1a1 d6d5 a1a7 c7d6 a7f7 d5d4 e3d4 e6e5
Warning; Bestmove does not match beginning of last PV - move c5a3 from B
Info; info depth 17 seldepth 28 multipv 1 score cp 847 nodes 213456 nps 711520 hashfull 90 tbhits 0 time 300 pv c5d6 f8f3 e2f3 a7a6 d6e5 d7d5 d1d5 d8e7 d5c5 e7c5 b3c5 a6c6 c5d3 c8h3 a1c1
Position; fen rnbqk1nr/pppp1ppp/8/4p3/1b6/P7/2PPPPPP/RNBQKBNR w KQkq - 0 3
Moves; a3b4 g7g6 e2e4 c7c6 d2d3 a7a5 b4b5 c6b5 f1e2 h7h5 g1f3 g8h6 d3d4 e8g8 d4e5 d8b6 e1g1 b8a6 h2h3 f7f6 c1e3 a6c5 d1c1 h6f7 f3d4 f6e5 d4b3 g8h7 c1e1 f7d6 e1d1 a8a7 b1d2 f8f7 e3c5 b6d8 d2f3 f7f8
Warning; Bestmove does not match beginning of last PV - move b8c6 from B
Info; info depth 13 seldepth 26 multipv 1 score cp 211 nodes 59390 nps 197308 hashfull 23 tbhits 0 time 301 pv g7g6 d2d4 e7e6 c3c4 b8c6 f1d1 f8g7 d4d5 c6e7 c1g5
Position; fen rnbqkb1r/ppp1pppp/3p1n2/8/4P3/8/PPPPBPPP/RNBQK1NR w KQkq - 0 3
Moves; h2h4 f6e4 c2c3 c8d7 d1b3 d8c8 g1h3 e4f6 e1g1 d7h3 g2h3
Warning; Bestmove does not match beginning of last PV - move c1d3 from B
Info; info depth 20 seldepth 14 multipv 1 score mate 6 nodes 211631 nps 705436 hashfull 75 tbhits 0 time 300 pv f2f3 d3e2 c1e2 a4a5 g8e7 f5f6 e2f4 a5b6 f3c6 e5e6 c6e6
Position; fen rnbqk1nr/pppp1ppp/8/4p3/1b6/P7/2PPPPPP/RNBQKBNR w KQkq - 0 3
Moves; c2c3 b4a5 g2g3 d7d6 f1g2 b8d7 g1h3 h7h6 e2e4 d7c5 a3a4 c5d3 e1e2 c8g4 e2e3 g4d1 h1d1 d3c1 d2d4 e5d4 d1d4 e8f8 d4b4 d6d5 b4b7 g7g5 e4e5 a8c8 f2f3 c8b8 b7b8 a5b6 b8b6 c7b6 h3f4 g5f4 g3f4 d8h4 g2f1 d5d4 e3d4 h4e1 f1d3 e1f2 d4e4 f7f5 e4f5
Warning; Bestmove does not match beginning of last PV - move c3e4 from B
Info; info depth 16 seldepth 22 multipv 1 score cp 794 nodes 192968 nps 643226 hashfull 77 tbhits 0 time 300 pv f7g7 f6f5 h5f7 e6d7 f7g8 d7d6 g7g6 d6c7 e3c5 c7d7
Position; fen r1bqkbnr/ppppppp1/n6p/8/5P2/7N/PPPPP1PP/RNBQKB1R w KQkq - 1 3
Moves; d2d4 c7c6 a2a3 f7f6 b1c3 g7g6 h3f2 d8b6 f4f5 a6b4 a3b4 b6b4 e2e4 b4b6 f1e2 f8g7 d4d5 g6f5 e2h5 e8d8 e4f5 d8c7 d1d3 b6f2 e1f2 d7d6 d5c6 c8f5 d3f5 b7c6 h1f1 e7e6 f5a5 c7b7 a5a6 b7c7 a6a7 a8a7 c1e3 a7a1 f1a1 d6d5 a1a7 c7d6 a7f7 d5d4 e3d4 e6e5 d4e3 d6e6
Finished game 7 (A vs B): 0-1 {Black mates}
Started game 12 of 16 (B vs A)
Warning; Bestmove does not match beginning of last PV - move f2f3 from B
Info; info depth 38 seldepth 8 multipv 1 score mate 4 nodes 323847 nps 1079490 hashfull 51 tbhits 0 time 300 pv g8e7 f5e6 f2f3 e6d7 f3c6 d7d8 c6c8
Position; fen rnbqk1nr/pppp1ppp/8/4p3/1b6/P7/2PPPPPP/RNBQKBNR w KQkq - 0 3
Moves; c2c3 b4a5 g2g3 d7d6 f1g2 b8d7 g1h3 h7h6 e2e4 d7c5 a3a4 c5d3 e1e2 c8g4 e2e3 g4d1 h1d1 d3c1 d2d4 e5d4 d1d4 e8f8 d4b4 d6d5 b4b7 g7g5 e4e5 a8c8 f2f3 c8b8 b7b8 a5b6 b8b6 c7b6 h3f4 g5f4 g3f4 d8h4 g2f1 d5d4 e3d4 h4e1 f1d3 e1f2 d4e4 f7f5 e4f5 c1d3 h2h3
Warning; Bestmove does not match beginning of last PV - move e4c5 from B
Info; info depth 20 seldepth 10 multipv 1 score mate 5 nodes 305104 nps 1017013 hashfull 123 tbhits 0 time 300 pv e4d6 f5e6 h5g4 f6f5 g4f5 e6d5 c2c4 d5d6 f7d7
Position; fen r1bqkbnr/ppppppp1/n6p/8/5P2/7N/PPPPP1PP/RNBQKB1R w KQkq - 1 3
Moves; d2d4 c7c6 a2a3 f7f6 b1c3 g7g6 h3f2 d8b6 f4f5 a6b4 a3b4 b6b4 e2e4 b4b6 f1e2 f8g7 d4d5 g6f5 e2h5 e8d8 e4f5 d8c7 d1d3 b6f2 e1f2 d7d6 d5c6 c8f5 d3f5 b7c6 h1f1 e7e6 f5a5 c7b7 a5a6 b7c7 a6a7 a8a7 c1e3 a7a1 f1a1 d6d5 a1a7 c7d6 a7f7 d5d4 e3d4 e6e5 d4e3 d6e6 c3e4 e6f5
Warning; Bestmove does not match beginning of last PV - move d6e5 from B
Info; info depth 16 seldepth 22 multipv 1 score cp 904 nodes 169143 nps 561936 hashfull 69 tbhits 0 time 301 pv d1d5 f7f4 d6e5 f4f3 e2f3 d8e7 e5d6 e7f6 e4e5 f6f4 d5d2 f4d2 b3d2 a7a6 d2e4
Position; fen rnbqk1nr/pppp1ppp/8/4p3/1b6/P7/2PPPPPP/RNBQKBNR w KQkq - 0 3
Moves; a3b4 g7g6 e2e4 c7c6 d2d3 a7a5 b4b5 c6b5 f1e2 h7h5 g1f3 g8h6 d3d4 e8g8 d4e5 d8b6 e1g1 b8a6 h2h3 f7f6 c1e3 a6c5 d1c1 h6f7 f3d4 f6e5 d4b3 g8h7 c1e1 f7d6 e1d1 a8a7 b1d2 f8f7 e3c5 b6d8 d2f3 f7f8 c5a3 f8f4 a3d6 f4f7
Warning; Bestmove does not match beginning of last PV - move g7g6 from B
Info; info depth 15 seldepth 22 multipv 1 score cp 329 nodes 71429 nps 234963 hashfull 29 tbhits 0 time 304 pv e7e6 d2d4 f8d6 h4h5 c6e7 c3c4 d5c4 b3c4 c7c6
Position; fen rnbqkb1r/ppp1pppp/3p1n2/8/4P3/8/PPPPBPPP/RNBQK1NR w KQkq - 0 3
Moves; h2h4 f6e4 c2c3 c8d7 d1b3 d8c8 g1h3 e4f6 e1g1 d7h3 g2h3 b8c6 f2f4 d6d5 f1f2
Warning; Bestmove does not match beginning of last PV - move f3f4 from B
Info; info depth 70 seldepth 6 multipv 1 score mate 3 nodes 1152545 nps 3841816 hashfull 10 tbhits 0 time 300 pv g8e7 f5f6 f3h3 e5e6 h3f5
Position; fen rnbqk1nr/pppp1ppp/8/4p3/1b6/P7/2PPPPPP/RNBQKBNR w KQkq - 0 3
Moves; c2c3 b4a5 g2g3 d7d6 f1g2 b8d7 g1h3 h7h6 e2e4 d7c5 a3a4 c5d3 e1e2 c8g4 e2e3 g4d1 h1d1 d3c1 d2d4 e5d4 d1d4 e8f8 d4b4 d6d5 b4b7 g7g5 e4e5 a8c8 f2f3 c8b8 b7b8 a5b6 b8b6 c7b6 h3f4 g5f4 g3f4 d8h4 g2f1 d5d4 e3d4 h4e1 f1d3 e1f2 d4e4 f7f5 e4f5 c1d3 h2h3 f2f3 a4a5
Warning; Bestmove does not match beginning of last PV - move c2c3 from B
Info; info depth 12 seldepth 21 multipv 1 score cp 20 nodes 72734 nps 240841 hashfull 20 tbhits 0 time 302 pv f2f4 c7c5 g1f3 b8c6 e1g1 f8e7 g1h1 a8b8 c2c4 b7b6 b1c3
Position; fen rnbqkb1r/ppp1pppp/3p1n2/8/4P3/8/PPPPBPPP/RNBQK1NR w KQkq - 0 3
Moves; d2d3 e7e6
Warning; Bestmove does not match beginning of last PV - move g1h1 from B
Info; info depth 17 seldepth 29 multipv 1 score cp 1183 nodes 177409 nps 591363 hashfull 74 tbhits 0 time 300 pv f3g5 h7g8 d1d5 b6e6 g5e6 d7e6 d5d8 f7f8 d8g5 f8f7 g5g6 g8f8 g6g5 f7d7 g5f6 f8e8 f6h8 e8e7
Position; fen rnbqk1nr/pppp1ppp/8/4p3/1b6/P7/2PPPPPP/RNBQKBNR w KQkq - 0 3
Moves; a3b4 g7g6 e2e4 c7c6 d2d3 a7a5 b4b5 c6b5 f1e2 h7h5 g1f3 g8h6 d3d4 e8g8 d4e5 d8b6 e1g1 b8a6 h2h3 f7f6 c1e3 a6c5 d1c1 h6f7 f3d4 f6e5 d4b3 g8h7 c1e1 f7d6 e1d1 a8a7 b1d2 f8f7 e3c5 b6d8 d2f3 f7f8 c5a3 f8f4 a3d6 f4f7 d6e5 d8b6
Warning; Bestmove does not match beginning of last PV - move g6f5 from B
Info; info depth 16 seldepth 24 multipv 1 score cp 359 nodes 86167 nps 287223 hashfull 31 tbhits 0 time 300 pv f8h6 b1a3 g6f5 f2g2 e8f8 g1h1 f5f4 h1h2 h8g8 g2g8 f8g8 d2d4
Position; fen rnbqkb1r/ppp1pppp/3p1n2/8/4P3/8/PPPPBPPP/RNBQK1NR w KQkq - 0 3
Moves; h2h4 f6e4 c2c3 c8d7 d1b3 d8c8 g1h3 e4f6 e1g1 d7h3 g2h3 b8c6 f2f4 d6d5 f1f2 g7g6 f4f5
Warning; Bestmove does not match beginning of last PV - move g8f6 from B
Info; info depth 245 seldepth 2 multipv 1 score mate 1 nodes 70683 nps 2524392 hashfull 0 tbhits 0 time 28 pv h7c7
Position; fen rnbqk1nr/pppp1ppp/8/4p3/1b6/P7/2PPPPPP/RNBQKBNR w KQkq - 0 3
Moves; c2c3 b4a5 g2g3 d7d6 f1g2 b8d7 g1h3 h7h6 e2e4 d7c5 a3a4 c5d3 e1e2 c8g4 e2e3 g4d1 h1d1 d3c1 d2d4 e5d4 d1d4 e8f8 d4b4 d6d5 b4b7 g7g5 e4e5 a8c8 f2f3 c8b8 b7b8 a5b6 b8b6 c7b6 h3f4 g5f4 g3f4 d8h4 g2f1 d5d4 e3d4 h4e1 f1d3 e1f2 d4e4 f7f5 e4f5 c1d3 h2h3 f2f3 a4a5 f3f4 f5e6 f4e5 e6d7 h8h7 d7c6
Warning; Bestmove does not match beginning of last PV - move e5e8 from B
Info; info depth 245 seldepth 2 multipv 1 score mate 1 nodes 71644 nps 2558714 hashfull 0 tbhits 0 time 28 pv e5c5
Position; fen rnbqk1nr/pppp1ppp/8/4p3/1b6/P7/2PPPPPP/RNBQKBNR w KQkq - 0 3
Moves; c2c3 b4a5 g2g3 d7d6 f1g2 b8d7 g1h3 h7h6 e2e4 d7c5 a3a4 c5d3 e1e2 c8g4 e2e3 g4d1 h1d1 d3c1 d2d4 e5d4 d1d4 e8f8 d4b4 d6d5 b4b7 g7g5 e4e5 a8c8 f2f3 c8b8 b7b8 a5b6 b8b6 c7b6 h3f4 g5f4 g3f4 d8h4 g2f1 d5d4 e3d4 h4e1 f1d3 e1f2 d4e4 f7f5 e4f5 c1d3 h2h3 f2f3 a4a5 f3f4 f5e6 f4e5 e6d7 h8h7 d7c6 g8f6 a5b6
Warning; Bestmove does not match beginning of last PV - move e8e7 from B
Info; info depth 245 seldepth 2 multipv 1 score mate 1 nodes 72999 nps 2607107 hashfull 0 tbhits 0 time 28 pv e8d7
Position; fen rnbqk1nr/pppp1ppp/8/4p3/1b6/P7/2PPPPPP/RNBQKBNR w KQkq - 0 3
Moves; c2c3 b4a5 g2g3 d7d6 f1g2 b8d7 g1h3 h7h6 e2e4 d7c5 a3a4 c5d3 e1e2 c8g4 e2e3 g4d1 h1d1 d3c1 d2d4 e5d4 d1d4 e8f8 d4b4 d6d5 b4b7 g7g5 e4e5 a8c8 f2f3 c8b8 b7b8 a5b6 b8b6 c7b6 h3f4 g5f4 g3f4 d8h4 g2f1 d5d4 e3d4 h4e1 f1d3 e1f2 d4e4 f7f5 e4f5 c1d3 h2h3 f2f3 a4a5 f3f4 f5e6 f4e5 e6d7 h8h7 d7c6 g8f6 a5b6 e5e8 c6d6
Warning; Bestmove does not match beginning of last PV - move e5d4 from B
Info; info depth 17 seldepth 24 multipv 1 score cp 889 nodes 188380 nps 627933 hashfull 81 tbhits 0 time 300 pv e2f3 d7d6 d1d6 b6d6 e5d6 a7a6 d6h2 a5a4 b3d4 a4a3 f1d1
Position; fen rnbqk1nr/pppp1ppp/8/4p3/1b6/P7/2PPPPPP/RNBQKBNR w KQkq - 0 3
Moves; a3b4 g7g6 e2e4 c7c6 d2d3 a7a5 b4b5 c6b5 f1e2 h7h5 g1f3 g8h6 d3d4 e8g8 d4e5 d8b6 e1g1 b8a6 h2h3 f7f6 c1e3 a6c5 d1c1 h6f7 f3d4 f6e5 d4b3 g8h7 c1e1 f7d6 e1d1 a8a7 b1d2 f8f7 e3c5 b6d8 d2f3 f7f8 c5a3 f8f4 a3d6 f4f7 d6e5 d8b6 g1h1 f7f3
Finished game 9 (A vs B): 0-1 {Black mates}
Started game 13 of 16 (A vs B)
Warning; Bestmove does not match beginning of last PV - move d4e3 from B
Info; info depth 245 seldepth 2 multipv 1 score mate 1 nodes 403902 nps 1960689 hashfull 13 tbhits 0 time 206 pv c5e6
Position; fen r1bqkbnr/ppppppp1/n6p/8/5P2/7N/PPPPP1PP/RNBQKB1R w KQkq - 1 3
Moves; d2d4 c7c6 a2a3 f7f6 b1c3 g7g6 h3f2 d8b6 f4f5 a6b4 a3b4 b6b4 e2e4 b4b6 f1e2 f8g7 d4d5 g6f5 e2h5 e8d8 e4f5 d8c7 d1d3 b6f2 e1f2 d7d6 d5c6 c8f5 d3f5 b7c6 h1f1 e7e6 f5a5 c7b7 a5a6 b7c7 a6a7 a8a7 c1e3 a7a1 f1a1 d6d5 a1a7 c7d6 a7f7 d5d4 e3d4 e6e5 d4e3 d6e6 c3e4 e6f5 e4c5 e5e4 f7d7 g7f8 g2g4 f5e5 e3d4 e5f4
Warning; Bestmove does not match beginning of last PV - move h1g1 from B
Info; info depth 19 seldepth 33 multipv 1 score cp 774 nodes 279863 nps 932876 hashfull 110 tbhits 0 time 300 pv g2h3 b6e6 d1d3 b7b6 f1g1 d7d5 e4d5 e6d5 h1h2 c8f5 d3g3 f5c2 d4b6 a7g7 b3d4 d5e4 d4c2 e4e2 c2d4
Position; fen rnbqk1nr/pppp1ppp/8/4p3/1b6/P7/2PPPPPP/RNBQKBNR w KQkq - 0 3
Moves; a3b4 g7g6 e2e4 c7c6 d2d3 a7a5 b4b5 c6b5 f1e2 h7h5 g1f3 g8h6 d3d4 e8g8 d4e5 d8b6 e1g1 b8a6 h2h3 f7f6 c1e3 a6c5 d1c1 h6f7 f3d4 f6e5 d4b3 g8h7 c1e1 f7d6 e1d1 a8a7 b1d2 f8f7 e3c5 b6d8 d2f3 f7f8 c5a3 f8f4 a3d6 f4f7 d6e5 d8b6 g1h1 f7f3 e5d4 f3h3
Warning; Bestmove does not match beginning of last PV - move f8h6 from B
Info; info depth 17 seldepth 23 multipv 1 score cp 568 nodes 93443 nps 311476 hashfull 35 tbhits 0 time 300 pv f5f4 e2f1 f6e4 f2f4 f8h6 f4e4 d5e4 b3d5 c8d7 d5e4 e8c8
Position; fen rnbqkb1r/ppp1pppp/3p1n2/8/4P3/8/PPPPBPPP/RNBQK1NR w KQkq - 0 3
Moves; h2h4 f6e4 c2c3 c8d7 d1b3 d8c8 g1h3 e4f6 e1g1 d7h3 g2h3 b8c6 f2f4 d6d5 f1f2 g7g6 f4f5 g6f5 a2a3 h8g8 g1h1
Warning; Bestmove does not match beginning of last PV - move d1c2 from B
Info; info depth 14 seldepth 25 multipv 1 score cp 152 nodes 79256 nps 262437 hashfull 22 tbhits 0 time 302 pv f4e5 f6d5 g1f3 e7e8 e1g1 c7c5 d1e1 b8c6 e1f2 f8e7 b1d2 f7f5 e5f6 d5f6
Position; fen rnbqkb1r/ppp1pppp/3p1n2/8/4P3/8/PPPPBPPP/RNBQK1NR w KQkq - 0 3
Moves; d2d3 e7e6 c2c3 e8e7 f2f4 h7h6 e4e5 d6e5
Warning; Bestmove does not match beginning of last PV - move d7e7 from B
Info; info depth 20 seldepth 2 multipv 1 score mate 1 nodes 211665 nps 703205 hashfull 89 tbhits 0 time 301 pv c5e6
Position; fen r1bqkbnr/ppppppp1/n6p/8/5P2/7N/PPPPP1PP/RNBQKB1R w KQkq - 1 3
Moves; d2d4 c7c6 a2a3 f7f6 b1c3 g7g6 h3f2 d8b6 f4f5 a6b4 a3b4 b6b4 e2e4 b4b6 f1e2 f8g7 d4d5 g6f5 e2h5 e8d8 e4f5 d8c7 d1d3 b6f2 e1f2 d7d6 d5c6 c8f5 d3f5 b7c6 h1f1 e7e6 f5a5 c7b7 a5a6 b7c7 a6a7 a8a7 c1e3 a7a1 f1a1 d6d5 a1a7 c7d6 a7f7 d5d4 e3d4 e6e5 d4e3 d6e6 c3e4 e6f5 e4c5 e5e4 f7d7 g7f8 g2g4 f5e5 e3d4 e5f4 d4e3 f4e5 e3d4 e5f4
Warning; Bestmove does not match beginning of last PV - move c6d4 from B
Info; info depth 15 seldepth 24 multipv 1 score cp 596 nodes 60224 nps 200746 hashfull 21 tbhits 0 time 300 pv f6e4 f2g2 g8g2 h1g2 c6d4 b3a4 c8d7 a4d7 e8d7 b1c3 d4e2 c3e2 a8g8 g2f1 d5c4
Position; fen rnbqkb1r/ppp1pppp/3p1n2/8/4P3/8/PPPPBPPP/RNBQK1NR w KQkq - 0 3
Moves; h2h4 f6e4 c2c3 c8d7 d1b3 d8c8 g1h3 e4f6 e1g1 d7h3 g2h3 b8c6 f2f4 d6d5 f1f2 g7g6 f4f5 g6f5 a2a3 h8g8 g1h1 f8h6 c3c4
Warning; Bestmove does not match beginning of last PV - move e7e5 from B
Info; info depth 15 seldepth 18 multipv 1 score cp 618 nodes 62025 nps 206750 hashfull 20 tbhits 0 time 300 pv d8c8 g1f3 e7e6 e1g1 a6b7 a2a4 a7a6 e3e4 g8f6 e4e5
Position; fen rnbqkbnr/p1ppppp1/B6p/1p6/8/4P3/PPPP1PPP/RNBQK1NR w KQkq - 0 3
Moves; g2g3 c8a6 c2c3
Warning; Bestmove does not match beginning of last PV - move d4e3 from B
Info; info depth 245 seldepth 2 multipv 1 score mate 1 nodes 24062 nps 2005166 hashfull 1 tbhits 0 time 12 pv c5e4
Position; fen r1bqkbnr/ppppppp1/n6p/8/5P2/7N/PPPPP1PP/RNBQKB1R w KQkq - 1 3
Moves; d2d4 c7c6 a2a3 f7f6 b1c3 g7g6 h3f2 d8b6 f4f5 a6b4 a3b4 b6b4 e2e4 b4b6 f1e2 f8g7 d4d5 g6f5 e2h5 e8d8 e4f5 d8c7 d1d3 b6f2 e1f2 d7d6 d5c6 c8f5 d3f5 b7c6 h1f1 e7e6 f5a5 c7b7 a5a6 b7c7 a6a7 a8a7 c1e3 a7a1 f1a1 d6d5 a1a7 c7d6 a7f7 d5d4 e3d4 e6e5 d4e3 d6e6 c3e4 e6f5 e4c5 e5e4 f7d7 g7f8 g2g4 f5e5 e3d4 e5f4 d4e3 f4e5 e3d4 e5f4 d7e7 f4g5 f2g3 f8e7
Finished game 8 (B vs A): 1-0 {White mates}
Started game 14 of 16 (B vs A)
Warning; Bestmove does not match beginning of last PV - move d4e5 from B
Info; info depth 18 seldepth 26 multipv 1 score cp 830 nodes 317433 nps 1058110 hashfull 118 tbhits 0 time 300 pv b3d2 d7d5 d2f3 c8g4 d4a7 g4f3 e2f3 b7b6 e4d5 d8g5 h1g1 h5h4 g1h1 g5e5 d5d6
Position; fen rnbqk1nr/pppp1ppp/8/4p3/1b6/P7/2PPPPPP/RNBQKBNR w KQkq - 0 3
Moves; a3b4 g7g6 e2e4 c7c6 d2d3 a7a5 b4b5 c6b5 f1e2 h7h5 g1f3 g8h6 d3d4 e8g8 d4e5 d8b6 e1g1 b8a6 h2h3 f7f6 c1e3 a6c5 d1c1 h6f7 f3d4 f6e5 d4b3 g8h7 c1e1 f7d6 e1d1 a8a7 b1d2 f8f7 e3c5 b6d8 d2f3 f7f8 c5a3 f8f4 a3d6 f4f7 d6e5 d8b6 g1h1 f7f3 e5d4 f3h3 h1g1 h3h1 g1h1 b6d8
Warning; Bestmove does not match beginning of last PV - move f8e7 from B
Info; info depth 14 seldepth 19 multipv 1 score cp 565 nodes 75835 nps 251109 hashfull 26 tbhits 0 time 302 pv d7d5 d2d4 d5e4 g1e2 g8f6 a2a4 a6b7 e1g1 d8d5 a4b5
Position; fen rnbqkbnr/p1ppppp1/B6p/1p6/8/4P3/PPPP1PPP/RNBQK1NR w KQkq - 0 3
Moves; g2g3 c8a6 c2c3 e7e5 e3e4
Warning; Bestmove does not match beginning of last PV - move a6c8 from B
Info; info depth 14 seldepth 21 multipv 1 score cp 160 nodes 89054 nps 296846 hashfull 28 tbhits 0 time 300 pv a6b5 e7e6 b5e2 g8f6 c2c4 c7c5 b1c3 f8e7 g1f3 e8g8 b2b3 d7d5 e1g1 d5c4 b3c4
Position; fen rnbqkbnr/p1ppppp1/B6p/1p6/8/4P3/PPPP1PPP/RNBQK1NR w KQkq - 0 3
Moves; 
Warning; Bestmove does not match beginning of last PV - move c7c6 from B
Info; info depth 19 seldepth 10 multipv 1 score mate 4 nodes 369944 nps 1233146 hashfull 134 tbhits 0 time 300 pv c8f5 e2b5 e8d8 b5d7 f5d5 h1h2 d5g2
Position; fen rnbqkb1r/ppp1pppp/3p1n2/8/4P3/8/PPPPBPPP/RNBQK1NR w KQkq - 0 3
Moves; h2h4 f6e4 c2c3 c8d7 d1b3 d8c8 g1h3 e4f6 e1g1 d7h3 g2h3 b8c6 f2f4 d6d5 f1f2 g7g6 f4f5 g6f5 a2a3 h8g8 g1h1 f8h6 c3c4 c6d4 c4d5 d4b3 f2f5
Warning; Bestmove does not match beginning of last PV - move g1h3 from B
Info; info depth 13 seldepth 22 multipv 1 score cp 289 nodes 54592 nps 181973 hashfull 19 tbhits 0 time 300 pv d3d4 f6f7 g1f3 f7g8 e1g1 b8c6 g1h1 c8d7 c3c4 d5f6 b1c3 d7e8 c1e3 e8h5 e3g1 h5f3 e2f3 c6d4 g1d4 d8d4
Position; fen rnbqkb1r/ppp1pppp/3p1n2/8/4P3/8/PPPPBPPP/RNBQK1NR w KQkq - 0 3
Moves; d2d3 e7e6 c2c3 e8e7 f2f4 h7h6 e4e5 d6e5 d1c2 f6d5 f4e5 f7f6 e5f6 e7f6
Warning; Bestmove does not match beginning of last PV - move e5d6 from B
Info; info depth 18 seldepth 24 multipv 1 score cp 963 nodes 244681 nps 815603 hashfull 102 tbhits 0 time 300 pv d1d6 e4e5 d6e5 a7a6 e5e7 h7g8 e7e8 g8g7 e8c8 a6d6 c8c3 d6f6 c3d3 f6c6 d3d7 g7h6
Position; fen rnbqk1nr/pppp1ppp/8/4p3/1b6/P7/2PPPPPP/RNBQKBNR w KQkq - 0 3
Moves; a3b4 g7g6 e2e4 c7c6 d2d3 a7a5 b4b5 c6b5 f1e2 h7h5 g1f3 g8h6 d3d4 e8g8 d4e5 d8b6 e1g1 b8a6 h2h3 f7f6 c1e3 a6c5 d1c1 h6f7 f3d4 f6e5 d4b3 g8h7 c1e1 f7d6 e1d1 a8a7 b1d2 f8f7 e3c5 b6d8 d2f3 f7f8 c5a3 f8f4 a3d6 f4f7 d6e5 d8b6 g1h1 f7f3 e5d4 f3h3 h1g1 h3h1 g1h1 b6d8 d4e5 d8h4 h1g1 h4e4
Warning; Bestmove does not match beginning of last PV - move d7d6 from B
Info; info depth 14 seldepth 19 multipv 1 score cp 624 nodes 103988 nps 346626 hashfull 42 tbhits 0 time 300 pv g8f6 d2d4 a7a5 a2a4 b7e4 f2f3 e4d5 b3c2 d5e6 e1f2 a5b4 a4a5 e8g8
Position; fen rnbqkbnr/p1ppppp1/B6p/1p6/8/4P3/PPPP1PPP/RNBQK1NR w KQkq - 0 3
Moves; g2g3 c8a6 c2c3 e7e5 e3e4 f8e7 b2b4 a6b7 d1b3
Warning; Bestmove does not match beginning of last PV - move f6d7 from B
Info; info depth 245 seldepth 6 multipv 1 score mate 3 nodes 253510 nps 3017976 hashfull 1 tbhits 0 time 84 pv b7c6 h1h2 h6f4 h2h1 f5h3
Position; fen rnbqkb1r/ppp1pppp/3p1n2/8/4P3/8/PPPPBPPP/RNBQK1NR w KQkq - 0 3
Moves; h2h4 f6e4 c2c3 c8d7 d1b3 d8c8 g1h3 e4f6 e1g1 d7h3 g2h3 b8c6 f2f4 d6d5 f1f2 g7g6 f4f5 g6f5 a2a3 h8g8 g1h1 f8h6 c3c4 c6d4 c4d5 d4b3 f2f5 c7c6 e2b5 c8f5 b5c6
Warning; Bestmove does not match beginning of last PV - move d3d4 from B
Info; info depth 12 seldepth 19 multipv 1 score cp 376 nodes 46282 nps 153251 hashfull 16 tbhits 0 time 302 pv e1g1 f6e7 h3f4 d5f4 c1f4 b8c6 f4g3 g7g5 e2h5 f8g7 b1a3 h8f8
Position; fen rnbqkb1r/ppp1pppp/3p1n2/8/4P3/8/PPPPBPPP/RNBQK1NR w KQkq - 0 3
Moves; d2d3 e7e6 c2c3 e8e7 f2f4 h7h6 e4e5 d6e5 d1c2 f6d5 f4e5 f7f6 e5f6 e7f6 g1h3 c7c5
Warning; Bestmove does not match beginning of last PV - move a2a4 from B
Info; info depth 17 seldepth 30 multipv 1 score cp 650 nodes 222608 nps 742026 hashfull 88 tbhits 0 time 300 pv a2a3 b6a7 g1f3 a7a8 b2b4 h6h5 b4a5 a8a5
Position; fen rnbqkbnr/p1ppppp1/B6p/1p6/8/4P3/PPPP1PPP/RNBQK1NR w KQkq - 0 3
Moves; a6c8 a7a5 c8b7 c7c6 b7a8 d8b6
Warning; Bestmove does not match beginning of last PV - move d8d7 from B
Info; info depth 15 seldepth 21 multipv 1 score cp 623 nodes 115658 nps 384245 hashfull 44 tbhits 0 time 301 pv b7e4 f2f3 e4b7 a4a5 g8f6 d2d3 a7a6 a1a3 e8g8 c1e3 c7c5 g1e2 b7f3
Position; fen rnbqkbnr/p1ppppp1/B6p/1p6/8/4P3/PPPP1PPP/RNBQK1NR w KQkq - 0 3
Moves; g2g3 c8a6 c2c3 e7e5 e3e4 f8e7 b2b4 a6b7 d1b3 d7d6 a2a4
Warning; Bestmove does not match beginning of last PV - move f5f2 from B
Info; info depth 245 seldepth 4 multipv 1 score mate 2 nodes 101167 nps 2734243 hashfull 0 tbhits 0 time 37 pv h6f4 h2h1 f5d5
Position; fen rnbqkb1r/ppp1pppp/3p1n2/8/4P3/8/PPPPBPPP/RNBQK1NR w KQkq - 0 3
Moves; h2h4 f6e4 c2c3 c8d7 d1b3 d8c8 g1h3 e4f6 e1g1 d7h3 g2h3 b8c6 f2f4 d6d5 f1f2 g7g6 f4f5 g6f5 a2a3 h8g8 g1h1 f8h6 c3c4 c6d4 c4d5 d4b3 f2f5 c7c6 e2b5 c8f5 b5c6 f6d7 c6d7 e8d7 h1h2
Warning; Bestmove does not match beginning of last PV - move g8g1 from B
Info; info depth 245 seldepth 2 multipv 1 score mate 1 nodes 74323 nps 2185970 hashfull 0 tbhits 0 time 34 pv f2g2
Position; fen rnbqkb1r/ppp1pppp/3p1n2/8/4P3/8/PPPPBPPP/RNBQK1NR w KQkq - 0 3
Moves; h2h4 f6e4 c2c3 c8d7 d1b3 d8c8 g1h3 e4f6 e1g1 d7h3 g2h3 b8c6 f2f4 d6d5 f1f2 g7g6 f4f5 g6f5 a2a3 h8g8 g1h1 f8h6 c3c4 c6d4 c4d5 d4b3 f2f5 c7c6 e2b5 c8f5 b5c6 f6d7 c6d7 e8d7 h1h2 f5f2 h2h1
Finished game 11 (A vs B): 0-1 {Black mates}
Started game 15 of 16 (A vs B)
Warning; Bestmove does not match beginning of last PV - move h1f1 from B
Info; info depth 13 seldepth 23 multipv 1 score cp 365 nodes 66450 nps 221500 hashfull 24 tbhits 0 time 300 pv e1g1 f6e7 h3f4 d5f4 c1f4 b8c6 b1a3 e6e5 f4g3 c8e6 a1d1 d8b6 a3c4 e6c4 e2c4
Position; fen rnbqkb1r/ppp1pppp/3p1n2/8/4P3/8/PPPPBPPP/RNBQK1NR w KQkq - 0 3
Moves; d2d3 e7e6 c2c3 e8e7 f2f4 h7h6 e4e5 d6e5 d1c2 f6d5 f4e5 f7f6 e5f6 e7f6 g1h3 c7c5 d3d4 c5d4
Warning; Bestmove does not match beginning of last PV - move g1f3 from B
Info; info depth 17 seldepth 18 multipv 1 score cp 715 nodes 204702 nps 682340 hashfull 72 tbhits 0 time 300 pv a4b5 b6b5 b1c3 b5a6 d2d4 e7e6 g1e2 a6a8 c1d2 c6c5 e3e4 c5d4 e2d4
Position; fen rnbqkbnr/p1ppppp1/B6p/1p6/8/4P3/PPPP1PPP/RNBQK1NR w KQkq - 0 3
Moves; a6c8 a7a5 c8b7 c7c6 b7a8 d8b6 a2a4 h6h5
Warning; Bestmove does not match beginning of last PV - move d6d5 from B
Info; info depth 16 seldepth 23 multipv 1 score cp 634 nodes 114744 nps 382480 hashfull 41 tbhits 0 time 300 pv g8f6 a4b5 b7e4 f2f3 e4f5 d2d4 f5g6 e1g1 e8g8
Position; fen rnbqkbnr/p1ppppp1/B6p/1p6/8/4P3/PPPP1PPP/RNBQK1NR w KQkq - 0 3
Moves; g2g3 c8a6 c2c3 e7e5 e3e4 f8e7 b2b4 a6b7 d1b3 d7d6 a2a4 d8d7 g1h3
Warning; Bestmove does not match beginning of last PV - move d1e2 from B
Info; info depth 17 seldepth 26 multipv 1 score cp 696 nodes 286461 nps 954870 hashfull 110 tbhits 0 time 300 pv a4b5 b6b5 d1e2 b5a6 e2a6 b8a6 a8c6 d7c6 a1a5 a6b4 a5a8 e8d7 a8a7 d7e8
Position; fen rnbqkbnr/p1ppppp1/B6p/1p6/8/4P3/PPPP1PPP/RNBQK1NR w KQkq - 0 3
Moves; a6c8 a7a5 c8b7 c7c6 b7a8 d8b6 a2a4 h6h5 g1f3 e7e6
Warning; Bestmove does not match beginning of last PV - move g8f6 from B
Info; info depth 17 seldepth 19 multipv 1 score cp 757 nodes 192179 nps 640596 hashfull 79 tbhits 0 time 300 pv b7d5 b3a3 g8f6 a4b5 d5h1 d2d4 d7h3 d4e5 e8g8 c3c4 f6g4 b1c3 g4e5
Position; fen rnbqkbnr/p1ppppp1/B6p/1p6/8/4P3/PPPP1PPP/RNBQK1NR w KQkq - 0 3
Moves; g2g3 c8a6 c2c3 e7e5 e3e4 f8e7 b2b4 a6b7 d1b3 d7d6 a2a4 d8d7 g1h3 d6d5 e4d5
Warning; Bestmove does not match beginning of last PV - move f1a1 from B
Info; info depth 245 seldepth 2 multipv 1 score mate 1 nodes 59724 nps 2388960 hashfull 1 tbhits 0 time 25 pv d6e5
Position; fen rnbqk1nr/pppp1ppp/8/4p3/1b6/P7/2PPPPPP/RNBQKBNR w KQkq - 0 3
Moves; a3b4 g7g6 e2e4 c7c6 d2d3 a7a5 b4b5 c6b5 f1e2 h7h5 g1f3 g8h6 d3d4 e8g8 d4e5 d8b6 e1g1 b8a6 h2h3 f7f6 c1e3 a6c5 d1c1 h6f7 f3d4 f6e5 d4b3 g8h7 c1e1 f7d6 e1d1 a8a7 b1d2 f8f7 e3c5 b6d8 d2f3 f7f8 c5a3 f8f4 a3d6 f4f7 d6e5 d8b6 g1h1 f7f3 e5d4 f3h3 h1g1 h3h1 g1h1 b6d8 d4e5 d8h4 h1g1 h4e4 e5d6 a5a4 e2f3 a4b3 f3e4 a7a1 d1h5 h7g8 h5g6 g8h8
Warning; Bestmove does not match beginning of last PV - move b4f8 from B
Info; info depth 13 seldepth 22 multipv 1 score cp 157 nodes 81182 nps 269707 hashfull 27 tbhits 0 time 301 pv b4a5 e2e3 d7d6 d2d4 g8f6 f1e2 c7c5 d4c5 d6c5 d1d8 e8d8
Position; fen rnbqkbnr/pppp1pp1/4p2p/8/P7/1P6/2PPPPPP/RNBQKBNR w KQkq - 0 3
Moves; b3b4 f8b4 c2c3
Warning; Bestmove does not match beginning of last PV - move g6h7 from B
Info; info depth 245 seldepth 2 multipv 1 score mate 1 nodes 70431 nps 2271967 hashfull 1 tbhits 0 time 31 pv d6e5
Position; fen rnbqk1nr/pppp1ppp/8/4p3/1b6/P7/2PPPPPP/RNBQKBNR w KQkq - 0 3
Moves; a3b4 g7g6 e2e4 c7c6 d2d3 a7a5 b4b5 c6b5 f1e2 h7h5 g1f3 g8h6 d3d4 e8g8 d4e5 d8b6 e1g1 b8a6 h2h3 f7f6 c1e3 a6c5 d1c1 h6f7 f3d4 f6e5 d4b3 g8h7 c1e1 f7d6 e1d1 a8a7 b1d2 f8f7 e3c5 b6d8 d2f3 f7f8 c5a3 f8f4 a3d6 f4f7 d6e5 d8b6 g1h1 f7f3 e5d4 f3h3 h1g1 h3h1 g1h1 b6d8 d4e5 d8h4 h1g1 h4e4 e5d6 a5a4 e2f3 a4b3 f3e4 a7a1 d1h5 h7g8 h5g6 g8h8 f1a1 b3c2
Finished game 10 (B vs A): 1-0 {White mates}
Started game 16 of 16 (B vs A)
Warning; Bestmove does not match beginning of last PV - move c3d4 from B
Info; info depth 13 seldepth 19 multipv 1 score cp 384 nodes 69753 nps 231737 hashfull 21 tbhits 0 time 301 pv h3f4 e5d6 f4g6 d6c7 g6h8 d8g5 f1f8
Position; fen rnbqkb1r/ppp1pppp/3p1n2/8/4P3/8/PPPPBPPP/RNBQK1NR w KQkq - 0 3
Moves; d2d3 e7e6 c2c3 e8e7 f2f4 h7h6 e4e5 d6e5 d1c2 f6d5 f4e5 f7f6 e5f6 e7f6 g1h3 c7c5 d3d4 c5d4 h1f1 f6e5 c1f4 d5f4
Warning; Bestmove does not match beginning of last PV - move f3e5 from B
Info; info depth 17 seldepth 21 multipv 1 score cp 720 nodes 184518 nps 615060 hashfull 72 tbhits 0 time 300 pv a4b5 a6b4 b1a3 b6b5 e2b5 c6b5 f3d4 e8d8 a8f3 h5h4 b2b3
Position; fen rnbqkbnr/p1ppppp1/B6p/1p6/8/4P3/PPPP1PPP/RNBQK1NR w KQkq - 0 3
Moves; a6c8 a7a5 c8b7 c7c6 b7a8 d8b6 a2a4 h6h5 g1f3 e7e6 d1e2 b8a6
Warning; Bestmove does not match beginning of last PV - move e2e3 from B
Info; info depth 14 seldepth 19 multipv 1 score cp 8 nodes 100140 nps 332691 hashfull 24 tbhits 0 time 301 pv c1b2 g8f6 g1f3 c7c5 e2e3 f8e7 d2d4 b8c6 d4c5 e7c5 f1d3 e8g8 b1d2 d7d5
Position; fen rnbqkbnr/pppp1pp1/4p2p/8/P7/1P6/2PPPPPP/RNBQKBNR w KQkq - 0 3
Moves; 
Warning; Bestmove does not match beginning of last PV - move c2c4 from B
Info; info depth 15 seldepth 30 multipv 1 score cp 756 nodes 110207 nps 367356 hashfull 35 tbhits 0 time 300 pv h3f4 d4e5 c2c3 e5d6 b1a3 b8c6 e1c1 d6c7 a3b5 c7b8 d1d8 a7a6 d8f8 h8f8 c3g7 a6b5 g7f8 a8a2
Position; fen rnbqkb1r/ppp1pppp/3p1n2/8/4P3/8/PPPPBPPP/RNBQK1NR w KQkq - 0 3
Moves; d2d3 e7e6 c2c3 e8e7 f2f4 h7h6 e4e5 d6e5 d1c2 f6d5 f4e5 f7f6 e5f6 e7f6 g1h3 c7c5 d3d4 c5d4 h1f1 f6e5 c1f4 d5f4 c3d4 e5d4
Warning; Bestmove does not match beginning of last PV - move e5d3 from B
Info; info depth 17 seldepth 23 multipv 1 score cp 711 nodes 258586 nps 861953 hashfull 86 tbhits 0 time 300 pv a4b5 a6b4 d2d4 h5h4 c2c3 f7f6 c3b4 f6e5 b4a5 b6a7 b5c6
Position; fen rnbqkbnr/p1ppppp1/B6p/1p6/8/4P3/PPPP1PPP/RNBQK1NR w KQkq - 0 3
Moves; a6c8 a7a5 c8b7 c7c6 b7a8 d8b6 a2a4 h6h5 g1f3 e7e6 d1e2 b8a6 f3e5 g7g6
Warning; Bestmove does not match beginning of last PV - move a7b6 from B
Info; info depth 17 seldepth 26 multipv 1 score cp 803 nodes 235679 nps 785596 hashfull 89 tbhits 0 time 300 pv c7b6 c3c4 d5h1 g3g4 a7a5 f2f3 e7b4 h3f2 e8g8 f2h1 g8h8 h1f2 b8c6 b1c3 c6d4
Position; fen rnbqkbnr/p1ppppp1/B6p/1p6/8/4P3/PPPP1PPP/RNBQK1NR w KQkq - 0 3
Moves; g2g3 c8a6 c2c3 e7e5 e3e4 f8e7 b2b4 a6b7 d1b3 d7d6 a2a4 d8d7 g1h3 d6d5 e4d5 g8f6 a4b5 b7d5 b5b6
Warning; Bestmove does not match beginning of last PV - move b7b6 from B
Info; info depth 14 seldepth 24 multipv 1 score cp 189 nodes 76405 nps 252996 hashfull 19 tbhits 0 time 302 pv f8e7 g2g3 e8g8 g1f3 d7d5 f1g2 b8c6 e1g1 c6a5 d2d3 b7b6 a1b1 c8a6 c1b2 a6b7 e2e3
Position; fen rnbqkbnr/pppp1pp1/4p2p/8/P7/1P6/2PPPPPP/RNBQKBNR w KQkq - 0 3
Moves; b3b4 f8b4 c2c3 b4f8 f2f4 g8f6 b1a3
Warning; Bestmove does not match beginning of last PV - move h3f4 from B
Info; info depth 14 seldepth 34 multipv 1 score cp 737 nodes 119643 nps 398810 hashfull 44 tbhits 0 time 300 pv c4f4 e5d5 b1c3 d5c6 f4c4 f8c5 e2f3 c6c7 c4c5 b8c6 f3c6 b7c6 f1f7 c8d7 c3b5 c7b8 c5e5 b8c8 b5d6 c8b8 e1c1 h8f8 d6c4 b8c8 d1d7 f8f7 d7f7
Position; fen rnbqkb1r/ppp1pppp/3p1n2/8/4P3/8/PPPPBPPP/RNBQK1NR w KQkq - 0 3
Moves; d2d3 e7e6 c2c3 e8e7 f2f4 h7h6 e4e5 d6e5 d1c2 f6d5 f4e5 f7f6 e5f6 e7f6 g1h3 c7c5 d3d4 c5d4 h1f1 f6e5 c1f4 d5f4 c3d4 e5d4 c2c4 d4e5
Warning; Bestmove does not match beginning of last PV - move a1a2 from B
Info; info depth 17 seldepth 22 multipv 1 score cp 657 nodes 206713 nps 689043 hashfull 81 tbhits 0 time 300 pv a4b5 b6b5 b1c3 b5b6 b2b3 h5h4 c1b2 g8f6
Position; fen rnbqkbnr/p1ppppp1/B6p/1p6/8/4P3/PPPP1PPP/RNBQK1NR w KQkq - 0 3
Moves; a6c8 a7a5 c8b7 c7c6 b7a8 d8b6 a2a4 h6h5 g1f3 e7e6 d1e2 b8a6 f3e5 g7g6 e5d3 a6c7
Warning; Bestmove does not match beginning of last PV - move e8g8 from B
Info; info depth 16 seldepth 23 multipv 1 score cp 733 nodes 112868 nps 374976 hashfull 45 tbhits 0 time 301 pv d5a8 h1g1 a8b7 d2d4 b8c6 d4e5 c6e5 h3f4
Position; fen rnbqkbnr/p1ppppp1/B6p/1p6/8/4P3/PPPP1PPP/RNBQK1NR w KQkq - 0 3
Moves; g2g3 c8a6 c2c3 e7e5 e3e4 f8e7 b2b4 a6b7 d1b3 d7d6 a2a4 d8d7 g1h3 d6d5 e4d5 g8f6 a4b5 b7d5 b5b6 a7b6 a1a8
Warning; Bestmove does not match beginning of last PV - move d1f3 from B
Info; info depth 11 seldepth 19 multipv 1 score cp 70 nodes 47970 nps 158841 hashfull 12 tbhits 0 time 302 pv f2f4 g8f6 f1d3 f8e7 g1f3 c6c5 b1a3
Position; fen rnbqkbnr/pppp1pp1/4p2p/8/P7/1P6/2PPPPPP/RNBQKBNR w KQkq - 0 3
Moves; e2e3 c7c6 c1b2 d8b6
Warning; Bestmove does not match beginning of last PV - move b1c3 from B
Info; info depth 16 seldepth 19 multipv 1 score mate 8 nodes 131501 nps 438336 hashfull 39 tbhits 0 time 300 pv c4b4 d8h4 g2g3 h4g3 h2g3 h8f8 b4c5 e5f6 c5f8 f6e5 f4d3 e5d5 f8c5 d5e4 b1c3
Position; fen rnbqkb1r/ppp1pppp/3p1n2/8/4P3/8/PPPPBPPP/RNBQK1NR w KQkq - 0 3
Moves; d2d3 e7e6 c2c3 e8e7 f2f4 h7h6 e4e5 d6e5 d1c2 f6d5 f4e5 f7f6 e5f6 e7f6 g1h3 c7c5 d3d4 c5d4 h1f1 f6e5 c1f4 d5f4 c3d4 e5d4 c2c4 d4e5 h3f4 f8b4
Warning; Bestmove does not match beginning of last PV - move b1c3 from B
Info; info depth 17 seldepth 22 multipv 1 score cp 597 nodes 221885 nps 739616 hashfull 84 tbhits 0 time 300 pv b2b3 f8g7 a4b5 c7b5 c1b2 g7b2 d3b2 e8g8 b2a4 b6a6 c2c4 d7d5 c4b5 c6b5
Position; fen rnbqkbnr/p1ppppp1/B6p/1p6/8/4P3/PPPP1PPP/RNBQK1NR w KQkq - 0 3
Moves; a6c8 a7a5 c8b7 c7c6 b7a8 d8b6 a2a4 h6h5 g1f3 e7e6 d1e2 b8a6 f3e5 g7g6 e5d3 a6c7 a1a2 g8h6
Warning; Bestmove does not match beginning of last PV - move c8b7 from B
Info; info depth 15 seldepth 26 multipv 1 score cp 217 nodes 79867 nps 265338 hashfull 23 tbhits 0 time 301 pv f8e7 g1f3 a7a6 b5a3 c8b7 f1g2 b8c6 e1g1 c6a5 d2d3 e8g8 e2e3
Position; fen rnbqkbnr/pppp1pp1/4p2p/8/P7/1P6/2PPPPPP/RNBQKBNR w KQkq - 0 3
Moves; b3b4 f8b4 c2c3 b4f8 f2f4 g8f6 b1a3 b7b6 g2g3 d7d5 a3b5
Warning; Bestmove does not match beginning of last PV - move c4c3 from B
Info; info depth 18 seldepth 33 multipv 1 score mate 15 nodes 134648 nps 447335 hashfull 55 tbhits 0 time 301 pv b2c3 d8d2 e1d2 e5d6 c4d4 d6e7 f4g6 e7e8 g6h8 g7g6 h8g6 b8d7 d4h8 d7f8 h8f8 e8d7 g6e5 d7c7 f1f7 c8d7 f7d7 c7b6 f8a8 b6c5 a8c8 c5b6 c8b7 b6c5 b7a7
Position; fen rnbqkb1r/ppp1pppp/3p1n2/8/4P3/8/PPPPBPPP/RNBQK1NR w KQkq - 0 3
Moves; d2d3 e7e6 c2c3 e8e7 f2f4 h7h6 e4e5 d6e5 d1c2 f6d5 f4e5 f7f6 e5f6 e7f6 g1h3 c7c5 d3d4 c5d4 h1f1 f6e5 c1f4 d5f4 c3d4 e5d4 c2c4 d4e5 h3f4 f8b4 b1c3 b4c3
Warning; Bestmove does not match beginning of last PV - move a4b5 from B
Info; info depth 17 seldepth 17 multipv 1 score cp 789 nodes 183607 nps 609990 hashfull 65 tbhits 0 time 301 pv b2a3 h6f5 c3e4 b5a4 a2b2 c7a8 b2b6 a8b6 f2f3 d7d5
Position; fen rnbqkbnr/p1ppppp1/B6p/1p6/8/4P3/PPPP1PPP/RNBQK1NR w KQkq - 0 3
Moves; a6c8 a7a5 c8b7 c7c6 b7a8 d8b6 a2a4 h6h5 g1f3 e7e6 d1e2 b8a6 f3e5 g7g6 e5d3 a6c7 a1a2 g8h6 b1c3 f8a3
Warning; Bestmove does not match beginning of last PV - move e1d1 from B
Info; info depth 17 seldepth 23 multipv 1 score cp 743 nodes 119027 nps 396756 hashfull 56 tbhits 0 time 300 pv b1d2 d7d5 g7h8 b8d7 h8c3 e6e5 g1e2 e5e4 f3g3 g8f6 a4a5 b6c5 b3b4
Position; fen rnbqkbnr/pppp1pp1/4p2p/8/P7/1P6/2PPPPPP/RNBQKBNR w KQkq - 0 3
Moves; e2e3 c7c6 c1b2 d8b6 d1f3 f8b4 b2g7 b4d2
Warning; Bestmove does not match beginning of last PV - move a2a1 from B
Info; info depth 17 seldepth 22 multipv 1 score cp 779 nodes 303199 nps 1010663 hashfull 134 tbhits 0 time 300 pv a2a3 f8a8 b5c6 b6c6 e3e4 d7d5 h2h3 d5e4 e2e4 c6e4 c3e4 h6f5 e4c3
Position; fen rnbqkbnr/p1ppppp1/B6p/1p6/8/4P3/PPPP1PPP/RNBQK1NR w KQkq - 0 3
Moves; a6c8 a7a5 c8b7 c7c6 b7a8 d8b6 a2a4 h6h5 g1f3 e7e6 d1e2 b8a6 f3e5 g7g6 e5d3 a6c7 a1a2 g8h6 b1c3 f8a3 a4b5 e8g8
Warning; Bestmove does not match beginning of last PV - move d7e6 from B
Info; info depth 17 seldepth 25 multipv 1 score cp 914 nodes 137018 nps 455209 hashfull 47 tbhits 0 time 301 pv d7h3 f4e5 h3h2 d2d4 h2g1 e1e2 b8e8 b1d2 g1g2 e2e1 f6g4 b2b1 g2g3 e1d1 g4e3 d1e2
Position; fen rnbqkbnr/p1ppppp1/B6p/1p6/8/4P3/PPPP1PPP/RNBQK1NR w KQkq - 0 3
Moves; g2g3 c8a6 c2c3 e7e5 e3e4 f8e7 b2b4 a6b7 d1b3 d7d6 a2a4 d8d7 g1h3 d6d5 e4d5 g8f6 a4b5 b7d5 b5b6 a7b6 a1a8 e8g8 b3b2 d5h1 a8b8 f8b8 f2f4
Warning; Bestmove does not match beginning of last PV - move f1d3 from B
Info; info depth 17 seldepth 24 multipv 1 score cp 511 nodes 167853 nps 557651 hashfull 71 tbhits 0 time 301 pv a4a5 b6c7 g7h8 d7d5 a1a4 b4e7 h8b2 b8d7 f1d3 g8f6 b2f6 e7f6
Position; fen rnbqkbnr/pppp1pp1/4p2p/8/P7/1P6/2PPPPPP/RNBQKBNR w KQkq - 0 3
Moves; e2e3 c7c6 c1b2 d8b6 d1f3 f8b4 b2g7 b4d2 e1d1 d2b4
Warning; Bestmove does not match beginning of last PV - move b8d7 from B
Info; info depth 16 seldepth 18 multipv 1 score cp 657 nodes 90283 nps 297963 hashfull 40 tbhits 0 time 303 pv f8a3 a1a3 b8c6 g1f3 f6e4 a4a5 a8b8 a5b6 a7b6 e2e3
Position; fen rnbqkbnr/pppp1pp1/4p2p/8/P7/1P6/2PPPPPP/RNBQKBNR w KQkq - 0 3
Moves; b3b4 f8b4 c2c3 b4f8 f2f4 g8f6 b1a3 b7b6 g2g3 d7d5 a3b5 c8b7 b5c7 d8c7 c1a3
Warning; Bestmove does not match beginning of last PV - move g7g6 from B
Info; info depth 37 seldepth 2 multipv 1 score mate 1 nodes 245052 nps 816840 hashfull 49 tbhits 0 time 300 pv e2h5
Position; fen rnbqkb1r/ppp1pppp/3p1n2/8/4P3/8/PPPPBPPP/RNBQK1NR w KQkq - 0 3
Moves; d2d3 e7e6 c2c3 e8e7 f2f4 h7h6 e4e5 d6e5 d1c2 f6d5 f4e5 f7f6 e5f6 e7f6 g1h3 c7c5 d3d4 c5d4 h1f1 f6e5 c1f4 d5f4 c3d4 e5d4 c2c4 d4e5 h3f4 f8b4 b1c3 b4c3 c4c3 e5d6 a1d1 d6e7 c3g7 e7e8
Warning; Bestmove does not match beginning of last PV - move a8e4 from B
Info; info depth 17 seldepth 24 multipv 1 score cp 771 nodes 306727 nps 1022423 hashfull 129 tbhits 0 time 300 pv a8f3 a3e7 d3e5 d7d5 d2d4 h6f5 c1d2 b6b8 g2g3 b5b4 c3d1
Position; fen rnbqkbnr/p1ppppp1/B6p/1p6/8/4P3/PPPP1PPP/RNBQK1NR w KQkq - 0 3
Moves; a6c8 a7a5 c8b7 c7c6 b7a8 d8b6 a2a4 h6h5 g1f3 e7e6 d1e2 b8a6 f3e5 g7g6 e5d3 a6c7 a1a2 g8h6 b1c3 f8a3 a4b5 e8g8 a2a1 c6b5
Warning; Bestmove does not match beginning of last PV - move f4e6 from B
Info; info depth 245 seldepth 4 multipv 1 score mate 2 nodes 472011 nps 3746119 hashfull 1 tbhits 0 time 126 pv f4d5 d8f6 f1f6
Position; fen rnbqkb1r/ppp1pppp/3p1n2/8/4P3/8/PPPPBPPP/RNBQK1NR w KQkq - 0 3
Moves; d2d3 e7e6 c2c3 e8e7 f2f4 h7h6 e4e5 d6e5 d1c2 f6d5 f4e5 f7f6 e5f6 e7f6 g1h3 c7c5 d3d4 c5d4 h1f1 f6e5 c1f4 d5f4 c3d4 e5d4 c2c4 d4e5 h3f4 f8b4 b1c3 b4c3 c4c3 e5d6 a1d1 d6e7 c3g7 e7e8 g7g6 e8f8
Finished game 12 (B vs A): 1-0 {White mates}
Warning; Bestmove does not match beginning of last PV - move h8f8 from B
Info; info depth 15 seldepth 20 multipv 1 score cp 568 nodes 90829 nps 301757 hashfull 31 tbhits 0 time 301 pv e8f8 a4a5 d5d4 g1f3 b7f3 e2f3 b6a5 c3d4 f6d5 a1c1
Position; fen rnbqkbnr/pppp1pp1/4p2p/8/P7/1P6/2PPPPPP/RNBQKBNR w KQkq - 0 3
Moves; b3b4 f8b4 c2c3 b4f8 f2f4 g8f6 b1a3 b7b6 g2g3 d7d5 a3b5 c8b7 b5c7 d8c7 c1a3 b8d7 a3f8
Warning; Bestmove does not match beginning of last PV - move a1a3 from B
Info; info depth 17 seldepth 24 multipv 1 score cp 730 nodes 232021 nps 773403 hashfull 95 tbhits 0 time 300 pv e4f3 a3d6 b2b3 e6e5 c3d5 c7d5 f3d5 g8h7 e3e4 h6g4 f2f3 f8c8 f3g4 c8c2
Position; fen rnbqkbnr/p1ppppp1/B6p/1p6/8/4P3/PPPP1PPP/RNBQK1NR w KQkq - 0 3
Moves; a6c8 a7a5 c8b7 c7c6 b7a8 d8b6 a2a4 h6h5 g1f3 e7e6 d1e2 b8a6 f3e5 g7g6 e5d3 a6c7 a1a2 g8h6 b1c3 f8a3 a4b5 e8g8 a2a1 c6b5 a8e4 f7f5
Warning; Bestmove does not match beginning of last PV - move a1a3 from B
Info; info depth 17 seldepth 26 multipv 1 score cp 828 nodes 214477 nps 714923 hashfull 84 tbhits 0 time 300 pv b1a3 b6b4 f3h5 e8e7 g1f3 b8a6 a3c4 d7d5 c4e5 a6c5 h5f7 e7d6 f7g8
Position; fen rnbqkbnr/pppp1pp1/4p2p/8/P7/1P6/2PPPPPP/RNBQKBNR w KQkq - 0 3
Moves; e2e3 c7c6 c1b2 d8b6 d1f3 f8b4 b2g7 b4d2 e1d1 d2b4 f1d3 f7f5 g7h8 b4a3
Warning; Bestmove does not match beginning of last PV - move f8h8 from B
Info; info depth 14 seldepth 23 multipv 1 score cp 596 nodes 106232 nps 354106 hashfull 40 tbhits 0 time 300 pv g7g5 g1f3 g5g4 f3d4 g4h3 a4a5 b6a5 f4f5 e6e5 d4b5 c7c6 a1a5
Position; fen rnbqkbnr/pppp1pp1/4p2p/8/P7/1P6/2PPPPPP/RNBQKBNR w KQkq - 0 3
Moves; b3b4 f8b4 c2c3 b4f8 f2f4 g8f6 b1a3 b7b6 g2g3 d7d5 a3b5 c8b7 b5c7 d8c7 c1a3 b8d7 a3f8 h8f8 f1h3
Warning; Bestmove does not match beginning of last PV - move e5h5 from B
Info; info depth 18 seldepth 24 multipv 1 score cp 880 nodes 262164 nps 873880 hashfull 97 tbhits 0 time 300 pv e5e4 b2d2 e4b1 h3f2 h1d5 d2d1 d5c4 f1g2 e7d6 c1f4 c4d5 g2f1
Position; fen rnbqkbnr/p1ppppp1/B6p/1p6/8/4P3/PPPP1PPP/RNBQK1NR w KQkq - 0 3
Moves; g2g3 c8a6 c2c3 e7e5 e3e4 f8e7 b2b4 a6b7 d1b3 d7d6 a2a4 d8d7 g1h3 d6d5 e4d5 g8f6 a4b5 b7d5 b5b6 a7b6 a1a8 e8g8 b3b2 d5h1 a8b8 f8b8 f2f4 d7e6 f4e5 e6e5 e1f1 b8e8 d2d4
Warning; Bestmove does not match beginning of last PV - move f3g3 from B
Info; info depth 17 seldepth 22 multipv 1 score cp 868 nodes 311133 nps 1037110 hashfull 132 tbhits 0 time 300 pv f3h5 e8d8 h5f7 d7d6 f7g8 d8c7 h8c3 b8d7 g8g7 c7b8 d1e1 d7c5 g7h6 c5e4 d3e4 b8c7 g1e2
Position; fen rnbqkbnr/pppp1pp1/4p2p/8/P7/1P6/2PPPPPP/RNBQKBNR w KQkq - 0 3
Moves; e2e3 c7c6 c1b2 d8b6 d1f3 f8b4 b2g7 b4d2 e1d1 d2b4 f1d3 f7f5 g7h8 b4a3 a1a3 a7a5
Warning; Bestmove does not match beginning of last PV - move f3e4 from B
Info; info depth 17 seldepth 23 multipv 1 score cp 880 nodes 305156 nps 1017186 hashfull 117 tbhits 0 time 300 pv e3f4 e6e5 e1d1 b5b4 a3b3 f7g5 f4g5 f8f3 g2f3 c7b5 c3b5 a5a4 b3b4
Position; fen rnbqkbnr/p1ppppp1/B6p/1p6/8/4P3/PPPP1PPP/RNBQK1NR w KQkq - 0 3
Moves; a6c8 a7a5 c8b7 c7c6 b7a8 d8b6 a2a4 h6h5 g1f3 e7e6 d1e2 b8a6 f3e5 g7g6 e5d3 a6c7 a1a2 g8h6 b1c3 f8a3 a4b5 e8g8 a2a1 c6b5 a8e4 f7f5 a1a3 h6f7 e4f3 f5f4
Warning; Bestmove does not match beginning of last PV - move h5d5 from B
Info; info depth 17 seldepth 30 multipv 1 score cp 890 nodes 270408 nps 901360 hashfull 98 tbhits 0 time 300 pv h5f3 b2e2 h1g2 f1e1 e7d6 e2e8 f6e8 f2g4 f3g4 b1d2 g4h5 d2c4 h5h2 c4d6 h2h1 e1d2 e8d6 d2c2 g2e4 c2b2
Position; fen rnbqkbnr/p1ppppp1/B6p/1p6/8/4P3/PPPP1PPP/RNBQK1NR w KQkq - 0 3
Moves; g2g3 c8a6 c2c3 e7e5 e3e4 f8e7 b2b4 a6b7 d1b3 d7d6 a2a4 d8d7 g1h3 d6d5 e4d5 g8f6 a4b5 b7d5 b5b6 a7b6 a1a8 e8g8 b3b2 d5h1 a8b8 f8b8 f2f4 d7e6 f4e5 e6e5 e1f1 b8e8 d2d4 e5h5 h3f2
Warning; Bestmove does not match beginning of last PV - move h8b2 from B
Info; info depth 18 seldepth 29 multipv 1 score cp 977 nodes 291474 nps 971580 hashfull 125 tbhits 0 time 300 pv g3g7 f8e8 g7g8 e8e7 h8d4 b6b4 g8g7 e7d8 d1e2 e6e5 g7e5 d7d6 e5g7 b8d7 g1f3 c6c5
Position; fen rnbqkbnr/pppp1pp1/4p2p/8/P7/1P6/2PPPPPP/RNBQKBNR w KQkq - 0 3
Moves; e2e3 c7c6 c1b2 d8b6 d1f3 f8b4 b2g7 b4d2 e1d1 d2b4 f1d3 f7f5 g7h8 b4a3 a1a3 a7a5 f3g3 e8f8
Warning; Bestmove does not match beginning of last PV - move h1g1 from B
Info; info depth 17 seldepth 24 multipv 1 score cp 861 nodes 331582 nps 1105273 hashfull 123 tbhits 0 time 300 pv e3f4 b5b4 a3b3 h4h3 g2h3 c7d5 c3d5 e6d5 e4g2 a5a4
Position; fen rnbqkbnr/p1ppppp1/B6p/1p6/8/4P3/PPPP1PPP/RNBQK1NR w KQkq - 0 3
Moves; a6c8 a7a5 c8b7 c7c6 b7a8 d8b6 a2a4 h6h5 g1f3 e7e6 d1e2 b8a6 f3e5 g7g6 e5d3 a6c7 a1a2 g8h6 b1c3 f8a3 a4b5 e8g8 a2a1 c6b5 a8e4 f7f5 a1a3 h6f7 e4f3 f5f4 f3e4 h5h4
Warning; Bestmove does not match beginning of last PV - move e7b4 from B
Info; info depth 18 seldepth 29 multipv 1 score cp 955 nodes 255398 nps 851326 hashfull 98 tbhits 0 time 300 pv d5g2 f1e1 e7d6 e1d1 g2f2 d1c2 f2h2 c2b1 d6g3 b2c2 g3f4 c2d3 f4d2 d3d2 h2h3
Position; fen rnbqkbnr/p1ppppp1/B6p/1p6/8/4P3/PPPP1PPP/RNBQK1NR w KQkq - 0 3
Moves; g2g3 c8a6 c2c3 e7e5 e3e4 f8e7 b2b4 a6b7 d1b3 d7d6 a2a4 d8d7 g1h3 d6d5 e4d5 g8f6 a4b5 b7d5 b5b6 a7b6 a1a8 e8g8 b3b2 d5h1 a8b8 f8b8 f2f4 d7e6 f4e5 e6e5 e1f1 b8e8 d2d4 e5h5 h3f2 h5d5 b1d2
Warning; Bestmove does not match beginning of last PV - move e2e3 from B
Info; info depth 18 seldepth 24 multipv 1 score cp 819 nodes 337276 nps 1124253 hashfull 144 tbhits 0 time 300 pv d2e3 b5b4 a3b3 d7d5 e4g6 f7g5 f2f4 e6e5 d3e5 f8f4 c3a4 b6a7 e1d1 f4f8 g6d3 h4h3 g2h3
Position; fen rnbqkbnr/p1ppppp1/B6p/1p6/8/4P3/PPPP1PPP/RNBQK1NR w KQkq - 0 3
Moves; a6c8 a7a5 c8b7 c7c6 b7a8 d8b6 a2a4 h6h5 g1f3 e7e6 d1e2 b8a6 f3e5 g7g6 e5d3 a6c7 a1a2 g8h6 b1c3 f8a3 a4b5 e8g8 a2a1 c6b5 a8e4 f7f5 a1a3 h6f7 e4f3 f5f4 f3e4 h5h4 h1g1 f4e3
Warning; Bestmove does not match beginning of last PV - move g7g8 from B
Info; info depth 245 seldepth 2 multipv 1 score mate 1 nodes 873708 nps 4722745 hashfull 5 tbhits 0 time 185 pv g7e7
Position; fen rnbqkbnr/pppp1pp1/4p2p/8/P7/1P6/2PPPPPP/RNBQKBNR w KQkq - 0 3
Moves; e2e3 c7c6 c1b2 d8b6 d1f3 f8b4 b2g7 b4d2 e1d1 d2b4 f1d3 f7f5 g7h8 b4a3 a1a3 a7a5 f3g3 e8f8 h8b2 g8f6 b2f6 d7d6 g3g7 f8e8
Warning; Bestmove does not match beginning of last PV - move g5g4 from B
Info; info depth 16 seldepth 24 multipv 1 score cp 599 nodes 241954 nps 806513 hashfull 95 tbhits 0 time 300 pv c7g3 e1d1 g3f4 h1g1 g5g4 f3d4 f4h2 g1e1 h2h6 d4b5 f6e4 b5c7 e8f7 d2d3 e4f2 d1c2
Position; fen rnbqkbnr/pppp1pp1/4p2p/8/P7/1P6/2PPPPPP/RNBQKBNR w KQkq - 0 3
Moves; b3b4 f8b4 c2c3 b4f8 f2f4 g8f6 b1a3 b7b6 g2g3 d7d5 a3b5 c8b7 b5c7 d8c7 c1a3 b8d7 a3f8 h8f8 f1h3 f8h8 d1c1 g7g5 h3e6 f7e6 f4g5 h6g5 g1f3
Warning; Bestmove does not match beginning of last PV - move g8h7 from B
Info; info depth 245 seldepth 2 multipv 1 score mate 1 nodes 865621 nps 4704461 hashfull 5 tbhits 0 time 184 pv g8f7
Position; fen rnbqkbnr/pppp1pp1/4p2p/8/P7/1P6/2PPPPPP/RNBQKBNR w KQkq - 0 3
Moves; e2e3 c7c6 c1b2 d8b6 d1f3 f8b4 b2g7 b4d2 e1d1 d2b4 f1d3 f7f5 g7h8 b4a3 a1a3 a7a5 f3g3 e8f8 h8b2 g8f6 b2f6 d7d6 g3g7 f8e8 g7g8 e8d7
Warning; Bestmove does not match beginning of last PV - move a3a4 from B
Info; info depth 18 seldepth 24 multipv 1 score cp 1000 nodes 378937 nps 1263123 hashfull 155 tbhits 0 time 300 pv e3b6 c7e8 f2f3 e8d6 b6a5 b4a3 e4g6 d6c4 g6f7 g8f7 a5h5 f7e7 h5c5 e7e8 c5c4 a3b2 c1b2
Position; fen rnbqkbnr/p1ppppp1/B6p/1p6/8/4P3/PPPP1PPP/RNBQK1NR w KQkq - 0 3
Moves; a6c8 a7a5 c8b7 c7c6 b7a8 d8b6 a2a4 h6h5 g1f3 e7e6 d1e2 b8a6 f3e5 g7g6 e5d3 a6c7 a1a2 g8h6 b1c3 f8a3 a4b5 e8g8 a2a1 c6b5 a8e4 f7f5 a1a3 h6f7 e4f3 f5f4 f3e4 h5h4 h1g1 f4e3 e2e3 b5b4
Finished game 16 (B vs A): 1-0 {White mates}
Warning; Bestmove does not match beginning of last PV - move e4d5 from B
Info; info depth 19 seldepth 25 multipv 1 score cp 919 nodes 347704 nps 1159013 hashfull 147 tbhits 0 time 300 pv c3d5 b6d8 d5f4 f7g5 f4h3 g5e4 e3e4 f8f5 e1d1 b4b3 c2b3 d8b8 a4a3 b8h2 g1e1 d7d5 e4e6 g8g7
Position; fen rnbqkbnr/p1ppppp1/B6p/1p6/8/4P3/PPPP1PPP/RNBQK1NR w KQkq - 0 3
Moves; a6c8 a7a5 c8b7 c7c6 b7a8 d8b6 a2a4 h6h5 g1f3 e7e6 d1e2 b8a6 f3e5 g7g6 e5d3 a6c7 a1a2 g8h6 b1c3 f8a3 a4b5 e8g8 a2a1 c6b5 a8e4 f7f5 a1a3 h6f7 e4f3 f5f4 f3e4 h5h4 h1g1 f4e3 e2e3 b5b4 a3a4 c7d5
Warning; Bestmove does not match beginning of last PV - move d5a2 from B
Info; info depth 18 seldepth 22 multipv 1 score cp 925 nodes 330797 nps 1102656 hashfull 132 tbhits 0 time 300 pv d5b3 b4c3 d2c3 f7d6 e3e2 d6f5 b3a2 g8h7 f2f4 d7d5
Position; fen rnbqkbnr/p1ppppp1/B6p/1p6/8/4P3/PPPP1PPP/RNBQK1NR w KQkq - 0 3
Moves; a6c8 a7a5 c8b7 c7c6 b7a8 d8b6 a2a4 h6h5 g1f3 e7e6 d1e2 b8a6 f3e5 g7g6 e5d3 a6c7 a1a2 g8h6 b1c3 f8a3 a4b5 e8g8 a2a1 c6b5 a8e4 f7f5 a1a3 h6f7 e4f3 f5f4 f3e4 h5h4 h1g1 f4e3 e2e3 b5b4 a3a4 c7d5 e4d5 b6d8
Finished game 13 (A vs B): 0-1 {Black mates}
Warning; Bestmove does not match beginning of last PV - move a4b4 from B
Info; info depth 17 seldepth 29 multipv 1 score cp 945 nodes 324830 nps 1082766 hashfull 147 tbhits 0 time 300 pv e1d1 d7d5 c3e2 e6e5 f2f3 e5e4 f3e4 d8e8 a2d5 f7e5 d3e5
Position; fen rnbqkbnr/p1ppppp1/B6p/1p6/8/4P3/PPPP1PPP/RNBQK1NR w KQkq - 0 3
Moves; a6c8 a7a5 c8b7 c7c6 b7a8 d8b6 a2a4 h6h5 g1f3 e7e6 d1e2 b8a6 f3e5 g7g6 e5d3 a6c7 a1a2 g8h6 b1c3 f8a3 a4b5 e8g8 a2a1 c6b5 a8e4 f7f5 a1a3 h6f7 e4f3 f5f4 f3e4 h5h4 h1g1 f4e3 e2e3 b5b4 a3a4 c7d5 e4d5 b6d8 d5a2 g8h7
Warning; Bestmove does not match beginning of last PV - move f2f4 from B
Info; info depth 17 seldepth 23 multipv 1 score cp 830 nodes 303317 nps 1011056 hashfull 117 tbhits 0 time 300 pv b2b3 f8e8 d3b4 e6e5 c2c3 d7d5 e3d3 f7g5 d3d5 d8d5 b4d5 e8a8 f2f3 a8a2
Position; fen rnbqkbnr/p1ppppp1/B6p/1p6/8/4P3/PPPP1PPP/RNBQK1NR w KQkq - 0 3
Moves; a6c8 a7a5 c8b7 c7c6 b7a8 d8b6 a2a4 h6h5 g1f3 e7e6 d1e2 b8a6 f3e5 g7g6 e5d3 a6c7 a1a2 g8h6 b1c3 f8a3 a4b5 e8g8 a2a1 c6b5 a8e4 f7f5 a1a3 h6f7 e4f3 f5f4 f3e4 h5h4 h1g1 f4e3 e2e3 b5b4 a3a4 c7d5 e4d5 b6d8 d5a2 g8h7 a4b4 a5b4 c3e2 h7g7
Warning; Bestmove does not match beginning of last PV - move d3b4 from B
Info; info depth 17 seldepth 22 multipv 1 score cp 859 nodes 306461 nps 1021536 hashfull 100 tbhits 0 time 300 pv e3d4 f6e7 d4b4 f7d6 b2b3 d8a8 c1a3 a8a6 e2c1 f8a8 b4d6 a6d6 a3d6 e7d6
Position; fen rnbqkbnr/p1ppppp1/B6p/1p6/8/4P3/PPPP1PPP/RNBQK1NR w KQkq - 0 3
Moves; a6c8 a7a5 c8b7 c7c6 b7a8 d8b6 a2a4 h6h5 g1f3 e7e6 d1e2 b8a6 f3e5 g7g6 e5d3 a6c7 a1a2 g8h6 b1c3 f8a3 a4b5 e8g8 a2a1 c6b5 a8e4 f7f5 a1a3 h6f7 e4f3 f5f4 f3e4 h5h4 h1g1 f4e3 e2e3 b5b4 a3a4 c7d5 e4d5 b6d8 d5a2 g8h7 a4b4 a5b4 c3e2 h7g7 f2f4 g7f6
Warning; Bestmove does not match beginning of last PV - move c2c3 from B
Info; info depth 17 seldepth 25 multipv 1 score cp 864 nodes 314706 nps 1049020 hashfull 118 tbhits 0 time 300 pv g2h3 d8a8 a2b1 f6e7 b2b3 f7d6 e3g3 f8g8
Position; fen rnbqkbnr/p1ppppp1/B6p/1p6/8/4P3/PPPP1PPP/RNBQK1NR w KQkq - 0 3
Moves; a6c8 a7a5 c8b7 c7c6 b7a8 d8b6 a2a4 h6h5 g1f3 e7e6 d1e2 b8a6 f3e5 g7g6 e5d3 a6c7 a1a2 g8h6 b1c3 f8a3 a4b5 e8g8 a2a1 c6b5 a8e4 f7f5 a1a3 h6f7 e4f3 f5f4 f3e4 h5h4 h1g1 f4e3 e2e3 b5b4 a3a4 c7d5 e4d5 b6d8 d5a2 g8h7 a4b4 a5b4 c3e2 h7g7 f2f4 g7f6 d3b4 h4h3
Warning; Bestmove does not match beginning of last PV - move e2f2 from B
Info; info depth 245 seldepth 2 multipv 1 score mate 1 nodes 62866 nps 4191066 hashfull 0 tbhits 0 time 15 pv e4g3
Position; fen rnbqkbnr/pppp1pp1/4p2p/8/P7/1P6/2PPPPPP/RNBQKBNR w KQkq - 0 3
Moves; b3b4 f8b4 c2c3 b4f8 f2f4 g8f6 b1a3 b7b6 g2g3 d7d5 a3b5 c8b7 b5c7 d8c7 c1a3 b8d7 a3f8 h8f8 f1h3 f8h8 d1c1 g7g5 h3e6 f7e6 f4g5 h6g5 g1f3 g5g4 a1a2 c7g3 h2g3 h8h1 e1f2 h1c1 f3e1 f6e4 f2g2 c1e1 e2e3 e1e2 g2g1 d7e5 a2b2 e5f3 g1f1
Finished game 15 (A vs B): 0-1 {Black mates}
Warning; Bestmove does not match beginning of last PV - move a2e6 from B
Info; info depth 17 seldepth 24 multipv 1 score cp 904 nodes 321495 nps 1071650 hashfull 115 tbhits 0 time 300 pv a2b1 e8a8 d2d4 d6f5 b1f5 g6f5 e3e5 f6e7 d4d5 f8h8 d5e6 d7e6 e5c7 e7f8
Position; fen rnbqkbnr/p1ppppp1/B6p/1p6/8/4P3/PPPP1PPP/RNBQK1NR w KQkq - 0 3
Moves; a6c8 a7a5 c8b7 c7c6 b7a8 d8b6 a2a4 h6h5 g1f3 e7e6 d1e2 b8a6 f3e5 g7g6 e5d3 a6c7 a1a2 g8h6 b1c3 f8a3 a4b5 e8g8 a2a1 c6b5 a8e4 f7f5 a1a3 h6f7 e4f3 f5f4 f3e4 h5h4 h1g1 f4e3 e2e3 b5b4 a3a4 c7d5 e4d5 b6d8 d5a2 g8h7 a4b4 a5b4 c3e2 h7g7 f2f4 g7f6 d3b4 h4h3 c2c3 d8e8 g2h3 f7d6
Warning; Bestmove does not match beginning of last PV - move e6b3 from B
Info; info depth 19 seldepth 6 multipv 1 score mate 3 nodes 364568 nps 1215226 hashfull 133 tbhits 0 time 300 pv e3e5 f6e7 b4d5 e7d8 e5b8
Position; fen rnbqkbnr/p1ppppp1/B6p/1p6/8/4P3/PPPP1PPP/RNBQK1NR w KQkq - 0 3
Moves; a6c8 a7a5 c8b7 c7c6 b7a8 d8b6 a2a4 h6h5 g1f3 e7e6 d1e2 b8a6 f3e5 g7g6 e5d3 a6c7 a1a2 g8h6 b1c3 f8a3 a4b5 e8g8 a2a1 c6b5 a8e4 f7f5 a1a3 h6f7 e4f3 f5f4 f3e4 h5h4 h1g1 f4e3 e2e3 b5b4 a3a4 c7d5 e4d5 b6d8 d5a2 g8h7 a4b4 a5b4 c3e2 h7g7 f2f4 g7f6 d3b4 h4h3 c2c3 d8e8 g2h3 f7d6 a2e6 d6b5
Warning; Bestmove does not match beginning of last PV - move d2e3 from B
Info; info depth 17 seldepth 24 multipv 1 score cp 951 nodes 283893 nps 946310 hashfull 114 tbhits 0 time 300 pv b4d5 f6g7 d5e3 f8h8 g1g3 h8e8 f4f5 g7h8 g3g6 e8e5 g6g8 h8h7 g8g3 b5d6
Position; fen rnbqkbnr/p1ppppp1/B6p/1p6/8/4P3/PPPP1PPP/RNBQK1NR w KQkq - 0 3
Moves; a6c8 a7a5 c8b7 c7c6 b7a8 d8b6 a2a4 h6h5 g1f3 e7e6 d1e2 b8a6 f3e5 g7g6 e5d3 a6c7 a1a2 g8h6 b1c3 f8a3 a4b5 e8g8 a2a1 c6b5 a8e4 f7f5 a1a3 h6f7 e4f3 f5f4 f3e4 h5h4 h1g1 f4e3 e2e3 b5b4 a3a4 c7d5 e4d5 b6d8 d5a2 g8h7 a4b4 a5b4 c3e2 h7g7 f2f4 g7f6 d3b4 h4h3 c2c3 d8e8 g2h3 f7d6 a2e6 d6b5 e6b3 e8e3
Warning; Bestmove does not match beginning of last PV - move e2g3 from B
Info; info depth 17 seldepth 26 multipv 1 score cp 953 nodes 381783 nps 1272610 hashfull 161 tbhits 0 time 300 pv e3e4 b5d6 b3d5 f8e8 e4e5 d6f5 e2g3 g7h7 g3f5 g6f5 g1g3 e8e5 f4e5 f5f4 c1f4 d7d6 e5e6
Position; fen rnbqkbnr/p1ppppp1/B6p/1p6/8/4P3/PPPP1PPP/RNBQK1NR w KQkq - 0 3
Moves; a6c8 a7a5 c8b7 c7c6 b7a8 d8b6 a2a4 h6h5 g1f3 e7e6 d1e2 b8a6 f3e5 g7g6 e5d3 a6c7 a1a2 g8h6 b1c3 f8a3 a4b5 e8g8 a2a1 c6b5 a8e4 f7f5 a1a3 h6f7 e4f3 f5f4 f3e4 h5h4 h1g1 f4e3 e2e3 b5b4 a3a4 c7d5 e4d5 b6d8 d5a2 g8h7 a4b4 a5b4 c3e2 h7g7 f2f4 g7f6 d3b4 h4h3 c2c3 d8e8 g2h3 f7d6 a2e6 d6b5 e6b3 e8e3 d2e3 f6g7
Warning; Bestmove does not match beginning of last PV - move e3f4 from B
Info; info depth 19 seldepth 20 multipv 1 score cp 1045 nodes 420284 nps 1400946 hashfull 167 tbhits 0 time 300 pv g3h5 g7h8 h5f4 g6g5 f4e2 d7d5 b3d5 b5d6 b2b3 d6f5 e3e4 f5e7 g1g3 e7d5 b4d5
Position; fen rnbqkbnr/p1ppppp1/B6p/1p6/8/4P3/PPPP1PPP/RNBQK1NR w KQkq - 0 3
Moves; a6c8 a7a5 c8b7 c7c6 b7a8 d8b6 a2a4 h6h5 g1f3 e7e6 d1e2 b8a6 f3e5 g7g6 e5d3 a6c7 a1a2 g8h6 b1c3 f8a3 a4b5 e8g8 a2a1 c6b5 a8e4 f7f5 a1a3 h6f7 e4f3 f5f4 f3e4 h5h4 h1g1 f4e3 e2e3 b5b4 a3a4 c7d5 e4d5 b6d8 d5a2 g8h7 a4b4 a5b4 c3e2 h7g7 f2f4 g7f6 d3b4 h4h3 c2c3 d8e8 g2h3 f7d6 a2e6 d6b5 e6b3 e8e3 d2e3 f6g7 e2g3 f8f4
Warning; Bestmove does not match beginning of last PV - move b4a2 from B
Info; info depth 18 seldepth 20 multipv 1 score cp 1051 nodes 447569 nps 1491896 hashfull 159 tbhits 0 time 300 pv b4d5 b5d6 c1e3 g7h7 e3c5 d6b7 c5b4 g6g5 f4f5 g5g4 g3e2 b7d6 b4d6 g4g3 g1g3
Position; fen rnbqkbnr/p1ppppp1/B6p/1p6/8/4P3/PPPP1PPP/RNBQK1NR w KQkq - 0 3
Moves; a6c8 a7a5 c8b7 c7c6 b7a8 d8b6 a2a4 h6h5 g1f3 e7e6 d1e2 b8a6 f3e5 g7g6 e5d3 a6c7 a1a2 g8h6 b1c3 f8a3 a4b5 e8g8 a2a1 c6b5 a8e4 f7f5 a1a3 h6f7 e4f3 f5f4 f3e4 h5h4 h1g1 f4e3 e2e3 b5b4 a3a4 c7d5 e4d5 b6d8 d5a2 g8h7 a4b4 a5b4 c3e2 h7g7 f2f4 g7f6 d3b4 h4h3 c2c3 d8e8 g2h3 f7d6 a2e6 d6b5 e6b3 e8e3 d2e3 f6g7 e2g3 f8f4 e3f4 d7d5
Warning; Bestmove does not match beginning of last PV - move g3f5 from B
Info; info depth 18 seldepth 37 multipv 1 score cp 1117 nodes 458050 nps 1526833 hashfull 144 tbhits 0 time 300 pv f4g5 b5c7 d5e4 h8g8 g5g6 c7e8 c1e3 e8g7 c3c4 g7e6 a2c3 g8f8 g3f5 e6g7 e3h6 f8e8 h6g7 e8d7 g1g3 d7c8 e4d5 c8b8 c4c5
Position; fen rnbqkbnr/p1ppppp1/B6p/1p6/8/4P3/PPPP1PPP/RNBQK1NR w KQkq - 0 3
Moves; a6c8 a7a5 c8b7 c7c6 b7a8 d8b6 a2a4 h6h5 g1f3 e7e6 d1e2 b8a6 f3e5 g7g6 e5d3 a6c7 a1a2 g8h6 b1c3 f8a3 a4b5 e8g8 a2a1 c6b5 a8e4 f7f5 a1a3 h6f7 e4f3 f5f4 f3e4 h5h4 h1g1 f4e3 e2e3 b5b4 a3a4 c7d5 e4d5 b6d8 d5a2 g8h7 a4b4 a5b4 c3e2 h7g7 f2f4 g7f6 d3b4 h4h3 c2c3 d8e8 g2h3 f7d6 a2e6 d6b5 e6b3 e8e3 d2e3 f6g7 e2g3 f8f4 e3f4 d7d5 b4a2 g7h8 b3d5 g6g5
Warning; Bestmove does not match beginning of last PV - move h3g4 from B
Info; info depth 41 seldepth 6 multipv 1 score mate 3 nodes 444999 nps 1483330 hashfull 97 tbhits 0 time 300 pv g1g4 h8h7 d5f7 b5a3 g4h4
Position; fen rnbqkbnr/p1ppppp1/B6p/1p6/8/4P3/PPPP1PPP/RNBQK1NR w KQkq - 0 3
Moves; a6c8 a7a5 c8b7 c7c6 b7a8 d8b6 a2a4 h6h5 g1f3 e7e6 d1e2 b8a6 f3e5 g7g6 e5d3 a6c7 a1a2 g8h6 b1c3 f8a3 a4b5 e8g8 a2a1 c6b5 a8e4 f7f5 a1a3 h6f7 e4f3 f5f4 f3e4 h5h4 h1g1 f4e3 e2e3 b5b4 a3a4 c7d5 e4d5 b6d8 d5a2 g8h7 a4b4 a5b4 c3e2 h7g7 f2f4 g7f6 d3b4 h4h3 c2c3 d8e8 g2h3 f7d6 a2e6 d6b5 e6b3 e8e3 d2e3 f6g7 e2g3 f8f4 e3f4 d7d5 b4a2 g7h8 b3d5 g6g5 g3f5 g5g4
Warning; Bestmove does not match beginning of last PV - move c3c4 from B
Info; info depth 63 seldepth 8 multipv 1 score mate 4 nodes 889334 nps 2964446 hashfull 55 tbhits 0 time 300 pv b2a3 h8h7 g1g3 h7g6 g3h3 g6f6 h3h6
Position; fen rnbqkbnr/p1ppppp1/B6p/1p6/8/4P3/PPPP1PPP/RNBQK1NR w KQkq - 0 3
Moves; a6c8 a7a5 c8b7 c7c6 b7a8 d8b6 a2a4 h6h5 g1f3 e7e6 d1e2 b8a6 f3e5 g7g6 e5d3 a6c7 a1a2 g8h6 b1c3 f8a3 a4b5 e8g8 a2a1 c6b5 a8e4 f7f5 a1a3 h6f7 e4f3 f5f4 f3e4 h5h4 h1g1 f4e3 e2e3 b5b4 a3a4 c7d5 e4d5 b6d8 d5a2 g8h7 a4b4 a5b4 c3e2 h7g7 f2f4 g7f6 d3b4 h4h3 c2c3 d8e8 g2h3 f7d6 a2e6 d6b5 e6b3 e8e3 d2e3 f6g7 e2g3 f8f4 e3f4 d7d5 b4a2 g7h8 b3d5 g6g5 g3f5 g5g4 h3g4 b5a3
Warning; Bestmove does not match beginning of last PV - move e1d2 from B
Info; info depth 51 seldepth 12 multipv 1 score mate 6 nodes 516168 nps 1720560 hashfull 89 tbhits 0 time 300 pv e1f1 c2d4 d5f7 d4f5 g4f5 h8h7 g1g3 h7h6 f5f6 h6h7 g3h3
Position; fen rnbqkbnr/p1ppppp1/B6p/1p6/8/4P3/PPPP1PPP/RNBQK1NR w KQkq - 0 3
Moves; a6c8 a7a5 c8b7 c7c6 b7a8 d8b6 a2a4 h6h5 g1f3 e7e6 d1e2 b8a6 f3e5 g7g6 e5d3 a6c7 a1a2 g8h6 b1c3 f8a3 a4b5 e8g8 a2a1 c6b5 a8e4 f7f5 a1a3 h6f7 e4f3 f5f4 f3e4 h5h4 h1g1 f4e3 e2e3 b5b4 a3a4 c7d5 e4d5 b6d8 d5a2 g8h7 a4b4 a5b4 c3e2 h7g7 f2f4 g7f6 d3b4 h4h3 c2c3 d8e8 g2h3 f7d6 a2e6 d6b5 e6b3 e8e3 d2e3 f6g7 e2g3 f8f4 e3f4 d7d5 b4a2 g7h8 b3d5 g6g5 g3f5 g5g4 h3g4 b5a3 c3c4 a3c2
Warning; Bestmove does not match beginning of last PV - move g1d1 from B
Info; info depth 63 seldepth 8 multipv 1 score mate 4 nodes 803718 nps 2679060 hashfull 49 tbhits 0 time 300 pv b2a3 h8h7 g1g3 h7g6 g3h3 g6f6 h3h6
Position; fen rnbqkbnr/p1ppppp1/B6p/1p6/8/4P3/PPPP1PPP/RNBQK1NR w KQkq - 0 3
Moves; a6c8 a7a5 c8b7 c7c6 b7a8 d8b6 a2a4 h6h5 g1f3 e7e6 d1e2 b8a6 f3e5 g7g6 e5d3 a6c7 a1a2 g8h6 b1c3 f8a3 a4b5 e8g8 a2a1 c6b5 a8e4 f7f5 a1a3 h6f7 e4f3 f5f4 f3e4 h5h4 h1g1 f4e3 e2e3 b5b4 a3a4 c7d5 e4d5 b6d8 d5a2 g8h7 a4b4 a5b4 c3e2 h7g7 f2f4 g7f6 d3b4 h4h3 c2c3 d8e8 g2h3 f7d6 a2e6 d6b5 e6b3 e8e3 d2e3 f6g7 e2g3 f8f4 e3f4 d7d5 b4a2 g7h8 b3d5 g6g5 g3f5 g5g4 h3g4 b5a3 c3c4 a3c2 e1d2 c2a3
Warning; Bestmove does not match beginning of last PV - move d2e1 from B
Info; info depth 67 seldepth 10 multipv 1 score mate 5 nodes 816865 nps 2722883 hashfull 54 tbhits 0 time 300 pv d2e2 h8h7 d1d3 h7g6 d3h3 b1c3 a2c3 g6f6 h3h6
Position; fen rnbqkbnr/p1ppppp1/B6p/1p6/8/4P3/PPPP1PPP/RNBQK1NR w KQkq - 0 3
Moves; a6c8 a7a5 c8b7 c7c6 b7a8 d8b6 a2a4 h6h5 g1f3 e7e6 d1e2 b8a6 f3e5 g7g6 e5d3 a6c7 a1a2 g8h6 b1c3 f8a3 a4b5 e8g8 a2a1 c6b5 a8e4 f7f5 a1a3 h6f7 e4f3 f5f4 f3e4 h5h4 h1g1 f4e3 e2e3 b5b4 a3a4 c7d5 e4d5 b6d8 d5a2 g8h7 a4b4 a5b4 c3e2 h7g7 f2f4 g7f6 d3b4 h4h3 c2c3 d8e8 g2h3 f7d6 a2e6 d6b5 e6b3 e8e3 d2e3 f6g7 e2g3 f8f4 e3f4 d7d5 b4a2 g7h8 b3d5 g6g5 g3f5 g5g4 h3g4 b5a3 c3c4 a3c2 e1d2 c2a3 g1d1 a3b1
Warning; Bestmove does not match beginning of last PV - move h2h4 from B
Info; info depth 57 seldepth 6 multipv 1 score mate 3 nodes 698423 nps 2328076 hashfull 75 tbhits 0 time 300 pv d1d3 h7g6 d3h3 g6f6 h3h6
Position; fen rnbqkbnr/p1ppppp1/B6p/1p6/8/4P3/PPPP1PPP/RNBQK1NR w KQkq - 0 3
Moves; a6c8 a7a5 c8b7 c7c6 b7a8 d8b6 a2a4 h6h5 g1f3 e7e6 d1e2 b8a6 f3e5 g7g6 e5d3 a6c7 a1a2 g8h6 b1c3 f8a3 a4b5 e8g8 a2a1 c6b5 a8e4 f7f5 a1a3 h6f7 e4f3 f5f4 f3e4 h5h4 h1g1 f4e3 e2e3 b5b4 a3a4 c7d5 e4d5 b6d8 d5a2 g8h7 a4b4 a5b4 c3e2 h7g7 f2f4 g7f6 d3b4 h4h3 c2c3 d8e8 g2h3 f7d6 a2e6 d6b5 e6b3 e8e3 d2e3 f6g7 e2g3 f8f4 e3f4 d7d5 b4a2 g7h8 b3d5 g6g5 g3f5 g5g4 h3g4 b5a3 c3c4 a3c2 e1d2 c2a3 g1d1 a3b1 d2e1 h8h7
Warning; Bestmove does not match beginning of last PV - move e1d2 from B
Info; info depth 61 seldepth 8 multipv 1 score mate 4 nodes 712340 nps 2374466 hashfull 67 tbhits 0 time 300 pv b2a3 h7h8 d5f7 h8h7 d1d6 h7h8 d6h6
Position; fen rnbqkbnr/p1ppppp1/B6p/1p6/8/4P3/PPPP1PPP/RNBQK1NR w KQkq - 0 3
Moves; a6c8 a7a5 c8b7 c7c6 b7a8 d8b6 a2a4 h6h5 g1f3 e7e6 d1e2 b8a6 f3e5 g7g6 e5d3 a6c7 a1a2 g8h6 b1c3 f8a3 a4b5 e8g8 a2a1 c6b5 a8e4 f7f5 a1a3 h6f7 e4f3 f5f4 f3e4 h5h4 h1g1 f4e3 e2e3 b5b4 a3a4 c7d5 e4d5 b6d8 d5a2 g8h7 a4b4 a5b4 c3e2 h7g7 f2f4 g7f6 d3b4 h4h3 c2c3 d8e8 g2h3 f7d6 a2e6 d6b5 e6b3 e8e3 d2e3 f6g7 e2g3 f8f4 e3f4 d7d5 b4a2 g7h8 b3d5 g6g5 g3f5 g5g4 h3g4 b5a3 c3c4 a3c2 e1d2 c2a3 g1d1 a3b1 d2e1 h8h7 h2h4 b1a3
Warning; Bestmove does not match beginning of last PV - move d2c2 from B
Info; info depth 74 seldepth 10 multipv 1 score mate 5 nodes 1002229 nps 3340763 hashfull 53 tbhits 0 time 300 pv d2e3 h7h8 d5f7 b1d2 d1d2 h8h7 d2d6 h7h8 d6h6
Position; fen rnbqkbnr/p1ppppp1/B6p/1p6/8/4P3/PPPP1PPP/RNBQK1NR w KQkq - 0 3
Moves; a6c8 a7a5 c8b7 c7c6 b7a8 d8b6 a2a4 h6h5 g1f3 e7e6 d1e2 b8a6 f3e5 g7g6 e5d3 a6c7 a1a2 g8h6 b1c3 f8a3 a4b5 e8g8 a2a1 c6b5 a8e4 f7f5 a1a3 h6f7 e4f3 f5f4 f3e4 h5h4 h1g1 f4e3 e2e3 b5b4 a3a4 c7d5 e4d5 b6d8 d5a2 g8h7 a4b4 a5b4 c3e2 h7g7 f2f4 g7f6 d3b4 h4h3 c2c3 d8e8 g2h3 f7d6 a2e6 d6b5 e6b3 e8e3 d2e3 f6g7 e2g3 f8f4 e3f4 d7d5 b4a2 g7h8 b3d5 g6g5 g3f5 g5g4 h3g4 b5a3 c3c4 a3c2 e1d2 c2a3 g1d1 a3b1 d2e1 h8h7 h2h4 b1a3 e1d2 a3b1
Warning; Bestmove does not match beginning of last PV - move c2b1 from B
Info; info depth 60 seldepth 8 multipv 1 score mate 4 nodes 773828 nps 2579426 hashfull 77 tbhits 0 time 300 pv d5f7 b1d2 d1d2 h8h7 d2d6 h7h8 d6h6
Position; fen rnbqkbnr/p1ppppp1/B6p/1p6/8/4P3/PPPP1PPP/RNBQK1NR w KQkq - 0 3
Moves; a6c8 a7a5 c8b7 c7c6 b7a8 d8b6 a2a4 h6h5 g1f3 e7e6 d1e2 b8a6 f3e5 g7g6 e5d3 a6c7 a1a2 g8h6 b1c3 f8a3 a4b5 e8g8 a2a1 c6b5 a8e4 f7f5 a1a3 h6f7 e4f3 f5f4 f3e4 h5h4 h1g1 f4e3 e2e3 b5b4 a3a4 c7d5 e4d5 b6d8 d5a2 g8h7 a4b4 a5b4 c3e2 h7g7 f2f4 g7f6 d3b4 h4h3 c2c3 d8e8 g2h3 f7d6 a2e6 d6b5 e6b3 e8e3 d2e3 f6g7 e2g3 f8f4 e3f4 d7d5 b4a2 g7h8 b3d5 g6g5 g3f5 g5g4 h3g4 b5a3 c3c4 a3c2 e1d2 c2a3 g1d1 a3b1 d2e1 h8h7 h2h4 b1a3 e1d2 a3b1 d2c2 h7h8
Warning; Bestmove does not match beginning of last PV - move c4c5 from B
Info; info depth 135 seldepth 6 multipv 1 score mate 3 nodes 1502987 nps 5009956 hashfull 11 tbhits 0 time 300 pv d5f7 h7h8 d1d6 h8h7 d6h6
Position; fen rnbqkbnr/p1ppppp1/B6p/1p6/8/4P3/PPPP1PPP/RNBQK1NR w KQkq - 0 3
Moves; a6c8 a7a5 c8b7 c7c6 b7a8 d8b6 a2a4 h6h5 g1f3 e7e6 d1e2 b8a6 f3e5 g7g6 e5d3 a6c7 a1a2 g8h6 b1c3 f8a3 a4b5 e8g8 a2a1 c6b5 a8e4 f7f5 a1a3 h6f7 e4f3 f5f4 f3e4 h5h4 h1g1 f4e3 e2e3 b5b4 a3a4 c7d5 e4d5 b6d8 d5a2 g8h7 a4b4 a5b4 c3e2 h7g7 f2f4 g7f6 d3b4 h4h3 c2c3 d8e8 g2h3 f7d6 a2e6 d6b5 e6b3 e8e3 d2e3 f6g7 e2g3 f8f4 e3f4 d7d5 b4a2 g7h8 b3d5 g6g5 g3f5 g5g4 h3g4 b5a3 c3c4 a3c2 e1d2 c2a3 g1d1 a3b1 d2e1 h8h7 h2h4 b1a3 e1d2 a3b1 d2c2 h7h8 c2b1 h8h7
Warning; Bestmove does not match beginning of last PV - move g4g5 from B
Info; info depth 130 seldepth 6 multipv 1 score mate 3 nodes 1371138 nps 4570460 hashfull 16 tbhits 0 time 300 pv d5f7 h8h7 d1d6 h7h8 d6h6
Position; fen rnbqkbnr/p1ppppp1/B6p/1p6/8/4P3/PPPP1PPP/RNBQK1NR w KQkq - 0 3
Moves; a6c8 a7a5 c8b7 c7c6 b7a8 d8b6 a2a4 h6h5 g1f3 e7e6 d1e2 b8a6 f3e5 g7g6 e5d3 a6c7 a1a2 g8h6 b1c3 f8a3 a4b5 e8g8 a2a1 c6b5 a8e4 f7f5 a1a3 h6f7 e4f3 f5f4 f3e4 h5h4 h1g1 f4e3 e2e3 b5b4 a3a4 c7d5 e4d5 b6d8 d5a2 g8h7 a4b4 a5b4 c3e2 h7g7 f2f4 g7f6 d3b4 h4h3 c2c3 d8e8 g2h3 f7d6 a2e6 d6b5 e6b3 e8e3 d2e3 f6g7 e2g3 f8f4 e3f4 d7d5 b4a2 g7h8 b3d5 g6g5 g3f5 g5g4 h3g4 b5a3 c3c4 a3c2 e1d2 c2a3 g1d1 a3b1 d2e1 h8h7 h2h4 b1a3 e1d2 a3b1 d2c2 h7h8 c2b1 h8h7 c4c5 h7h8
Warning; Bestmove does not match beginning of last PV - move a2c3 from B
Info; info depth 245 seldepth 4 multipv 1 score mate 2 nodes 239538 nps 4519584 hashfull 0 tbhits 0 time 53 pv d1d6 h8h7 d6h6
Position; fen rnbqkbnr/p1ppppp1/B6p/1p6/8/4P3/PPPP1PPP/RNBQK1NR w KQkq - 0 3
Moves; a6c8 a7a5 c8b7 c7c6 b7a8 d8b6 a2a4 h6h5 g1f3 e7e6 d1e2 b8a6 f3e5 g7g6 e5d3 a6c7 a1a2 g8h6 b1c3 f8a3 a4b5 e8g8 a2a1 c6b5 a8e4 f7f5 a1a3 h6f7 e4f3 f5f4 f3e4 h5h4 h1g1 f4e3 e2e3 b5b4 a3a4 c7d5 e4d5 b6d8 d5a2 g8h7 a4b4 a5b4 c3e2 h7g7 f2f4 g7f6 d3b4 h4h3 c2c3 d8e8 g2h3 f7d6 a2e6 d6b5 e6b3 e8e3 d2e3 f6g7 e2g3 f8f4 e3f4 d7d5 b4a2 g7h8 b3d5 g6g5 g3f5 g5g4 h3g4 b5a3 c3c4 a3c2 e1d2 c2a3 g1d1 a3b1 d2e1 h8h7 h2h4 b1a3 e1d2 a3b1 d2c2 h7h8 c2b1 h8h7 c4c5 h7h8 g4g5 h8h7 d5f7 h7h8
Warning; Bestmove does not match beginning of last PV - move b1c2 from B
Info; info depth 245 seldepth 4 multipv 1 score mate 2 nodes 368399 nps 4604987 hashfull 0 tbhits 0 time 80 pv g5g6 h7h8 d1d8
Position; fen rnbqkbnr/p1ppppp1/B6p/1p6/8/4P3/PPPP1PPP/RNBQK1NR w KQkq - 0 3
Moves; a6c8 a7a5 c8b7 c7c6 b7a8 d8b6 a2a4 h6h5 g1f3 e7e6 d1e2 b8a6 f3e5 g7g6 e5d3 a6c7 a1a2 g8h6 b1c3 f8a3 a4b5 e8g8 a2a1 c6b5 a8e4 f7f5 a1a3 h6f7 e4f3 f5f4 f3e4 h5h4 h1g1 f4e3 e2e3 b5b4 a3a4 c7d5 e4d5 b6d8 d5a2 g8h7 a4b4 a5b4 c3e2 h7g7 f2f4 g7f6 d3b4 h4h3 c2c3 d8e8 g2h3 f7d6 a2e6 d6b5 e6b3 e8e3 d2e3 f6g7 e2g3 f8f4 e3f4 d7d5 b4a2 g7h8 b3d5 g6g5 g3f5 g5g4 h3g4 b5a3 c3c4 a3c2 e1d2 c2a3 g1d1 a3b1 d2e1 h8h7 h2h4 b1a3 e1d2 a3b1 d2c2 h7h8 c2b1 h8h7 c4c5 h7h8 g4g5 h8h7 d5f7 h7h8 a2c3 h8h7
Warning; Bestmove does not match beginning of last PV - move f7g6 from B
Info; info depth 245 seldepth 4 multipv 1 score mate 2 nodes 345659 nps 4066576 hashfull 0 tbhits 0 time 85 pv d1d6 h8h7 d6h6
Position; fen rnbqkbnr/p1ppppp1/B6p/1p6/8/4P3/PPPP1PPP/RNBQK1NR w KQkq - 0 3
Moves; a6c8 a7a5 c8b7 c7c6 b7a8 d8b6 a2a4 h6h5 g1f3 e7e6 d1e2 b8a6 f3e5 g7g6 e5d3 a6c7 a1a2 g8h6 b1c3 f8a3 a4b5 e8g8 a2a1 c6b5 a8e4 f7f5 a1a3 h6f7 e4f3 f5f4 f3e4 h5h4 h1g1 f4e3 e2e3 b5b4 a3a4 c7d5 e4d5 b6d8 d5a2 g8h7 a4b4 a5b4 c3e2 h7g7 f2f4 g7f6 d3b4 h4h3 c2c3 d8e8 g2h3 f7d6 a2e6 d6b5 e6b3 e8e3 d2e3 f6g7 e2g3 f8f4 e3f4 d7d5 b4a2 g7h8 b3d5 g6g5 g3f5 g5g4 h3g4 b5a3 c3c4 a3c2 e1d2 c2a3 g1d1 a3b1 d2e1 h8h7 h2h4 b1a3 e1d2 a3b1 d2c2 h7h8 c2b1 h8h7 c4c5 h7h8 g4g5 h8h7 d5f7 h7h8 a2c3 h8h7 b1c2 h7h8
Finished game 14 (B vs A): 1-0 {White mates}
--------------------------------------------------
Results of A vs B (0.3/move, NULL - 1t, NULL - 16MB, openings_4ply.epd):
Elo: -inf +/- -nan, nElo: -inf +/- -nan
LOS: 0.00 %, DrawRatio: 0.00 %, PairsRatio: 0.00
Games: 16, Wins: 0, Losses: 16, Draws: 0, Points: 0.0 (0.00 %)
Ptnml(0-2): [8, 0, 0, 0, 0], WL/DD Ratio: -nan
--------------------------------------------------
Finished match
Total Time: 00:00:57 (hours:minutes:seconds)

